BOLSIG+ version: 11/2019
Collision input data:
--------------------------------------------------
N2                                                              
C:\Users\robertm\OneDrive - SINTEF\bolsigplus122019-win\Lisbon-N2-O2-02June2026.txt
--------------------------------------------------
O2                                                              
C:\Users\robertm\OneDrive - SINTEF\bolsigplus122019-win\Lisbon-N2-O2-02June2026.txt
 
 
 
 Conditions
A1     Electric field / N (Td)                                         
A2     Angular frequency / N (m3/s)               0.000    
A3     Cosine of E-B field angle                  0.000    
A4     Gas temperature (K)                        300.0    
A5     Excitation temperature (K)                 300.0    
A6     Transition energy (eV)                     0.000    
A7     Ionization degree                          0.000    
A8     Plasma density (1/m3)                     0.1000E+19
A9     Ion charge parameter                       0.000    
A10    Ion/neutral mass ratio                     1.000    
A11    Coulomb collision model                    1.000    
A12    Energy sharing                             1.000    
A13    Growth model                               1.000    
A14    Maxwellian mean energy (eV)                0.000    
A15    # of grid points                           100.0    
A16    Grid type                                                       
A17    Maximum energy                                                  
A18    Precision                                 0.1000E-09
A19    Convergence                               0.1000E-04
A20    Maximum # of iterations                    2000.    
A21    Mole fraction N2                          0.7900    
A22    Mole fraction O2                          0.2100    
          R#      A1         A16         A17    
           1   1.000       0.000      -1.000    
           2   1.028       3.000       1.906    
           3   1.057       3.000       1.906    
           4   1.087       3.000       1.906    
           5   1.117       3.000       1.906    
           6   1.148       3.000       1.906    
           7   1.181       3.000       1.906    
           8   1.214       3.000       1.906    
           9   1.248       3.000       1.906    
          10   1.283       3.000       1.906    
          11   1.319       3.000       2.222    
          12   1.356       3.000       2.222    
          13   1.394       3.000       2.222    
          14   1.433       3.000       2.222    
          15   1.473       3.000       2.222    
          16   1.515       3.000       2.222    
          17   1.557       3.000       2.222    
          18   1.601       3.000       2.222    
          19   1.646       3.000       2.222    
          20   1.692       3.000       2.222    
          21   1.740       3.000       2.222    
          22   1.789       3.000       2.222    
          23   1.839       3.000       2.222    
          24   1.890       3.000       2.222    
          25   1.943       3.000       2.222    
          26   1.998       3.000       2.222    
          27   2.054       3.000       2.222    
          28   2.112       3.000       2.222    
          29   2.171       3.000       2.222    
          30   2.232       3.000       2.222    
          31   2.295       3.000       2.222    
          32   2.359       3.000       2.222    
          33   2.425       3.000       2.222    
          34   2.493       3.000       2.222    
          35   2.563       3.000       2.222    
          36   2.635       3.000       2.222    
          37   2.709       3.000       2.222    
          38   2.785       3.000       2.222    
          39   2.864       3.000       2.222    
          40   2.944       3.000       2.222    
          41   3.027       3.000       2.222    
          42   3.112       3.000       2.222    
          43   3.199       3.000       2.591    
          44   3.289       3.000       2.591    
          45   3.381       3.000       2.591    
          46   3.476       3.000       2.591    
          47   3.574       3.000       2.591    
          48   3.674       3.000       2.591    
          49   3.777       3.000       2.591    
          50   3.883       3.000       2.591    
          51   3.992       3.000       2.591    
          52   4.104       3.000       2.591    
          53   4.219       3.000       2.591    
          54   4.338       3.000       2.591    
          55   4.460       3.000       2.591    
          56   4.585       3.000       2.591    
          57   4.714       3.000       2.591    
          58   4.846       3.000       2.591    
          59   4.982       3.000       2.591    
          60   5.122       3.000       2.591    
          61   5.266       3.000       2.591    
          62   5.413       3.000       2.591    
          63   5.565       3.000       2.591    
          64   5.722       3.000       2.591    
          65   5.882       3.000       2.591    
          66   6.047       3.000       2.591    
          67   6.217       3.000       2.591    
          68   6.392       3.000       2.591    
          69   6.571       3.000       2.591    
          70   6.756       3.000       2.591    
          71   6.945       3.000       2.591    
          72   7.140       3.000       2.591    
          73   7.341       3.000       2.591    
          74   7.547       3.000       3.020    
          75   7.759       3.000       3.020    
          76   7.976       3.000       3.020    
          77   8.200       3.000       3.020    
          78   8.430       3.000       3.020    
          79   8.667       3.000       3.020    
          80   8.910       3.000       3.020    
          81   9.161       3.000       3.020    
          82   9.418       3.000       3.020    
          83   9.682       3.000       3.020    
          84   9.954       3.000       3.020    
          85   10.23       3.000       3.020    
          86   10.52       3.000       3.020    
          87   10.82       3.000       3.520    
          88   11.12       3.000       3.520    
          89   11.43       3.000       3.520    
          90   11.75       3.000       3.520    
          91   12.08       3.000       3.520    
          92   12.42       3.000       4.101    
          93   12.77       3.000       4.101    
          94   13.13       3.000       5.567    
          95   13.50       3.000       6.485    
          96   13.88       3.000       7.554    
          97   14.27       3.000       7.554    
          98   14.67       3.000       7.554    
          99   15.08       3.000       8.798    
         100   15.50       3.000       8.798    
         101   15.94       3.000       8.798    
         102   16.38       3.000       10.25    
         103   16.84       3.000       10.25    
         104   17.32       3.000       10.25    
         105   17.80       3.000       10.25    
         106   18.30       3.000       10.25    
         107   18.82       3.000       10.25    
         108   19.35       3.000       11.93    
         109   19.89       3.000       11.93    
         110   20.45       3.000       11.93    
         111   21.02       3.000       11.93    
         112   21.61       3.000       11.93    
         113   22.22       3.000       11.93    
         114   22.84       3.000       13.90    
         115   23.48       3.000       13.90    
         116   24.14       3.000       13.90    
         117   24.82       3.000       13.90    
         118   25.52       3.000       13.90    
         119   26.23       3.000       13.90    
         120   26.97       3.000       13.90    
         121   27.73       3.000       13.90    
         122   28.50       3.000       16.18    
         123   29.30       3.000       16.18    
         124   30.13       3.000       16.18    
         125   30.97       3.000       16.18    
         126   31.84       3.000       16.18    
         127   32.74       3.000       16.18    
         128   33.66       3.000       16.18    
         129   34.60       3.000       16.18    
         130   35.57       3.000       16.18    
         131   36.57       3.000       18.85    
         132   37.60       3.000       18.85    
         133   38.65       3.000       18.85    
         134   39.74       3.000       18.85    
         135   40.85       3.000       18.85    
         136   42.00       3.000       18.85    
         137   43.18       3.000       18.85    
         138   44.39       3.000       18.85    
         139   45.64       3.000       21.95    
         140   46.92       3.000       21.95    
         141   48.24       3.000       21.95    
         142   49.59       3.000       21.95    
         143   50.98       3.000       21.95    
         144   52.41       3.000       21.95    
         145   53.88       3.000       21.95    
         146   55.40       3.000       21.95    
         147   56.95       3.000       25.56    
         148   58.55       3.000       25.56    
         149   60.19       3.000       25.56    
         150   61.88       3.000       25.56    
         151   63.62       3.000       25.56    
         152   65.41       3.000       25.56    
         153   67.24       3.000       25.56    
         154   69.13       3.000       29.76    
         155   71.07       3.000       29.76    
         156   73.07       3.000       29.76    
         157   75.12       3.000       29.76    
         158   77.23       3.000       29.76    
         159   79.40       3.000       29.76    
         160   81.63       3.000       29.76    
         161   83.92       3.000       29.76    
         162   86.27       3.000       34.65    
         163   88.69       3.000       34.65    
         164   91.18       3.000       34.65    
         165   93.74       3.000       34.65    
         166   96.38       3.000       34.65    
         167   99.08       3.000       34.65    
         168   101.9       3.000       34.65    
         169   104.7       3.000       34.65    
         170   107.7       3.000       40.35    
         171   110.7       3.000       40.35    
         172   113.8       3.000       40.35    
         173   117.0       3.000       40.35    
         174   120.3       3.000       40.35    
         175   123.6       3.000       40.35    
         176   127.1       3.000       40.35    
         177   130.7       3.000       40.35    
         178   134.4       3.000       46.98    
         179   138.1       3.000       46.98    
         180   142.0       3.000       46.98    
         181   146.0       3.000       46.98    
         182   150.1       3.000       46.98    
         183   154.3       3.000       46.98    
         184   158.6       3.000       46.98    
         185   163.1       3.000       54.70    
         186   167.7       3.000       54.70    
         187   172.4       3.000       54.70    
         188   177.2       3.000       54.70    
         189   182.2       3.000       54.70    
         190   187.3       3.000       54.70    
         191   192.6       3.000       54.70    
         192   198.0       3.000       63.69    
         193   203.5       3.000       63.69    
         194   209.2       3.000       63.69    
         195   215.1       3.000       63.69    
         196   221.2       3.000       63.69    
         197   227.4       3.000       63.69    
         198   233.7       3.000       63.69    
         199   240.3       3.000       74.16    
         200   247.1       3.000       74.16    
         201   254.0       3.000       74.16    
         202   261.1       3.000       74.16    
         203   268.4       3.000       74.16    
         204   276.0       3.000       74.16    
         205   283.7       3.000       86.35    
         206   291.7       3.000       86.35    
         207   299.9       3.000       86.35    
         208   308.3       3.000       86.35    
         209   317.0       3.000       86.35    
         210   325.9       3.000       86.35    
         211   335.0       3.000       100.5    
         212   344.4       3.000       100.5    
         213   354.1       3.000       100.5    
         214   364.0       3.000       100.5    
         215   374.2       3.000       100.5    
         216   384.7       3.000       117.1    
         217   395.5       3.000       117.1    
         218   406.6       3.000       117.1    
         219   418.1       3.000       117.1    
         220   429.8       3.000       117.1    
         221   441.9       3.000       117.1    
         222   454.3       3.000       136.3    
         223   467.0       3.000       136.3    
         224   480.1       3.000       136.3    
         225   493.6       3.000       136.3    
         226   507.5       3.000       136.3    
         227   521.7       3.000       158.7    
         228   536.4       3.000       158.7    
         229   551.4       3.000       158.7    
         230   566.9       3.000       158.7    
         231   582.8       3.000       158.7    
         232   599.2       3.000       184.8    
         233   616.0       3.000       184.8    
         234   633.3       3.000       184.8    
         235   651.1       3.000       184.8    
         236   669.3       3.000       184.8    
         237   688.1       3.000       215.1    
         238   707.5       3.000       215.1    
         239   727.3       3.000       215.1    
         240   747.7       3.000       215.1    
         241   768.7       3.000       250.5    
         242   790.3       3.000       250.5    
         243   812.5       3.000       250.5    
         244   835.3       3.000       250.5    
         245   858.8       3.000       250.5    
         246   882.9       3.000       291.6    
         247   907.6       3.000       291.6    
         248   933.1       3.000       291.6    
         249   959.3       3.000       291.6    
         250   986.3       3.000       339.6    
         251   1014.       3.000       339.6    
         252   1042.       3.000       339.6    
         253   1072.       3.000       339.6    
         254   1102.       3.000       395.4    
         255   1133.       3.000       395.4    
         256   1164.       3.000       395.4    
         257   1197.       3.000       395.4    
         258   1231.       3.000       460.3    
         259   1265.       3.000       460.3    
         260   1301.       3.000       460.3    
         261   1337.       3.000       460.3    
         262   1375.       3.000       536.0    
         263   1414.       3.000       536.0    
         264   1453.       3.000       536.0    
         265   1494.       3.000       624.0    
         266   1536.       3.000       624.0    
         267   1579.       3.000       624.0    
         268   1623.       3.000       624.0    
         269   1669.       3.000       726.5    
         270   1716.       3.000       726.5    
         271   1764.       3.000       726.5    
         272   1813.       3.000       845.9    
         273   1864.       3.000       845.9    
         274   1917.       3.000       845.9    
         275   1971.       3.000       845.9    
         276   2026.       3.000       984.9    
         277   2083.       3.000       984.9    
         278   2141.       3.000       984.9    
         279   2201.       3.000       1147.    
         280   2263.       3.000       1147.    
         281   2327.       3.000       1147.    
         282   2392.       3.000       1147.    
         283   2459.       3.000       1335.    
         284   2528.       3.000       1335.    
         285   2599.       3.000       1335.    
         286   2672.       3.000       1555.    
         287   2747.       3.000       1555.    
         288   2824.       3.000       1555.    
         289   2904.       3.000       1810.    
         290   2985.       3.000       1810.    
         291   3069.       3.000       1810.    
         292   3155.       3.000       2107.    
         293   3244.       3.000       2107.    
         294   3335.       3.000       2107.    
         295   3428.       3.000       2454.    
         296   3524.       3.000       2454.    
         297   3623.       3.000       2454.    
         298   3725.       3.000       2857.    
         299   3830.       3.000       2857.    
         300   3937.       3.000       2857.    
         301   4048.       3.000       3326.    
         302   4161.       3.000       3326.    
         303   4278.       3.000       3326.    
         304   4398.       3.000       3872.    
         305   4522.       3.000       3872.    
         306   4649.       3.000       3872.    
         307   4779.       3.000       4509.    
         308   4913.       3.000       4509.    
         309   5051.       3.000       4509.    
         310   5193.       3.000       5249.    
         311   5339.       3.000       5249.    
         312   5489.       3.000       5249.    
         313   5643.       3.000       6112.    
         314   5801.       3.000       6112.    
         315   5964.       3.000       6112.    
         316   6132.       3.000       7116.    
         317   6304.       3.000       7116.    
         318   6481.       3.000       7116.    
         319   6663.       3.000       8285.    
         320   6850.       3.000       8285.    
         321   7042.       3.000       8285.    
         322   7240.       3.000       9647.    
         323   7443.       3.000       9647.    
         324   7652.       3.000      0.1000E+05
         325   7867.       3.000      0.1000E+05
         326   8088.       3.000      0.1000E+05
         327   8315.       3.000      0.1000E+05
         328   8548.       3.000      0.1000E+05
         329   8788.       3.000      0.1000E+05
         330   9035.       3.000      0.1000E+05
         331   9288.       3.000      0.1000E+05
         332   9549.       3.000      0.1000E+05
         333   9817.       3.000      0.1000E+05
         334  0.1009E+05   3.000      0.1000E+05
         335  0.1038E+05   3.000      0.1000E+05
         336  0.1067E+05   3.000      0.1000E+05
         337  0.1097E+05   3.000      0.1000E+05
         338  0.1127E+05   3.000      0.1000E+05
         339  0.1159E+05   3.000      0.1000E+05
         340  0.1192E+05   3.000      0.1000E+05
         341  0.1225E+05   3.000      0.1000E+05
         342  0.1260E+05   3.000      0.1000E+05
         343  0.1295E+05   3.000      0.1000E+05
         344  0.1331E+05   3.000      0.1000E+05
         345  0.1369E+05   3.000      0.1000E+05
         346  0.1407E+05   3.000      0.1000E+05
         347  0.1447E+05   3.000      0.1000E+05
         348  0.1487E+05   3.000      0.1000E+05
         349  0.1529E+05   3.000      0.1000E+05
         350  0.1572E+05   3.000      0.1000E+05
         351  0.1616E+05   3.000      0.1000E+05
         352  0.1661E+05   3.000      0.1000E+05
         353  0.1708E+05   3.000      0.1000E+05
         354  0.1756E+05   3.000      0.1000E+05
         355  0.1805E+05   3.000      0.1000E+05
         356  0.1856E+05   3.000      0.1000E+05
         357  0.1908E+05   3.000      0.1000E+05
         358  0.1961E+05   3.000      0.1000E+05
         359  0.2017E+05   3.000      0.1000E+05
         360  0.2073E+05   3.000      0.1000E+05
         361  0.2131E+05   3.000      0.1000E+05
         362  0.2191E+05   3.000      0.1000E+05
         363  0.2253E+05   3.000      0.1000E+05
         364  0.2316E+05   3.000      0.1000E+05
         365  0.2381E+05   3.000      0.1000E+05
         366  0.2448E+05   3.000      0.1000E+05
         367  0.2517E+05   3.000      0.1000E+05
         368  0.2587E+05   3.000      0.1000E+05
         369  0.2660E+05   3.000      0.1000E+05
         370  0.2734E+05   3.000      0.1000E+05
         371  0.2811E+05   3.000      0.1000E+05
         372  0.2890E+05   3.000      0.1000E+05
         373  0.2971E+05   3.000      0.1000E+05
         374  0.3055E+05   3.000      0.1000E+05
         375  0.3140E+05   3.000      0.1000E+05
         376  0.3229E+05   3.000      0.1000E+05
         377  0.3319E+05   3.000      0.1000E+05
         378  0.3412E+05   3.000      0.1000E+05
         379  0.3508E+05   3.000      0.1000E+05
         380  0.3607E+05   3.000      0.1000E+05
         381  0.3708E+05   3.000      0.1000E+05
         382  0.3812E+05   3.000      0.1000E+05
         383  0.3919E+05   3.000      0.1000E+05
         384  0.4029E+05   3.000      0.1000E+05
         385  0.4142E+05   3.000      0.1000E+05
         386  0.4259E+05   3.000      0.1000E+05
         387  0.4378E+05   3.000      0.1000E+05
         388  0.4501E+05   3.000      0.1000E+05
         389  0.4627E+05   3.000      0.1000E+05
         390  0.4757E+05   3.000      0.1000E+05
         391  0.4891E+05   3.000      0.1000E+05
         392  0.5028E+05   3.000      0.1000E+05
         393  0.5169E+05   3.000      0.1000E+05
         394  0.5314E+05   3.000      0.1000E+05
         395  0.5464E+05   3.000      0.1000E+05
         396  0.5617E+05   3.000      0.1000E+05
         397  0.5775E+05   3.000      0.1000E+05
         398  0.5937E+05   3.000      0.1000E+05
         399  0.6103E+05   3.000      0.1000E+05
         400  0.6275E+05   3.000      0.1000E+05
         401  0.6451E+05   3.000      0.1000E+05
         402  0.6632E+05   3.000      0.1000E+05
         403  0.6818E+05   3.000      0.1000E+05
         404  0.7010E+05   3.000      0.1000E+05
         405  0.7206E+05   3.000      0.1000E+05
         406  0.7409E+05   3.000      0.1000E+05
         407  0.7617E+05   3.000      0.1000E+05
         408  0.7830E+05   3.000      0.1000E+05
         409  0.8050E+05   3.000      0.1000E+05
         410  0.8276E+05   3.000      0.1000E+05
         411  0.8509E+05   3.000      0.1000E+05
         412  0.8747E+05   3.000      0.1000E+05
         413  0.8993E+05   3.000      0.1000E+05
         414  0.9246E+05   3.000      0.1000E+05
         415  0.9505E+05   3.000      0.1000E+05
         416  0.9772E+05   3.000      0.1000E+05
         417  0.1005E+06   3.000      0.1000E+05
         418  0.1033E+06   3.000      0.1000E+05
         419  0.1062E+06   3.000      0.1000E+05
         420  0.1092E+06   3.000      0.1000E+05
         421  0.1122E+06   3.000      0.1000E+05
         422  0.1154E+06   3.000      0.1000E+05
         423  0.1186E+06   3.000      0.1000E+05
         424  0.1219E+06   3.000      0.1000E+05
         425  0.1254E+06   3.000      0.1000E+05
         426  0.1289E+06   3.000      0.1000E+05
         427  0.1325E+06   3.000      0.1000E+05
         428  0.1362E+06   3.000      0.1000E+05
         429  0.1401E+06   3.000      0.1000E+05
         430  0.1440E+06   3.000      0.1000E+05
         431  0.1480E+06   3.000      0.1000E+05
         432  0.1522E+06   3.000      0.1000E+05
         433  0.1565E+06   3.000      0.1000E+05
         434  0.1608E+06   3.000      0.1000E+05
         435  0.1654E+06   3.000      0.1000E+05
         436  0.1700E+06   3.000      0.1000E+05
         437  0.1748E+06   3.000      0.1000E+05
         438  0.1797E+06   3.000      0.1000E+05
         439  0.1847E+06   3.000      0.1000E+05
         440  0.1899E+06   3.000      0.1000E+05
         441  0.1952E+06   3.000      0.1000E+05
         442  0.2007E+06   3.000      0.1000E+05
         443  0.2064E+06   3.000      0.1000E+05
         444  0.2122E+06   3.000      0.1000E+05
         445  0.2181E+06   3.000      0.1000E+05
         446  0.2242E+06   3.000      0.1000E+05
         447  0.2305E+06   3.000      0.1000E+05
         448  0.2370E+06   3.000      0.1000E+05
         449  0.2437E+06   3.000      0.1000E+05
         450  0.2505E+06   3.000      0.1000E+05
         451  0.2575E+06   3.000      0.1000E+05
         452  0.2648E+06   3.000      0.1000E+05
         453  0.2722E+06   3.000      0.1000E+05
         454  0.2798E+06   3.000      0.1000E+05
         455  0.2877E+06   3.000      0.1000E+05
         456  0.2958E+06   3.000      0.1000E+05
         457  0.3041E+06   3.000      0.1000E+05
         458  0.3126E+06   3.000      0.1000E+05
         459  0.3214E+06   3.000      0.1000E+05
         460  0.3304E+06   3.000      0.1000E+05
         461  0.3397E+06   3.000      0.1000E+05
         462  0.3492E+06   3.000      0.1000E+05
         463  0.3590E+06   3.000      0.1000E+05
         464  0.3691E+06   3.000      0.1000E+05
         465  0.3795E+06   3.000      0.1000E+05
         466  0.3901E+06   3.000      0.1000E+05
         467  0.4011E+06   3.000      0.1000E+05
         468  0.4123E+06   3.000      0.1000E+05
         469  0.4239E+06   3.000      0.1000E+05
         470  0.4358E+06   3.000      0.1000E+05
         471  0.4480E+06   3.000      0.1000E+05
         472  0.4606E+06   3.000      0.1000E+05
         473  0.4735E+06   3.000      0.1000E+05
         474  0.4868E+06   3.000      0.1000E+05
         475  0.5005E+06   3.000      0.1000E+05
         476  0.5145E+06   3.000      0.1000E+05
         477  0.5290E+06   3.000      0.1000E+05
         478  0.5438E+06   3.000      0.1000E+05
         479  0.5591E+06   3.000      0.1000E+05
         480  0.5748E+06   3.000      0.1000E+05
         481  0.5909E+06   3.000      0.1000E+05
         482  0.6075E+06   3.000      0.1000E+05
         483  0.6246E+06   3.000      0.1000E+05
         484  0.6421E+06   3.000      0.1000E+05
         485  0.6601E+06   3.000      0.1000E+05
         486  0.6787E+06   3.000      0.1000E+05
         487  0.6977E+06   3.000      0.1000E+05
         488  0.7173E+06   3.000      0.1000E+05
         489  0.7375E+06   3.000      0.1000E+05
         490  0.7582E+06   3.000      0.1000E+05
         491  0.7794E+06   3.000      0.1000E+05
         492  0.8013E+06   3.000      0.1000E+05
         493  0.8238E+06   3.000      0.1000E+05
         494  0.8469E+06   3.000      0.1000E+05
         495  0.8707E+06   3.000      0.1000E+05
         496  0.8952E+06   3.000      0.1000E+05
         497  0.9203E+06   3.000      0.1000E+05
         498  0.9461E+06   3.000      0.1000E+05
         499  0.9727E+06   3.000      0.1000E+05
         500  0.1000E+07   3.000      0.1000E+05
 
 
 Transport coefficients
A1     Mean energy (eV)                                                
A2     Mobility *N (1/m/V/s)                                           
A6     Diffusion coefficient *N (1/m/s)                                
A11    Energy mobility *N (1/m/V/s)                                    
A12    Energy diffusion coef. *N (1/m/s)                               
A13    Total collision freq. /N (m3/s)                                 
A14    Momentum frequency /N (m3/s)                                    
A16    Total ionization freq. /N (m3/s)                                
A17    Total attachment freq. /N (m3/s)                                
A18    Townsend ioniz. coef. alpha/N (m2)                              
A19    Townsend attach. coef. eta/N (m2)                               
A20    Power /N (eV m3/s)                                              
A21    Elastic power loss /N (eV m3/s)                                 
A22    Inelastic power loss /N (eV m3/s)                               
A23    Growth power /N (eV m3/s)                                       
A27    Maximum energy                                                  
A28    # of iterations                                                 
A29    # of grid trials                                                
A30    Error code                                                      
          R#    E/N (Td)      A1          A2          A6         A11         A12         A13         A14         A16         A17         A18         A19         A20         A21         A22         A23         A27         A28         A29         A30    
           1   1.000      0.2366      0.6051E+25  0.1310E+25  0.9184E+25  0.1378E+25  0.2033E-13  0.2906E-13   0.000       0.000       0.000       0.000      0.6051E-17  0.1905E-18  0.5855E-17   0.000       1.906       6.000       1.000       0.000    
           2   1.028      0.2395      0.6001E+25  0.1313E+25  0.9104E+25  0.1383E+25  0.2053E-13  0.2931E-13   0.000       0.000       0.000       0.000      0.6343E-17  0.1955E-18  0.6140E-17   0.000       1.906       6.000       1.000       0.000    
           3   1.057      0.2426      0.5950E+25  0.1316E+25  0.9022E+25  0.1387E+25  0.2073E-13  0.2956E-13   0.000       0.000       0.000       0.000      0.6647E-17  0.2008E-18  0.6439E-17   0.000       1.906       6.000       1.000       0.000    
           4   1.087      0.2457      0.5900E+25  0.1319E+25  0.8940E+25  0.1392E+25  0.2094E-13  0.2981E-13   0.000       0.000       0.000       0.000      0.6966E-17  0.2063E-18  0.6751E-17   0.000       1.906       6.000       1.000       0.000    
           5   1.117      0.2490      0.5849E+25  0.1322E+25  0.8858E+25  0.1397E+25  0.2115E-13  0.3007E-13   0.000       0.000       0.000       0.000      0.7299E-17  0.2120E-18  0.7078E-17   0.000       1.906       7.000       1.000       0.000    
           6   1.148      0.2524      0.5798E+25  0.1325E+25  0.8774E+25  0.1402E+25  0.2137E-13  0.3033E-13   0.000       0.000       0.000       0.000      0.7648E-17  0.2180E-18  0.7420E-17   0.000       1.906       7.000       1.000       0.000    
           7   1.181      0.2559      0.5747E+25  0.1328E+25  0.8691E+25  0.1408E+25  0.2159E-13  0.3060E-13   0.000       0.000       0.000       0.000      0.8012E-17  0.2243E-18  0.7777E-17   0.000       1.906       7.000       1.000       0.000    
           8   1.214      0.2595      0.5696E+25  0.1331E+25  0.8606E+25  0.1414E+25  0.2182E-13  0.3088E-13   0.000       0.000       0.000       0.000      0.8393E-17  0.2310E-18  0.8150E-17   0.000       1.906       7.000       1.000       0.000    
           9   1.248      0.2633      0.5645E+25  0.1335E+25  0.8520E+25  0.1420E+25  0.2205E-13  0.3116E-13   0.000       0.000       0.000       0.000      0.8791E-17  0.2379E-18  0.8539E-17   0.000       1.906       7.000       1.000       0.000    
          10   1.283      0.2675      0.5590E+25  0.1339E+25  0.8429E+25  0.1427E+25  0.2231E-13  0.3146E-13   0.000       0.000       0.000       0.000      0.9201E-17  0.2458E-18  0.8974E-17   0.000       2.222       14.00       2.000       0.000    
          11   1.319      0.2716      0.5538E+25  0.1343E+25  0.8342E+25  0.1434E+25  0.2256E-13  0.3176E-13   0.000       0.000       0.000       0.000      0.9635E-17  0.2536E-18  0.9401E-17   0.000       2.222       7.000       1.000       0.000    
          12   1.356      0.2759      0.5486E+25  0.1347E+25  0.8253E+25  0.1441E+25  0.2282E-13  0.3206E-13   0.000       0.000       0.000       0.000      0.1009E-16  0.2618E-18  0.9846E-17   0.000       2.222       7.000       1.000       0.000    
          13   1.394      0.2803      0.5434E+25  0.1351E+25  0.8164E+25  0.1449E+25  0.2308E-13  0.3237E-13   0.000       0.000       0.000       0.000      0.1056E-16  0.2704E-18  0.1031E-16   0.000       2.222       7.000       1.000       0.000    
          14   1.433      0.2850      0.5381E+25  0.1356E+25  0.8073E+25  0.1457E+25  0.2336E-13  0.3269E-13   0.000       0.000       0.000       0.000      0.1105E-16  0.2796E-18  0.1080E-16   0.000       2.222       7.000       1.000       0.000    
          15   1.473      0.2898      0.5328E+25  0.1360E+25  0.7981E+25  0.1465E+25  0.2364E-13  0.3301E-13   0.000       0.000       0.000       0.000      0.1157E-16  0.2893E-18  0.1130E-16   0.000       2.222       7.000       1.000       0.000    
          16   1.515      0.2949      0.5275E+25  0.1365E+25  0.7888E+25  0.1474E+25  0.2393E-13  0.3334E-13   0.000       0.000       0.000       0.000      0.1210E-16  0.2995E-18  0.1183E-16   0.000       2.222       7.000       1.000       0.000    
          17   1.557      0.3001      0.5221E+25  0.1370E+25  0.7794E+25  0.1483E+25  0.2423E-13  0.3369E-13   0.000       0.000       0.000       0.000      0.1266E-16  0.3104E-18  0.1238E-16   0.000       2.222       7.000       1.000       0.000    
          18   1.601      0.3057      0.5167E+25  0.1376E+25  0.7699E+25  0.1492E+25  0.2455E-13  0.3404E-13   0.000       0.000       0.000       0.000      0.1325E-16  0.3219E-18  0.1295E-16   0.000       2.222       7.000       1.000       0.000    
          19   1.646      0.3114      0.5112E+25  0.1381E+25  0.7603E+25  0.1502E+25  0.2487E-13  0.3440E-13   0.000       0.000       0.000       0.000      0.1385E-16  0.3340E-18  0.1354E-16   0.000       2.222       7.000       1.000       0.000    
          20   1.692      0.3175      0.5057E+25  0.1387E+25  0.7505E+25  0.1512E+25  0.2520E-13  0.3478E-13   0.000       0.000       0.000       0.000      0.1448E-16  0.3469E-18  0.1416E-16   0.000       2.222       7.000       1.000       0.000    
          21   1.740      0.3238      0.5002E+25  0.1393E+25  0.7407E+25  0.1523E+25  0.2555E-13  0.3516E-13   0.000       0.000       0.000       0.000      0.1514E-16  0.3606E-18  0.1481E-16   0.000       2.222       7.000       1.000       0.000    
          22   1.789      0.3303      0.4946E+25  0.1400E+25  0.7307E+25  0.1534E+25  0.2590E-13  0.3556E-13   0.000       0.000       0.000       0.000      0.1582E-16  0.3750E-18  0.1548E-16   0.000       2.222       7.000       1.000       0.000    
          23   1.839      0.3372      0.4890E+25  0.1407E+25  0.7207E+25  0.1546E+25  0.2627E-13  0.3597E-13   0.000       0.000       0.000       0.000      0.1653E-16  0.3902E-18  0.1617E-16   0.000       2.222       7.000       1.000       0.000    
          24   1.890      0.3444      0.4833E+25  0.1414E+25  0.7105E+25  0.1557E+25  0.2665E-13  0.3639E-13   0.000       0.000       0.000       0.000      0.1727E-16  0.4064E-18  0.1689E-16   0.000       2.222       7.000       1.000       0.000    
          25   1.943      0.3519      0.4776E+25  0.1421E+25  0.7003E+25  0.1570E+25  0.2704E-13  0.3683E-13   0.000       0.000       0.000       0.000      0.1804E-16  0.4234E-18  0.1765E-16   0.000       2.222       7.000       1.000       0.000    
          26   1.998      0.3596      0.4718E+25  0.1429E+25  0.6901E+25  0.1582E+25  0.2745E-13  0.3728E-13   0.000       0.000       0.000       0.000      0.1883E-16  0.4413E-18  0.1842E-16   0.000       2.222       7.000       1.000       0.000    
          27   2.054      0.3677      0.4660E+25  0.1436E+25  0.6798E+25  0.1595E+25  0.2787E-13  0.3775E-13   0.000       0.000       0.000       0.000      0.1966E-16  0.4602E-18  0.1923E-16   0.000       2.222       7.000       1.000       0.000    
          28   2.112      0.3761      0.4601E+25  0.1445E+25  0.6695E+25  0.1608E+25  0.2830E-13  0.3823E-13   0.000       0.000       0.000       0.000      0.2052E-16  0.4801E-18  0.2007E-16   0.000       2.222       7.000       1.000       0.000    
          29   2.171      0.3849      0.4542E+25  0.1453E+25  0.6592E+25  0.1621E+25  0.2874E-13  0.3873E-13   0.000       0.000       0.000       0.000      0.2141E-16  0.5010E-18  0.2094E-16   0.000       2.222       7.000       1.000       0.000    
          30   2.232      0.3939      0.4482E+25  0.1462E+25  0.6489E+25  0.1634E+25  0.2920E-13  0.3924E-13   0.000       0.000       0.000       0.000      0.2233E-16  0.5229E-18  0.2184E-16   0.000       2.222       7.000       1.000       0.000    
          31   2.295      0.4033      0.4422E+25  0.1471E+25  0.6386E+25  0.1647E+25  0.2966E-13  0.3977E-13   0.000       0.000       0.000       0.000      0.2329E-16  0.5458E-18  0.2277E-16   0.000       2.222       7.000       1.000       0.000    
          32   2.359      0.4129      0.4362E+25  0.1480E+25  0.6284E+25  0.1661E+25  0.3015E-13  0.4032E-13   0.000       0.000       0.000       0.000      0.2428E-16  0.5697E-18  0.2374E-16   0.000       2.222       7.000       1.000       0.000    
          33   2.425      0.4229      0.4301E+25  0.1490E+25  0.6183E+25  0.1674E+25  0.3064E-13  0.4089E-13   0.000       0.000       0.000       0.000      0.2530E-16  0.5947E-18  0.2474E-16   0.000       2.222       7.000       1.000       0.000    
          34   2.493      0.4332      0.4241E+25  0.1499E+25  0.6082E+25  0.1688E+25  0.3114E-13  0.4147E-13   0.000       0.000       0.000       0.000      0.2637E-16  0.6206E-18  0.2578E-16   0.000       2.222       7.000       1.000       0.000    
          35   2.563      0.4437      0.4180E+25  0.1509E+25  0.5983E+25  0.1701E+25  0.3165E-13  0.4208E-13   0.000       0.000       0.000       0.000      0.2747E-16  0.6476E-18  0.2686E-16   0.000       2.222       7.000       1.000       0.000    
          36   2.635      0.4545      0.4119E+25  0.1519E+25  0.5884E+25  0.1715E+25  0.3218E-13  0.4270E-13   0.000       0.000       0.000       0.000      0.2861E-16  0.6755E-18  0.2797E-16   0.000       2.222       7.000       1.000       0.000    
          37   2.709      0.4655      0.4058E+25  0.1530E+25  0.5788E+25  0.1728E+25  0.3271E-13  0.4334E-13   0.000       0.000       0.000       0.000      0.2979E-16  0.7043E-18  0.2913E-16   0.000       2.222       7.000       1.000       0.000    
          38   2.785      0.4768      0.3998E+25  0.1540E+25  0.5692E+25  0.1741E+25  0.3325E-13  0.4400E-13   0.000       0.000       0.000       0.000      0.3102E-16  0.7341E-18  0.3032E-16   0.000       2.222       7.000       1.000       0.000    
          39   2.864      0.4882      0.3937E+25  0.1551E+25  0.5599E+25  0.1754E+25  0.3380E-13  0.4467E-13   0.000       0.000       0.000       0.000      0.3228E-16  0.7647E-18  0.3156E-16   0.000       2.222       8.000       1.000       0.000    
          40   2.944      0.4999      0.3877E+25  0.1561E+25  0.5507E+25  0.1767E+25  0.3435E-13  0.4537E-13   0.000       0.000       0.000       0.000      0.3360E-16  0.7961E-18  0.3284E-16   0.000       2.222       8.000       1.000       0.000    
          41   3.027      0.5117      0.3817E+25  0.1572E+25  0.5417E+25  0.1779E+25  0.3492E-13  0.4608E-13   0.000       0.000       0.000       0.000      0.3496E-16  0.8284E-18  0.3418E-16   0.000       2.222       8.000       1.000       0.000    
          42   3.112      0.5237      0.3757E+25  0.1583E+25  0.5328E+25  0.1791E+25  0.3548E-13  0.4681E-13   0.000       0.000       0.000       0.000      0.3638E-16  0.8616E-18  0.3559E-16   0.000       2.591       16.00       2.000       0.000    
          43   3.199      0.5357      0.3698E+25  0.1594E+25  0.5242E+25  0.1803E+25  0.3605E-13  0.4756E-13   0.000       0.000       0.000       0.000      0.3784E-16  0.8952E-18  0.3703E-16   0.000       2.591       8.000       1.000       0.000    
          44   3.289      0.5479      0.3639E+25  0.1605E+25  0.5159E+25  0.1815E+25  0.3663E-13  0.4833E-13   0.000       0.000       0.000       0.000      0.3936E-16  0.9294E-18  0.3852E-16   0.000       2.591       8.000       1.000       0.000    
          45   3.381      0.5601      0.3581E+25  0.1615E+25  0.5077E+25  0.1826E+25  0.3720E-13  0.4911E-13   0.000       0.000       0.000       0.000      0.4094E-16  0.9642E-18  0.4006E-16   0.000       2.591       8.000       1.000       0.000    
          46   3.476      0.5724      0.3524E+25  0.1626E+25  0.4997E+25  0.1836E+25  0.3778E-13  0.4991E-13   0.000       0.000       0.000       0.000      0.4258E-16  0.9994E-18  0.4167E-16   0.000       2.591       8.000       1.000       0.000    
          47   3.574      0.5846      0.3467E+25  0.1637E+25  0.4920E+25  0.1847E+25  0.3835E-13  0.5072E-13   0.000       0.000       0.000       0.000      0.4428E-16  0.1035E-17  0.4333E-16   0.000       2.591       8.000       1.000       0.000    
          48   3.674      0.5969      0.3412E+25  0.1647E+25  0.4845E+25  0.1857E+25  0.3892E-13  0.5155E-13   0.000       0.000       0.000       0.000      0.4605E-16  0.1071E-17  0.4507E-16   0.000       2.591       8.000       1.000       0.000    
          49   3.777      0.6091      0.3357E+25  0.1658E+25  0.4772E+25  0.1867E+25  0.3950E-13  0.5239E-13   0.000       0.000       0.000       0.000      0.4789E-16  0.1107E-17  0.4688E-16   0.000       2.591       8.000       1.000       0.000    
          50   3.883      0.6213      0.3303E+25  0.1668E+25  0.4701E+25  0.1876E+25  0.4006E-13  0.5324E-13   0.000       0.000       0.000       0.000      0.4981E-16  0.1143E-17  0.4876E-16   0.000       2.591       8.000       1.000       0.000    
          51   3.992      0.6334      0.3250E+25  0.1678E+25  0.4633E+25  0.1885E+25  0.4063E-13  0.5411E-13   0.000       0.000       0.000       0.000      0.5180E-16  0.1180E-17  0.5072E-16   0.000       2.591       8.000       1.000       0.000    
          52   4.104      0.6454      0.3199E+25  0.1688E+25  0.4566E+25  0.1893E+25  0.4119E-13  0.5498E-13   0.000       0.000       0.000       0.000      0.5388E-16  0.1216E-17  0.5276E-16   0.000       2.591       8.000       1.000       0.000    
          53   4.219      0.6573      0.3148E+25  0.1697E+25  0.4502E+25  0.1902E+25  0.4174E-13  0.5587E-13   0.000       0.000       0.000       0.000      0.5605E-16  0.1253E-17  0.5489E-16   0.000       2.591       8.000       1.000       0.000    
          54   4.338      0.6690      0.3099E+25  0.1707E+25  0.4439E+25  0.1909E+25  0.4229E-13  0.5676E-13   0.000       0.000       0.000       0.000      0.5830E-16  0.1290E-17  0.5711E-16   0.000       2.591       8.000       1.000       0.000    
          55   4.460      0.6806      0.3050E+25  0.1716E+25  0.4379E+25  0.1917E+25  0.4283E-13  0.5767E-13   0.000       0.000       0.000       0.000      0.6066E-16  0.1326E-17  0.5943E-16   0.000       2.591       8.000       1.000       0.000    
          56   4.585      0.6921      0.3003E+25  0.1725E+25  0.4320E+25  0.1924E+25  0.4337E-13  0.5857E-13   0.000       0.000       0.000       0.000      0.6312E-16  0.1362E-17  0.6185E-16   0.000       2.591       8.000       1.000       0.000    
          57   4.714      0.7034      0.2957E+25  0.1734E+25  0.4263E+25  0.1931E+25  0.4390E-13  0.5949E-13   0.000       0.000       0.000       0.000      0.6569E-16  0.1398E-17  0.6439E-16   0.000       2.591       8.000       1.000       0.000    
          58   4.846      0.7145      0.2912E+25  0.1742E+25  0.4208E+25  0.1937E+25  0.4441E-13  0.6041E-13   0.000       0.000       0.000       0.000      0.6837E-16  0.1434E-17  0.6703E-16   0.000       2.591       7.000       1.000       0.000    
          59   4.982      0.7254      0.2868E+25  0.1751E+25  0.4155E+25  0.1943E+25  0.4493E-13  0.6133E-13   0.000       0.000       0.000       0.000      0.7117E-16  0.1470E-17  0.6980E-16   0.000       2.591       7.000       1.000       0.000    
          60   5.122      0.7361      0.2825E+25  0.1759E+25  0.4104E+25  0.1949E+25  0.4543E-13  0.6226E-13   0.000       0.000       0.000       0.000      0.7411E-16  0.1505E-17  0.7270E-16   0.000       2.591       7.000       1.000       0.000    
          61   5.266      0.7465      0.2783E+25  0.1766E+25  0.4054E+25  0.1954E+25  0.4592E-13  0.6319E-13   0.000       0.000       0.000       0.000      0.7717E-16  0.1540E-17  0.7573E-16   0.000       2.591       7.000       1.000       0.000    
          62   5.413      0.7568      0.2743E+25  0.1774E+25  0.4005E+25  0.1960E+25  0.4641E-13  0.6412E-13   0.000       0.000       0.000       0.000      0.8038E-16  0.1575E-17  0.7891E-16   0.000       2.591       7.000       1.000       0.000    
          63   5.565      0.7669      0.2704E+25  0.1781E+25  0.3958E+25  0.1965E+25  0.4688E-13  0.6505E-13   0.000       0.000       0.000       0.000      0.8374E-16  0.1609E-17  0.8223E-16   0.000       2.591       7.000       1.000       0.000    
          64   5.722      0.7767      0.2666E+25  0.1788E+25  0.3913E+25  0.1969E+25  0.4735E-13  0.6598E-13   0.000       0.000       0.000       0.000      0.8726E-16  0.1643E-17  0.8571E-16   0.000       2.591       7.000       1.000       0.000    
          65   5.882      0.7863      0.2628E+25  0.1795E+25  0.3868E+25  0.1974E+25  0.4781E-13  0.6692E-13   0.000       0.000       0.000       0.000      0.9094E-16  0.1676E-17  0.8937E-16   0.000       2.591       7.000       1.000       0.000    
          66   6.047      0.7957      0.2592E+25  0.1801E+25  0.3826E+25  0.1978E+25  0.4826E-13  0.6785E-13   0.000       0.000       0.000       0.000      0.9480E-16  0.1709E-17  0.9319E-16   0.000       2.591       7.000       1.000       0.000    
          67   6.217      0.8049      0.2557E+25  0.1807E+25  0.3784E+25  0.1982E+25  0.4870E-13  0.6877E-13   0.000       0.000       0.000       0.000      0.9885E-16  0.1742E-17  0.9720E-16   0.000       2.591       7.000       1.000       0.000    
          68   6.392      0.8138      0.2523E+25  0.1813E+25  0.3744E+25  0.1985E+25  0.4913E-13  0.6970E-13   0.000       0.000       0.000       0.000      0.1031E-15  0.1774E-17  0.1014E-15   0.000       2.591       7.000       1.000       0.000    
          69   6.571      0.8225      0.2490E+25  0.1819E+25  0.3704E+25  0.1989E+25  0.4955E-13  0.7062E-13   0.000       0.000       0.000       0.000      0.1075E-15  0.1805E-17  0.1058E-15   0.000       2.591       7.000       1.000       0.000    
          70   6.756      0.8310      0.2458E+25  0.1824E+25  0.3666E+25  0.1992E+25  0.4996E-13  0.7154E-13   0.000       0.000       0.000       0.000      0.1122E-15  0.1836E-17  0.1105E-15   0.000       2.591       7.000       1.000       0.000    
          71   6.945      0.8392      0.2427E+25  0.1830E+25  0.3629E+25  0.1995E+25  0.5036E-13  0.7246E-13   0.000       0.000       0.000       0.000      0.1171E-15  0.1867E-17  0.1153E-15   0.000       2.591       7.000       1.000       0.000    
          72   7.140      0.8473      0.2397E+25  0.1835E+25  0.3593E+25  0.1998E+25  0.5076E-13  0.7337E-13   0.000       0.000       0.000       0.000      0.1222E-15  0.1897E-17  0.1204E-15   0.000       2.591       7.000       1.000       0.000    
          73   7.341      0.8548      0.2369E+25  0.1839E+25  0.3559E+25  0.2000E+25  0.5114E-13  0.7425E-13   0.000       0.000       0.000       0.000      0.1276E-15  0.1926E-17  0.1257E-15   0.000       3.020       14.00       2.000       0.000    
          74   7.547      0.8625      0.2340E+25  0.1844E+25  0.3525E+25  0.2002E+25  0.5151E-13  0.7515E-13   0.000       0.000       0.000       0.000      0.1333E-15  0.1955E-17  0.1313E-15   0.000       3.020       7.000       1.000       0.000    
          75   7.759      0.8699      0.2313E+25  0.1848E+25  0.3491E+25  0.2005E+25  0.5188E-13  0.7605E-13   0.000       0.000       0.000       0.000      0.1392E-15  0.1984E-17  0.1372E-15   0.000       3.020       7.000       1.000       0.000    
          76   7.976      0.8771      0.2286E+25  0.1852E+25  0.3459E+25  0.2007E+25  0.5225E-13  0.7694E-13   0.000       0.000       0.000       0.000      0.1454E-15  0.2012E-17  0.1434E-15   0.000       3.020       7.000       1.000       0.000    
          77   8.200      0.8841      0.2260E+25  0.1856E+25  0.3427E+25  0.2009E+25  0.5260E-13  0.7782E-13   0.000       0.000       0.000       0.000      0.1520E-15  0.2040E-17  0.1499E-15   0.000       3.020       7.000       1.000       0.000    
          78   8.430      0.8909      0.2235E+25  0.1860E+25  0.3396E+25  0.2010E+25  0.5295E-13  0.7870E-13   0.000       0.000       0.000       0.000      0.1588E-15  0.2067E-17  0.1568E-15   0.000       3.020       7.000       1.000       0.000    
          79   8.667      0.8976      0.2211E+25  0.1864E+25  0.3366E+25  0.2012E+25  0.5329E-13  0.7957E-13   0.000       0.000       0.000       0.000      0.1661E-15  0.2094E-17  0.1639E-15   0.000       3.020       7.000       1.000       0.000    
          80   8.910      0.9040      0.2187E+25  0.1867E+25  0.3337E+25  0.2013E+25  0.5362E-13  0.8043E-13   0.000       0.000       0.000       0.000      0.1736E-15  0.2120E-17  0.1715E-15   0.000       3.020       7.000       1.000       0.000    
          81   9.161      0.9103      0.2164E+25  0.1870E+25  0.3308E+25  0.2015E+25  0.5395E-13  0.8129E-13   0.000       0.000       0.000       0.000      0.1816E-15  0.2146E-17  0.1794E-15   0.000       3.020       7.000       1.000       0.000    
          82   9.418      0.9163      0.2141E+25  0.1873E+25  0.3280E+25  0.2016E+25  0.5427E-13  0.8214E-13   0.000       0.000       0.000       0.000      0.1899E-15  0.2172E-17  0.1877E-15   0.000       3.020       7.000       1.000       0.000    
          83   9.682      0.9223      0.2120E+25  0.1876E+25  0.3253E+25  0.2017E+25  0.5458E-13  0.8298E-13   0.000       0.000       0.000       0.000      0.1987E-15  0.2197E-17  0.1965E-15   0.000       3.020       7.000       1.000       0.000    
          84   9.954      0.9280      0.2098E+25  0.1879E+25  0.3226E+25  0.2018E+25  0.5489E-13  0.8381E-13   0.000       0.000       0.000       0.000      0.2079E-15  0.2222E-17  0.2057E-15   0.000       3.020       7.000       1.000       0.000    
          85   10.23      0.9336      0.2078E+25  0.1881E+25  0.3200E+25  0.2019E+25  0.5519E-13  0.8464E-13   0.000       0.000       0.000       0.000      0.2176E-15  0.2247E-17  0.2154E-15   0.000       3.020       7.000       1.000       0.000    
          86   10.52      0.9392      0.2057E+25  0.1884E+25  0.3174E+25  0.2019E+25  0.5550E-13  0.8549E-13   0.000       0.000       0.000       0.000      0.2277E-15  0.2272E-17  0.2255E-15   0.000       3.520       14.00       2.000       0.000    
          87   10.82      0.9445      0.2038E+25  0.1886E+25  0.3149E+25  0.2020E+25  0.5579E-13  0.8630E-13   0.000       0.000       0.000       0.000      0.2384E-15  0.2296E-17  0.2362E-15   0.000       3.520       7.000       1.000       0.000    
          88   11.12      0.9496      0.2019E+25  0.1888E+25  0.3124E+25  0.2020E+25  0.5607E-13  0.8711E-13   0.000       0.000       0.000       0.000      0.2497E-15  0.2319E-17  0.2474E-15   0.000       3.520       7.000       1.000       0.000    
          89   11.43      0.9546      0.2001E+25  0.1890E+25  0.3100E+25  0.2021E+25  0.5635E-13  0.8790E-13   0.000       0.000       0.000       0.000      0.2615E-15  0.2342E-17  0.2592E-15   0.000       3.520       7.000       1.000       0.000    
          90   11.75      0.9595      0.1983E+25  0.1892E+25  0.3077E+25  0.2021E+25  0.5663E-13  0.8869E-13   0.000       0.000       0.000       0.000      0.2739E-15  0.2365E-17  0.2716E-15   0.000       3.520       6.000       1.000       0.000    
          91   12.08      0.9642      0.1965E+25  0.1893E+25  0.3053E+25  0.2021E+25  0.5691E-13  0.8950E-13   0.000       0.000       0.000       0.000      0.2869E-15  0.2388E-17  0.2848E-15   0.000       4.101       13.00       2.000       0.000    
          92   12.42      0.9689      0.1948E+25  0.1895E+25  0.3030E+25  0.2021E+25  0.5718E-13  0.9028E-13   0.000       0.000       0.000       0.000      0.3006E-15  0.2411E-17  0.2985E-15   0.000       4.101       7.000       1.000       0.000    
          93   12.77      0.9728      0.1934E+25  0.1896E+25  0.3012E+25  0.2021E+25  0.5744E-13  0.9092E-13   0.000      0.3105E-27   0.000      0.1257E-31  0.3155E-15  0.2432E-17  0.3128E-15 -0.3021E-27   5.567       20.00       3.000       0.000    
          94   13.13      0.9773      0.1919E+25  0.1898E+25  0.2991E+25  0.2021E+25  0.5772E-13  0.9166E-13   0.000      0.4091E-26   0.000      0.1624E-30  0.3308E-15  0.2455E-17  0.3283E-15 -0.4000E-26   6.485       14.00       2.000       0.000    
          95   13.50      0.9815      0.1902E+25  0.1899E+25  0.2968E+25  0.2021E+25  0.5799E-13  0.9246E-13   0.000      0.9859E-26   0.000      0.3840E-30  0.3466E-15  0.2477E-17  0.3440E-15 -0.9679E-26   7.554       14.00       2.000       0.000    
          96   13.88      0.9857      0.1887E+25  0.1900E+25  0.2947E+25  0.2021E+25  0.5825E-13  0.9321E-13   0.000      0.1859E-25   0.000      0.7101E-30  0.3634E-15  0.2499E-17  0.3608E-15 -0.1833E-25   7.554       7.000       1.000       0.000    
          97   14.27      0.9898      0.1872E+25  0.1901E+25  0.2926E+25  0.2020E+25  0.5850E-13  0.9395E-13   0.000      0.3453E-25   0.000      0.1293E-29  0.3810E-15  0.2520E-17  0.3784E-15 -0.3419E-25   7.554       7.000       1.000       0.000    
          98   14.67      0.9939      0.1856E+25  0.1902E+25  0.2903E+25  0.2019E+25  0.5878E-13  0.9478E-13   0.000      0.5966E-25   0.000      0.2192E-29  0.3992E-15  0.2543E-17  0.3966E-15 -0.5931E-25   8.798       14.00       2.000       0.000    
          99   15.08      0.9978      0.1842E+25  0.1903E+25  0.2883E+25  0.2019E+25  0.5903E-13  0.9551E-13   0.000      0.1063E-24   0.000      0.3827E-29  0.4187E-15  0.2564E-17  0.4160E-15 -0.1061E-24   8.798       7.000       1.000       0.000    
         100   15.50       1.002      0.1828E+25  0.1903E+25  0.2863E+25  0.2018E+25  0.5928E-13  0.9623E-13   0.000      0.1866E-24   0.000      0.6586E-29  0.4392E-15  0.2586E-17  0.4365E-15 -0.1869E-24   8.798       7.000       1.000       0.000    
         101   15.94       1.005      0.1816E+25  0.1904E+25  0.2846E+25  0.2017E+25  0.5952E-13  0.9683E-13   0.000      0.3372E-24   0.000      0.1165E-28  0.4613E-15  0.2606E-17  0.4583E-15 -0.3389E-24   10.25       14.00       2.000       0.000    
         102   16.38       1.008      0.1803E+25  0.1904E+25  0.2827E+25  0.2016E+25  0.5976E-13  0.9755E-13   0.000      0.5720E-24   0.000      0.1936E-28  0.4840E-15  0.2628E-17  0.4809E-15 -0.5770E-24   10.25       7.000       1.000       0.000    
         103   16.84       1.012      0.1790E+25  0.1905E+25  0.2808E+25  0.2016E+25  0.6001E-13  0.9825E-13   0.000      0.9573E-24   0.000      0.3175E-28  0.5079E-15  0.2649E-17  0.5048E-15 -0.9692E-24   10.25       7.000       1.000       0.000    
         104   17.32       1.016      0.1777E+25  0.1905E+25  0.2789E+25  0.2015E+25  0.6026E-13  0.9896E-13   0.000      0.1582E-23   0.000      0.5139E-28  0.5330E-15  0.2671E-17  0.5299E-15 -0.1607E-23   10.25       7.000       1.000       0.000    
         105   17.80       1.019      0.1765E+25  0.1906E+25  0.2770E+25  0.2014E+25  0.6051E-13  0.9966E-13   0.000      0.2580E-23   0.000      0.8211E-28  0.5594E-15  0.2693E-17  0.5563E-15 -0.2630E-23   10.25       7.000       1.000       0.000    
         106   18.30       1.023      0.1753E+25  0.1906E+25  0.2752E+25  0.2012E+25  0.6076E-13  0.1004E-12   0.000      0.4155E-23   0.000      0.1295E-27  0.5871E-15  0.2715E-17  0.5840E-15 -0.4251E-23   10.25       7.000       1.000       0.000    
         107   18.82       1.026      0.1740E+25  0.1906E+25  0.2734E+25  0.2012E+25  0.6103E-13  0.1011E-12   0.000      0.6912E-23   0.000      0.2111E-27  0.6160E-15  0.2738E-17  0.6134E-15 -0.7096E-23   11.93       14.00       2.000       0.000    
         108   19.35       1.029      0.1728E+25  0.1906E+25  0.2716E+25  0.2010E+25  0.6128E-13  0.1018E-12   0.000      0.1083E-22   0.000      0.3240E-27  0.6467E-15  0.2760E-17  0.6441E-15 -0.1116E-22   11.93       7.000       1.000       0.000    
         109   19.89       1.033      0.1717E+25  0.1906E+25  0.2698E+25  0.2009E+25  0.6154E-13  0.1025E-12   0.000      0.1678E-22   0.000      0.4914E-27  0.6790E-15  0.2783E-17  0.6764E-15 -0.1734E-22   11.93       7.000       1.000       0.000    
         110   20.45       1.036      0.1705E+25  0.1906E+25  0.2681E+25  0.2007E+25  0.6179E-13  0.1031E-12   0.000      0.2570E-22   0.000      0.7370E-27  0.7130E-15  0.2805E-17  0.7103E-15 -0.2664E-22   11.93       6.000       1.000       0.000    
         111   21.02       1.039      0.1694E+25  0.1906E+25  0.2663E+25  0.2006E+25  0.6204E-13  0.1038E-12   0.000      0.3893E-22   0.000      0.1093E-26  0.7487E-15  0.2828E-17  0.7460E-15 -0.4048E-22   11.93       6.000       1.000       0.000    
         112   21.61       1.043      0.1684E+25  0.1906E+25  0.2646E+25  0.2004E+25  0.6230E-13  0.1045E-12   0.000      0.5835E-22   0.000      0.1604E-26  0.7862E-15  0.2852E-17  0.7835E-15 -0.6085E-22   11.93       6.000       1.000       0.000    
         113   22.22       1.046      0.1671E+25  0.1905E+25  0.2627E+25  0.2002E+25  0.6259E-13  0.1053E-12  0.1878E-26  0.8984E-22  0.5059E-31  0.2420E-26  0.8248E-15  0.2877E-17  0.8222E-15 -0.9399E-22   13.90       12.00       2.000       0.000    
         114   22.84       1.049      0.1660E+25  0.1905E+25  0.2610E+25  0.2000E+25  0.6285E-13  0.1059E-12  0.3687E-26  0.1315E-21  0.9723E-31  0.3468E-26  0.8662E-15  0.2901E-17  0.8637E-15 -0.1380E-21   13.90       6.000       1.000       0.000    
         115   23.48       1.052      0.1650E+25  0.1905E+25  0.2593E+25  0.1998E+25  0.6312E-13  0.1066E-12  0.7118E-26  0.1906E-21  0.1837E-30  0.4919E-26  0.9099E-15  0.2926E-17  0.9073E-15 -0.2006E-21   13.90       6.000       1.000       0.000    
         116   24.14       1.055      0.1640E+25  0.1904E+25  0.2576E+25  0.1996E+25  0.6339E-13  0.1073E-12  0.1351E-25  0.2736E-21  0.3414E-30  0.6911E-26  0.9557E-15  0.2951E-17  0.9531E-15 -0.2889E-21   13.90       6.000       1.000       0.000    
         117   24.82       1.059      0.1630E+25  0.1904E+25  0.2560E+25  0.1995E+25  0.6367E-13  0.1079E-12  0.2525E-25  0.3890E-21  0.6241E-30  0.9618E-26  0.1004E-14  0.2977E-17  0.1001E-14 -0.4120E-21   13.90       6.000       1.000       0.000    
         118   25.52       1.062      0.1620E+25  0.1903E+25  0.2543E+25  0.1993E+25  0.6395E-13  0.1086E-12  0.4642E-25  0.5481E-21  0.1123E-29  0.1326E-25  0.1055E-14  0.3003E-17  0.1052E-14 -0.5822E-21   13.90       6.000       1.000       0.000    
         119   26.23       1.065      0.1610E+25  0.1903E+25  0.2526E+25  0.1991E+25  0.6424E-13  0.1092E-12  0.8406E-25  0.7652E-21  0.1990E-29  0.1812E-25  0.1108E-14  0.3031E-17  0.1105E-14 -0.8153E-21   13.90       6.000       1.000       0.000    
         120   26.97       1.068      0.1600E+25  0.1902E+25  0.2510E+25  0.1989E+25  0.6454E-13  0.1099E-12  0.1499E-24  0.1059E-20  0.3474E-29  0.2453E-25  0.1164E-14  0.3059E-17  0.1161E-14 -0.1132E-20   13.90       6.000       1.000       0.000    
         121   27.73       1.072      0.1596E+25  0.1903E+25  0.2502E+25  0.1990E+25  0.6487E-13  0.1102E-12  0.2764E-24  0.1484E-20  0.6246E-29  0.3353E-25  0.1227E-14  0.3090E-17  0.1224E-14 -0.1591E-20   16.18       12.00       2.000       0.000    
         122   28.50       1.075      0.1587E+25  0.1902E+25  0.2485E+25  0.1988E+25  0.6518E-13  0.1109E-12  0.4797E-24  0.2016E-20  0.1061E-28  0.4457E-25  0.1289E-14  0.3120E-17  0.1286E-14 -0.2168E-20   16.18       6.000       1.000       0.000    
         123   29.30       1.079      0.1577E+25  0.1901E+25  0.2468E+25  0.1986E+25  0.6550E-13  0.1115E-12  0.8211E-24  0.2716E-20  0.1777E-28  0.5877E-25  0.1354E-14  0.3152E-17  0.1351E-14 -0.2930E-20   16.18       6.000       1.000       0.000    
         124   30.13       1.082      0.1567E+25  0.1901E+25  0.2452E+25  0.1984E+25  0.6583E-13  0.1122E-12  0.1387E-23  0.3630E-20  0.2937E-28  0.7687E-25  0.1423E-14  0.3185E-17  0.1419E-14 -0.3930E-20   16.18       6.000       1.000       0.000    
         125   30.97       1.086      0.1558E+25  0.1900E+25  0.2435E+25  0.1983E+25  0.6618E-13  0.1129E-12  0.2313E-23  0.4815E-20  0.4794E-28  0.9978E-25  0.1495E-14  0.3220E-17  0.1491E-14 -0.5231E-20   16.18       6.000       1.000       0.000    
         126   31.84       1.090      0.1549E+25  0.1899E+25  0.2418E+25  0.1982E+25  0.6653E-13  0.1136E-12  0.3811E-23  0.6338E-20  0.7728E-28  0.1285E-24  0.1570E-14  0.3256E-17  0.1567E-14 -0.6910E-20   16.18       6.000       1.000       0.000    
         127   32.74       1.095      0.1539E+25  0.1898E+25  0.2401E+25  0.1981E+25  0.6689E-13  0.1143E-12  0.6201E-23  0.8282E-20  0.1231E-27  0.1644E-24  0.1649E-14  0.3294E-17  0.1646E-14 -0.9063E-20   16.18       6.000       1.000       0.000    
         128   33.66       1.099      0.1530E+25  0.1898E+25  0.2384E+25  0.1980E+25  0.6727E-13  0.1150E-12  0.9971E-23  0.1074E-19  0.1937E-27  0.2087E-24  0.1733E-14  0.3335E-17  0.1729E-14 -0.1180E-19   16.18       6.000       1.000       0.000    
         129   34.60       1.104      0.1520E+25  0.1897E+25  0.2367E+25  0.1980E+25  0.6767E-13  0.1157E-12  0.1585E-22  0.1384E-19  0.3013E-27  0.2631E-24  0.1820E-14  0.3379E-17  0.1817E-14 -0.1527E-19   16.18       6.000       1.000       0.000    
         130   35.57       1.109      0.1505E+25  0.1894E+25  0.2342E+25  0.1978E+25  0.6808E-13  0.1169E-12  0.2510E-22  0.1772E-19  0.4688E-27  0.3311E-24  0.1904E-14  0.3424E-17  0.1901E-14 -0.1964E-19   18.85       12.00       2.000       0.000    
         131   36.57       1.115      0.1496E+25  0.1894E+25  0.2325E+25  0.1980E+25  0.6851E-13  0.1176E-12  0.3904E-22  0.2251E-19  0.7136E-27  0.4115E-24  0.2001E-14  0.3474E-17  0.1997E-14 -0.2506E-19   18.85       6.000       1.000       0.000    
         132   37.60       1.121      0.1487E+25  0.1894E+25  0.2308E+25  0.1982E+25  0.6895E-13  0.1183E-12  0.6009E-22  0.2840E-19  0.1075E-26  0.5081E-24  0.2101E-14  0.3527E-17  0.2097E-14 -0.3177E-19   18.85       6.000       1.000       0.000    
         133   38.65       1.127      0.1478E+25  0.1894E+25  0.2291E+25  0.1986E+25  0.6941E-13  0.1190E-12  0.9157E-22  0.3561E-19  0.1603E-26  0.6235E-24  0.2207E-14  0.3585E-17  0.2203E-14 -0.4005E-19   18.85       6.000       1.000       0.000    
         134   39.74       1.134      0.1468E+25  0.1894E+25  0.2274E+25  0.1991E+25  0.6990E-13  0.1198E-12  0.1382E-21  0.4436E-19  0.2368E-26  0.7602E-24  0.2319E-14  0.3647E-17  0.2315E-14 -0.5019E-19   18.85       6.000       1.000       0.000    
         135   40.85       1.142      0.1459E+25  0.1895E+25  0.2257E+25  0.1998E+25  0.7041E-13  0.1205E-12  0.2065E-21  0.5493E-19  0.3465E-26  0.9214E-24  0.2435E-14  0.3715E-17  0.2431E-14 -0.6254E-19   18.85       6.000       1.000       0.000    
         136   42.00       1.151      0.1450E+25  0.1895E+25  0.2239E+25  0.2007E+25  0.7095E-13  0.1213E-12  0.3059E-21  0.6761E-19  0.5022E-26  0.1110E-23  0.2558E-14  0.3789E-17  0.2554E-14 -0.7751E-19   18.85       5.000       1.000       0.000    
         137   43.18       1.161      0.1441E+25  0.1897E+25  0.2222E+25  0.2018E+25  0.7151E-13  0.1221E-12  0.4490E-21  0.8274E-19  0.7216E-26  0.1330E-23  0.2687E-14  0.3870E-17  0.2682E-14 -0.9556E-19   18.85       5.000       1.000       0.000    
         138   44.39       1.172      0.1433E+25  0.1899E+25  0.2207E+25  0.2034E+25  0.7215E-13  0.1227E-12  0.6625E-21  0.1020E-18  0.1041E-25  0.1603E-23  0.2824E-14  0.3963E-17  0.2823E-14 -0.1188E-18   21.95       11.00       2.000       0.000    
         139   45.64       1.184      0.1424E+25  0.1901E+25  0.2190E+25  0.2051E+25  0.7278E-13  0.1235E-12  0.9551E-21  0.1233E-18  0.1470E-25  0.1897E-23  0.2966E-14  0.4061E-17  0.2965E-14 -0.1449E-18   21.95       5.000       1.000       0.000    
         140   46.92       1.197      0.1415E+25  0.1905E+25  0.2172E+25  0.2070E+25  0.7344E-13  0.1243E-12  0.1366E-20  0.1482E-18  0.2057E-25  0.2232E-23  0.3115E-14  0.4168E-17  0.3114E-14 -0.1759E-18   21.95       5.000       1.000       0.000    
         141   48.24       1.212      0.1406E+25  0.1908E+25  0.2155E+25  0.2094E+25  0.7414E-13  0.1251E-12  0.1938E-20  0.1772E-18  0.2857E-25  0.2614E-23  0.3271E-14  0.4285E-17  0.3270E-14 -0.2126E-18   21.95       5.000       1.000       0.000    
         142   49.59       1.229      0.1397E+25  0.1913E+25  0.2137E+25  0.2121E+25  0.7488E-13  0.1259E-12  0.2728E-20  0.2108E-18  0.3939E-25  0.3044E-23  0.3435E-14  0.4414E-17  0.3434E-14 -0.2558E-18   21.95       5.000       1.000       0.000    
         143   50.98       1.247      0.1388E+25  0.1919E+25  0.2120E+25  0.2152E+25  0.7567E-13  0.1268E-12  0.3812E-20  0.2495E-18  0.5389E-25  0.3527E-23  0.3606E-14  0.4556E-17  0.3605E-14 -0.3066E-18   21.95       5.000       1.000       0.000    
         144   52.41       1.268      0.1378E+25  0.1925E+25  0.2103E+25  0.2188E+25  0.7649E-13  0.1276E-12  0.5289E-20  0.2937E-18  0.7320E-25  0.4066E-23  0.3787E-14  0.4711E-17  0.3786E-14 -0.3658E-18   21.95       5.000       1.000       0.000    
         145   53.88       1.290      0.1369E+25  0.1933E+25  0.2085E+25  0.2228E+25  0.7736E-13  0.1284E-12  0.7286E-20  0.3441E-18  0.9874E-25  0.4664E-23  0.3976E-14  0.4882E-17  0.3975E-14 -0.4348E-18   21.95       5.000       1.000       0.000    
         146   55.40       1.316      0.1360E+25  0.1943E+25  0.2069E+25  0.2275E+25  0.7832E-13  0.1293E-12  0.1006E-19  0.4045E-18  0.1334E-24  0.5367E-23  0.4175E-14  0.5077E-17  0.4174E-14 -0.5195E-18   25.56       10.00       2.000       0.000    
         147   56.95       1.344      0.1351E+25  0.1954E+25  0.2052E+25  0.2325E+25  0.7929E-13  0.1301E-12  0.1366E-19  0.4689E-18  0.1775E-24  0.6093E-23  0.4383E-14  0.5282E-17  0.4382E-14 -0.6123E-18   25.56       5.000       1.000       0.000    
         148   58.55       1.375      0.1342E+25  0.1966E+25  0.2035E+25  0.2379E+25  0.8031E-13  0.1310E-12  0.1843E-19  0.5411E-18  0.2345E-24  0.6884E-23  0.4602E-14  0.5505E-17  0.4601E-14 -0.7188E-18   25.56       5.000       1.000       0.000    
         149   60.19       1.408      0.1333E+25  0.1980E+25  0.2018E+25  0.2438E+25  0.8139E-13  0.1319E-12  0.2472E-19  0.6214E-18  0.3080E-24  0.7742E-23  0.4831E-14  0.5748E-17  0.4830E-14 -0.8405E-18   25.56       5.000       1.000       0.000    
         150   61.88       1.445      0.1324E+25  0.1995E+25  0.2002E+25  0.2501E+25  0.8251E-13  0.1328E-12  0.3295E-19  0.7104E-18  0.4020E-24  0.8668E-23  0.5072E-14  0.6011E-17  0.5071E-14 -0.9792E-18   25.56       5.000       1.000       0.000    
         151   63.62       1.484      0.1315E+25  0.2013E+25  0.1986E+25  0.2568E+25  0.8369E-13  0.1337E-12  0.4365E-19  0.8083E-18  0.5215E-24  0.9658E-23  0.5325E-14  0.6297E-17  0.5323E-14 -0.1136E-17   25.56       5.000       1.000       0.000    
         152   65.41       1.528      0.1307E+25  0.2032E+25  0.1970E+25  0.2640E+25  0.8492E-13  0.1346E-12  0.5748E-19  0.9155E-18  0.6726E-24  0.1071E-22  0.5590E-14  0.6605E-17  0.5588E-14 -0.1311E-17   25.56       5.000       1.000       0.000    
         153   67.24       1.573      0.1297E+25  0.2053E+25  0.1955E+25  0.2713E+25  0.8620E-13  0.1356E-12  0.7512E-19  0.1030E-17  0.8612E-24  0.1181E-22  0.5865E-14  0.6931E-17  0.5861E-14 -0.1503E-17   29.76       10.00       2.000       0.000    
         154   69.13       1.623      0.1288E+25  0.2076E+25  0.1940E+25  0.2791E+25  0.8753E-13  0.1365E-12  0.9781E-19  0.1156E-17  0.1098E-23  0.1298E-22  0.6158E-14  0.7287E-17  0.6153E-14 -0.1719E-17   29.76       5.000       1.000       0.000    
         155   71.07       1.677      0.1280E+25  0.2102E+25  0.1925E+25  0.2871E+25  0.8891E-13  0.1374E-12  0.1267E-18  0.1292E-17  0.1393E-23  0.1421E-22  0.6464E-14  0.7667E-17  0.6459E-14 -0.1956E-17   29.76       5.000       1.000       0.000    
         156   73.07       1.735      0.1271E+25  0.2130E+25  0.1911E+25  0.2954E+25  0.9035E-13  0.1384E-12  0.1631E-18  0.1438E-17  0.1756E-23  0.1549E-22  0.6786E-14  0.8073E-17  0.6781E-14 -0.2214E-17   29.76       5.000       1.000       0.000    
         157   75.12       1.796      0.1263E+25  0.2160E+25  0.1897E+25  0.3038E+25  0.9182E-13  0.1393E-12  0.2090E-18  0.1594E-17  0.2203E-23  0.1681E-22  0.7125E-14  0.8504E-17  0.7119E-14 -0.2490E-17   29.76       5.000       1.000       0.000    
         158   77.23       1.862      0.1254E+25  0.2192E+25  0.1883E+25  0.3123E+25  0.9334E-13  0.1402E-12  0.2664E-18  0.1760E-17  0.2750E-23  0.1817E-22  0.7480E-14  0.8960E-17  0.7474E-14 -0.2781E-17   29.76       5.000       1.000       0.000    
         159   79.40       1.931      0.1246E+25  0.2226E+25  0.1870E+25  0.3210E+25  0.9490E-13  0.1412E-12  0.3378E-18  0.1934E-17  0.3415E-23  0.1956E-22  0.7853E-14  0.9443E-17  0.7847E-14 -0.3084E-17   29.76       5.000       1.000       0.000    
         160   81.63       2.003      0.1237E+25  0.2263E+25  0.1857E+25  0.3296E+25  0.9649E-13  0.1421E-12  0.4262E-18  0.2118E-17  0.4219E-23  0.2097E-22  0.8245E-14  0.9951E-17  0.8239E-14 -0.3391E-17   29.76       5.000       1.000       0.000    
         161   83.92       2.081      0.1229E+25  0.2301E+25  0.1845E+25  0.3383E+25  0.9815E-13  0.1431E-12  0.5362E-18  0.2314E-17  0.5198E-23  0.2243E-22  0.8658E-14  0.1049E-16  0.8653E-14 -0.3700E-17   34.65       10.00       2.000       0.000    
         162   86.27       2.160      0.1221E+25  0.2342E+25  0.1833E+25  0.3468E+25  0.9980E-13  0.1440E-12  0.6700E-18  0.2513E-17  0.6359E-23  0.2385E-22  0.9090E-14  0.1105E-16  0.9086E-14 -0.3984E-17   34.65       5.000       1.000       0.000    
         163   88.69       2.243      0.1213E+25  0.2384E+25  0.1821E+25  0.3553E+25  0.1015E-12  0.1450E-12  0.8333E-18  0.2720E-17  0.7743E-23  0.2527E-22  0.9545E-14  0.1163E-16  0.9540E-14 -0.4234E-17   34.65       5.000       1.000       0.000    
         164   91.18       2.329      0.1205E+25  0.2429E+25  0.1809E+25  0.3637E+25  0.1032E-12  0.1459E-12  0.1032E-17  0.2933E-17  0.9385E-23  0.2668E-22  0.1002E-13  0.1223E-16  0.1002E-13 -0.4431E-17   34.65       5.000       1.000       0.000    
         165   93.74       2.418      0.1198E+25  0.2475E+25  0.1797E+25  0.3719E+25  0.1049E-12  0.1469E-12  0.1271E-17  0.3151E-17  0.1132E-22  0.2806E-22  0.1053E-13  0.1286E-16  0.1052E-13 -0.4548E-17   34.65       5.000       1.000       0.000    
         166   96.38       2.510      0.1190E+25  0.2523E+25  0.1786E+25  0.3799E+25  0.1066E-12  0.1478E-12  0.1560E-17  0.3374E-17  0.1360E-22  0.2942E-22  0.1105E-13  0.1351E-16  0.1105E-13 -0.4555E-17   34.65       5.000       1.000       0.000    
         167   99.08       2.605      0.1182E+25  0.2572E+25  0.1775E+25  0.3878E+25  0.1083E-12  0.1488E-12  0.1906E-17  0.3600E-17  0.1627E-22  0.3073E-22  0.1161E-13  0.1417E-16  0.1160E-13 -0.4414E-17   34.65       5.000       1.000       0.000    
         168   101.9       2.701      0.1175E+25  0.2623E+25  0.1764E+25  0.3955E+25  0.1100E-12  0.1497E-12  0.2320E-17  0.3829E-17  0.1938E-22  0.3200E-22  0.1219E-13  0.1486E-16  0.1218E-13 -0.4080E-17   34.65       5.000       1.000       0.000    
         169   104.7       2.806      0.1170E+25  0.2681E+25  0.1754E+25  0.4036E+25  0.1118E-12  0.1504E-12  0.2822E-17  0.4075E-17  0.2304E-22  0.3327E-22  0.1283E-13  0.1560E-16  0.1282E-13 -0.3516E-17   40.35       10.00       2.000       0.000    
         170   107.7       2.906      0.1162E+25  0.2734E+25  0.1743E+25  0.4109E+25  0.1135E-12  0.1514E-12  0.3406E-17  0.4306E-17  0.2722E-22  0.3442E-22  0.1347E-13  0.1632E-16  0.1346E-13 -0.2618E-17   40.35       5.000       1.000       0.000    
         171   110.7       3.009      0.1155E+25  0.2788E+25  0.1733E+25  0.4180E+25  0.1152E-12  0.1523E-12  0.4094E-17  0.4537E-17  0.3203E-22  0.3550E-22  0.1415E-13  0.1705E-16  0.1414E-13 -0.1333E-17   40.35       5.000       1.000       0.000    
         172   113.8       3.112      0.1147E+25  0.2842E+25  0.1722E+25  0.4249E+25  0.1169E-12  0.1533E-12  0.4903E-17  0.4767E-17  0.3755E-22  0.3651E-22  0.1486E-13  0.1780E-16  0.1485E-13  0.4236E-18   40.35       5.000       1.000       0.000    
         173   117.0       3.217      0.1140E+25  0.2898E+25  0.1711E+25  0.4316E+25  0.1185E-12  0.1543E-12  0.5851E-17  0.4995E-17  0.4386E-22  0.3745E-22  0.1561E-13  0.1856E-16  0.1559E-13  0.2754E-17   40.35       5.000       1.000       0.000    
         174   120.3       3.324      0.1133E+25  0.2953E+25  0.1701E+25  0.4381E+25  0.1202E-12  0.1552E-12  0.6956E-17  0.5220E-17  0.5104E-22  0.3830E-22  0.1639E-13  0.1933E-16  0.1637E-13  0.5773E-17   40.35       5.000       1.000       0.000    
         175   123.6       3.430      0.1126E+25  0.3009E+25  0.1690E+25  0.4445E+25  0.1218E-12  0.1562E-12  0.8242E-17  0.5441E-17  0.5920E-22  0.3908E-22  0.1722E-13  0.2011E-16  0.1719E-13  0.9611E-17   40.35       5.000       1.000       0.000    
         176   127.1       3.538      0.1119E+25  0.3065E+25  0.1679E+25  0.4507E+25  0.1234E-12  0.1572E-12  0.9733E-17  0.5658E-17  0.6842E-22  0.3978E-22  0.1808E-13  0.2090E-16  0.1805E-13  0.1442E-16   40.35       5.000       1.000       0.000    
         177   130.7       3.640      0.1110E+25  0.3117E+25  0.1668E+25  0.4565E+25  0.1248E-12  0.1584E-12  0.1143E-16  0.5857E-17  0.7881E-22  0.4037E-22  0.1896E-13  0.2167E-16  0.1891E-13  0.2031E-16   46.98       10.00       2.000       0.000    
         178   134.4       3.749      0.1103E+25  0.3173E+25  0.1658E+25  0.4625E+25  0.1263E-12  0.1594E-12  0.1342E-16  0.6064E-17  0.9050E-22  0.4090E-22  0.1992E-13  0.2248E-16  0.1986E-13  0.2757E-16   46.98       5.000       1.000       0.000    
         179   138.1       3.858      0.1097E+25  0.3230E+25  0.1648E+25  0.4682E+25  0.1278E-12  0.1604E-12  0.1569E-16  0.6264E-17  0.1036E-21  0.4136E-22  0.2092E-13  0.2330E-16  0.2086E-13  0.3639E-16   46.98       5.000       1.000       0.000    
         180   142.0       3.967      0.1090E+25  0.3286E+25  0.1637E+25  0.4739E+25  0.1293E-12  0.1614E-12  0.1830E-16  0.6459E-17  0.1183E-21  0.4173E-22  0.2198E-13  0.2414E-16  0.2190E-13  0.4701E-16   46.98       5.000       1.000       0.000    
         181   146.0       4.077      0.1083E+25  0.3342E+25  0.1627E+25  0.4794E+25  0.1307E-12  0.1624E-12  0.2129E-16  0.6646E-17  0.1346E-21  0.4203E-22  0.2309E-13  0.2498E-16  0.2300E-13  0.5971E-16   46.98       5.000       1.000       0.000    
         182   150.1       4.187      0.1076E+25  0.3398E+25  0.1617E+25  0.4849E+25  0.1322E-12  0.1634E-12  0.2468E-16  0.6826E-17  0.1528E-21  0.4225E-22  0.2425E-13  0.2583E-16  0.2414E-13  0.7478E-16   46.98       5.000       1.000       0.000    
         183   154.3       4.296      0.1070E+25  0.3453E+25  0.1606E+25  0.4902E+25  0.1335E-12  0.1644E-12  0.2854E-16  0.6998E-17  0.1729E-21  0.4239E-22  0.2547E-13  0.2669E-16  0.2535E-13  0.9260E-16   46.98       5.000       1.000       0.000    
         184   158.6       4.410      0.1065E+25  0.3512E+25  0.1596E+25  0.4955E+25  0.1350E-12  0.1652E-12  0.3296E-16  0.7169E-17  0.1952E-21  0.4245E-22  0.2679E-13  0.2759E-16  0.2664E-13  0.1138E-15   54.70       10.00       2.000       0.000    
         185   163.1       4.520      0.1058E+25  0.3566E+25  0.1586E+25  0.5007E+25  0.1363E-12  0.1663E-12  0.3791E-16  0.7325E-17  0.2197E-21  0.4246E-22  0.2814E-13  0.2846E-16  0.2796E-13  0.1383E-15   54.70       5.000       1.000       0.000    
         186   167.7       4.629      0.1051E+25  0.3620E+25  0.1576E+25  0.5058E+25  0.1377E-12  0.1673E-12  0.4349E-16  0.7473E-17  0.2468E-21  0.4240E-22  0.2955E-13  0.2935E-16  0.2935E-13  0.1668E-15   54.70       5.000       1.000       0.000    
         187   172.4       4.740      0.1044E+25  0.3674E+25  0.1565E+25  0.5109E+25  0.1389E-12  0.1684E-12  0.4978E-16  0.7613E-17  0.2765E-21  0.4228E-22  0.3103E-13  0.3025E-16  0.3080E-13  0.1999E-15   54.70       5.000       1.000       0.000    
         188   177.2       4.850      0.1038E+25  0.3727E+25  0.1555E+25  0.5159E+25  0.1402E-12  0.1695E-12  0.5685E-16  0.7744E-17  0.3091E-21  0.4211E-22  0.3259E-13  0.3116E-16  0.3232E-13  0.2382E-15   54.70       5.000       1.000       0.000    
         189   182.2       4.960      0.1031E+25  0.3780E+25  0.1545E+25  0.5209E+25  0.1414E-12  0.1706E-12  0.6476E-16  0.7867E-17  0.3447E-21  0.4187E-22  0.3423E-13  0.3208E-16  0.3391E-13  0.2823E-15   54.70       5.000       1.000       0.000    
         190   187.3       5.071      0.1025E+25  0.3833E+25  0.1534E+25  0.5258E+25  0.1427E-12  0.1717E-12  0.7362E-16  0.7981E-17  0.3836E-21  0.4159E-22  0.3594E-13  0.3301E-16  0.3557E-13  0.3330E-15   54.70       5.000       1.000       0.000    
         191   192.6       5.180      0.1017E+25  0.3882E+25  0.1524E+25  0.5308E+25  0.1438E-12  0.1730E-12  0.8350E-16  0.8086E-17  0.4264E-21  0.4130E-22  0.3771E-13  0.3395E-16  0.3730E-13  0.3908E-15   63.69       10.00       2.000       0.000    
         192   198.0       5.292      0.1010E+25  0.3934E+25  0.1513E+25  0.5357E+25  0.1450E-12  0.1741E-12  0.9450E-16  0.8184E-17  0.4725E-21  0.4092E-22  0.3960E-13  0.3491E-16  0.3912E-13  0.4570E-15   63.69       5.000       1.000       0.000    
         193   203.5       5.403      0.1004E+25  0.3985E+25  0.1503E+25  0.5407E+25  0.1462E-12  0.1752E-12  0.1067E-15  0.8274E-17  0.5225E-21  0.4050E-22  0.4158E-13  0.3588E-16  0.4103E-13  0.5323E-15   63.69       5.000       1.000       0.000    
         194   209.2       5.516      0.9973E+24  0.4036E+25  0.1493E+25  0.5456E+25  0.1474E-12  0.1764E-12  0.1203E-15  0.8356E-17  0.5766E-21  0.4004E-22  0.4366E-13  0.3687E-16  0.4302E-13  0.6178E-15   63.69       5.000       1.000       0.000    
         195   215.1       5.629      0.9908E+24  0.4087E+25  0.1483E+25  0.5505E+25  0.1485E-12  0.1775E-12  0.1354E-15  0.8431E-17  0.6351E-21  0.3955E-22  0.4585E-13  0.3788E-16  0.4511E-13  0.7148E-15   63.69       5.000       1.000       0.000    
         196   221.2       5.742      0.9843E+24  0.4137E+25  0.1473E+25  0.5555E+25  0.1497E-12  0.1787E-12  0.1520E-15  0.8497E-17  0.6983E-21  0.3903E-22  0.4814E-13  0.3890E-16  0.4729E-13  0.8244E-15   63.69       5.000       1.000       0.000    
         197   227.4       5.857      0.9778E+24  0.4188E+25  0.1462E+25  0.5605E+25  0.1508E-12  0.1799E-12  0.1704E-15  0.8556E-17  0.7664E-21  0.3849E-22  0.5055E-13  0.3994E-16  0.4957E-13  0.9481E-15   63.69       5.000       1.000       0.000    
         198   233.7       5.972      0.9717E+24  0.4240E+25  0.1452E+25  0.5656E+25  0.1519E-12  0.1810E-12  0.1906E-15  0.8611E-17  0.8394E-21  0.3791E-22  0.5309E-13  0.4101E-16  0.5196E-13  0.1088E-14   74.16       10.00       2.000       0.000    
         199   240.3       6.089      0.9652E+24  0.4289E+25  0.1442E+25  0.5707E+25  0.1530E-12  0.1822E-12  0.2129E-15  0.8655E-17  0.9180E-21  0.3732E-22  0.5574E-13  0.4210E-16  0.5445E-13  0.1244E-14   74.16       5.000       1.000       0.000    
         200   247.1       6.206      0.9587E+24  0.4339E+25  0.1432E+25  0.5758E+25  0.1542E-12  0.1835E-12  0.2374E-15  0.8692E-17  0.1002E-20  0.3670E-22  0.5851E-13  0.4320E-16  0.5705E-13  0.1420E-14   74.16       5.000       1.000       0.000    
         201   254.0       6.325      0.9522E+24  0.4388E+25  0.1422E+25  0.5810E+25  0.1553E-12  0.1847E-12  0.2642E-15  0.8723E-17  0.1092E-20  0.3607E-22  0.6143E-13  0.4433E-16  0.5976E-13  0.1616E-14   74.16       5.000       1.000       0.000    
         202   261.1       6.445      0.9457E+24  0.4438E+25  0.1412E+25  0.5862E+25  0.1564E-12  0.1860E-12  0.2936E-15  0.8747E-17  0.1189E-20  0.3542E-22  0.6448E-13  0.4548E-16  0.6260E-13  0.1836E-14   74.16       5.000       1.000       0.000    
         203   268.4       6.566      0.9392E+24  0.4487E+25  0.1402E+25  0.5915E+25  0.1575E-12  0.1873E-12  0.3257E-15  0.8764E-17  0.1292E-20  0.3476E-22  0.6769E-13  0.4666E-16  0.6555E-13  0.2082E-14   74.16       5.000       1.000       0.000    
         204   276.0       6.688      0.9327E+24  0.4535E+25  0.1392E+25  0.5969E+25  0.1586E-12  0.1886E-12  0.3607E-15  0.8773E-17  0.1401E-20  0.3408E-22  0.7104E-13  0.4786E-16  0.6864E-13  0.2355E-14   86.35       10.00       2.000       0.000    
         205   283.7       6.812      0.9262E+24  0.4584E+25  0.1383E+25  0.6024E+25  0.1597E-12  0.1899E-12  0.3990E-15  0.8778E-17  0.1518E-20  0.3340E-22  0.7456E-13  0.4909E-16  0.7186E-13  0.2659E-14   86.35       5.000       1.000       0.000    
         206   291.7       6.938      0.9198E+24  0.4634E+25  0.1373E+25  0.6079E+25  0.1608E-12  0.1912E-12  0.4405E-15  0.8777E-17  0.1642E-20  0.3271E-22  0.7826E-13  0.5035E-16  0.7521E-13  0.2997E-14   86.35       5.000       1.000       0.000    
         207   299.9       7.067      0.9133E+24  0.4683E+25  0.1363E+25  0.6136E+25  0.1619E-12  0.1926E-12  0.4857E-15  0.8770E-17  0.1773E-20  0.3202E-22  0.8214E-13  0.5164E-16  0.7872E-13  0.3372E-14   86.35       5.000       1.000       0.000    
         208   308.3       7.197      0.9069E+24  0.4733E+25  0.1353E+25  0.6193E+25  0.1630E-12  0.1939E-12  0.5348E-15  0.8758E-17  0.1913E-20  0.3132E-22  0.8620E-13  0.5296E-16  0.8236E-13  0.3787E-14   86.35       6.000       1.000       0.000    
         209   317.0       7.329      0.9005E+24  0.4783E+25  0.1344E+25  0.6251E+25  0.1642E-12  0.1953E-12  0.5879E-15  0.8740E-17  0.2060E-20  0.3062E-22  0.9047E-13  0.5432E-16  0.8617E-13  0.4246E-14   86.35       6.000       1.000       0.000    
         210   325.9       7.464      0.8944E+24  0.4836E+25  0.1334E+25  0.6313E+25  0.1653E-12  0.1966E-12  0.6457E-15  0.8721E-17  0.2215E-20  0.2992E-22  0.9497E-13  0.5572E-16  0.9015E-13  0.4756E-14   100.5       12.00       2.000       0.000    
         211   335.0       7.600      0.8880E+24  0.4887E+25  0.1325E+25  0.6373E+25  0.1664E-12  0.1981E-12  0.7079E-15  0.8693E-17  0.2380E-20  0.2922E-22  0.9966E-13  0.5715E-16  0.9428E-13  0.5317E-14   100.5       6.000       1.000       0.000    
         212   344.4       7.739      0.8816E+24  0.4937E+25  0.1315E+25  0.6434E+25  0.1676E-12  0.1995E-12  0.7750E-15  0.8661E-17  0.2553E-20  0.2852E-22  0.1046E-12  0.5861E-16  0.9858E-13  0.5934E-14   100.5       6.000       1.000       0.000    
         213   354.1       7.881      0.8752E+24  0.4988E+25  0.1306E+25  0.6497E+25  0.1687E-12  0.2010E-12  0.8474E-15  0.8624E-17  0.2735E-20  0.2783E-22  0.1097E-12  0.6011E-16  0.1030E-12  0.6613E-14   100.5       6.000       1.000       0.000    
         214   364.0       8.025      0.8689E+24  0.5039E+25  0.1296E+25  0.6561E+25  0.1698E-12  0.2024E-12  0.9254E-15  0.8583E-17  0.2926E-20  0.2714E-22  0.1151E-12  0.6164E-16  0.1077E-12  0.7360E-14   100.5       6.000       1.000       0.000    
         215   374.2       8.171      0.8624E+24  0.5090E+25  0.1287E+25  0.6626E+25  0.1710E-12  0.2039E-12  0.1009E-14  0.8538E-17  0.3127E-20  0.2645E-22  0.1208E-12  0.6323E-16  0.1125E-12  0.8180E-14   117.1       12.00       2.000       0.000    
         216   384.7       8.321      0.8561E+24  0.5142E+25  0.1278E+25  0.6692E+25  0.1722E-12  0.2054E-12  0.1099E-14  0.8489E-17  0.3337E-20  0.2577E-22  0.1267E-12  0.6485E-16  0.1176E-12  0.9079E-14   117.1       6.000       1.000       0.000    
         217   395.5       8.473      0.8498E+24  0.5194E+25  0.1268E+25  0.6760E+25  0.1733E-12  0.2070E-12  0.1196E-14  0.8435E-17  0.3558E-20  0.2510E-22  0.1330E-12  0.6651E-16  0.1228E-12  0.1007E-13   117.1       6.000       1.000       0.000    
         218   406.6       8.629      0.8435E+24  0.5247E+25  0.1259E+25  0.6829E+25  0.1745E-12  0.2085E-12  0.1299E-14  0.8378E-17  0.3788E-20  0.2443E-22  0.1395E-12  0.6823E-16  0.1283E-12  0.1114E-13   117.1       6.000       1.000       0.000    
         219   418.1       8.788      0.8372E+24  0.5300E+25  0.1250E+25  0.6900E+25  0.1757E-12  0.2101E-12  0.1410E-14  0.8318E-17  0.4029E-20  0.2377E-22  0.1463E-12  0.6999E-16  0.1339E-12  0.1232E-13   117.1       6.000       1.000       0.000    
         220   429.8       8.950      0.8309E+24  0.5354E+25  0.1241E+25  0.6972E+25  0.1769E-12  0.2117E-12  0.1528E-14  0.8254E-17  0.4280E-20  0.2311E-22  0.1535E-12  0.7180E-16  0.1398E-12  0.1361E-13   117.1       6.000       1.000       0.000    
         221   441.9       9.114      0.8245E+24  0.5407E+25  0.1232E+25  0.7046E+25  0.1781E-12  0.2133E-12  0.1655E-14  0.8185E-17  0.4542E-20  0.2247E-22  0.1610E-12  0.7366E-16  0.1459E-12  0.1502E-13   136.3       12.00       2.000       0.000    
         222   454.3       9.284      0.8182E+24  0.5463E+25  0.1223E+25  0.7121E+25  0.1793E-12  0.2150E-12  0.1790E-14  0.8115E-17  0.4815E-20  0.2183E-22  0.1689E-12  0.7558E-16  0.1522E-12  0.1655E-13   136.3       6.000       1.000       0.000    
         223   467.0       9.457      0.8120E+24  0.5518E+25  0.1213E+25  0.7198E+25  0.1806E-12  0.2166E-12  0.1933E-14  0.8042E-17  0.5098E-20  0.2121E-22  0.1771E-12  0.7755E-16  0.1588E-12  0.1822E-13   136.3       6.000       1.000       0.000    
         224   480.1       9.634      0.8058E+24  0.5574E+25  0.1204E+25  0.7276E+25  0.1818E-12  0.2183E-12  0.2086E-14  0.7966E-17  0.5393E-20  0.2059E-22  0.1858E-12  0.7957E-16  0.1656E-12  0.2003E-13   136.3       6.000       1.000       0.000    
         225   493.6       9.816      0.7996E+24  0.5631E+25  0.1195E+25  0.7356E+25  0.1831E-12  0.2200E-12  0.2249E-14  0.7888E-17  0.5699E-20  0.1999E-22  0.1948E-12  0.8166E-16  0.1727E-12  0.2201E-13   136.3       6.000       1.000       0.000    
         226   507.5       9.999      0.7933E+24  0.5688E+25  0.1187E+25  0.7438E+25  0.1844E-12  0.2217E-12  0.2422E-14  0.7808E-17  0.6016E-20  0.1939E-22  0.2043E-12  0.8382E-16  0.1801E-12  0.2415E-13   158.7       12.00       2.000       0.000    
         227   521.7       10.19      0.7871E+24  0.5746E+25  0.1178E+25  0.7521E+25  0.1856E-12  0.2234E-12  0.2605E-14  0.7724E-17  0.6344E-20  0.1881E-22  0.2142E-12  0.8603E-16  0.1877E-12  0.2648E-13   158.7       6.000       1.000       0.000    
         228   536.4       10.38      0.7810E+24  0.5805E+25  0.1169E+25  0.7606E+25  0.1869E-12  0.2252E-12  0.2799E-14  0.7639E-17  0.6683E-20  0.1824E-22  0.2247E-12  0.8831E-16  0.1956E-12  0.2900E-13   158.7       6.000       1.000       0.000    
         229   551.4       10.58      0.7748E+24  0.5865E+25  0.1160E+25  0.7693E+25  0.1882E-12  0.2270E-12  0.3005E-14  0.7551E-17  0.7034E-20  0.1767E-22  0.2356E-12  0.9066E-16  0.2038E-12  0.3174E-13   158.7       6.000       1.000       0.000    
         230   566.9       10.79      0.7687E+24  0.5926E+25  0.1151E+25  0.7782E+25  0.1895E-12  0.2288E-12  0.3223E-14  0.7462E-17  0.7396E-20  0.1712E-22  0.2470E-12  0.9308E-16  0.2123E-12  0.3470E-13   158.7       6.000       1.000       0.000    
         231   582.8       10.99      0.7626E+24  0.5989E+25  0.1142E+25  0.7874E+25  0.1909E-12  0.2306E-12  0.3454E-14  0.7372E-17  0.7771E-20  0.1659E-22  0.2590E-12  0.9560E-16  0.2211E-12  0.3791E-13   184.8       12.00       2.000       0.000    
         232   599.2       11.21      0.7565E+24  0.6051E+25  0.1134E+25  0.7967E+25  0.1922E-12  0.2325E-12  0.3697E-14  0.7279E-17  0.8156E-20  0.1606E-22  0.2716E-12  0.9818E-16  0.2301E-12  0.4137E-13   184.8       6.000       1.000       0.000    
         233   616.0       11.43      0.7504E+24  0.6115E+25  0.1125E+25  0.8061E+25  0.1936E-12  0.2344E-12  0.3953E-14  0.7185E-17  0.8553E-20  0.1554E-22  0.2847E-12  0.1008E-15  0.2395E-12  0.4511E-13   184.8       6.000       1.000       0.000    
         234   633.3       11.65      0.7443E+24  0.6179E+25  0.1116E+25  0.8158E+25  0.1950E-12  0.2363E-12  0.4224E-14  0.7089E-17  0.8961E-20  0.1504E-22  0.2985E-12  0.1036E-15  0.2493E-12  0.4915E-13   184.8       6.000       1.000       0.000    
         235   651.1       11.88      0.7382E+24  0.6244E+25  0.1107E+25  0.8257E+25  0.1963E-12  0.2383E-12  0.4508E-14  0.6991E-17  0.9380E-20  0.1455E-22  0.3129E-12  0.1064E-15  0.2593E-12  0.5351E-13   184.8       7.000       1.000       0.000    
         236   669.3       12.12      0.7321E+24  0.6311E+25  0.1099E+25  0.8359E+25  0.1978E-12  0.2402E-12  0.4808E-14  0.6895E-17  0.9812E-20  0.1407E-22  0.3280E-12  0.1093E-15  0.2697E-12  0.5821E-13   215.1       14.00       2.000       0.000    
         237   688.1       12.36      0.7261E+24  0.6378E+25  0.1090E+25  0.8463E+25  0.1992E-12  0.2422E-12  0.5123E-14  0.6795E-17  0.1025E-19  0.1360E-22  0.3438E-12  0.1123E-15  0.2805E-12  0.6327E-13   215.1       7.000       1.000       0.000    
         238   707.5       12.61      0.7200E+24  0.6446E+25  0.1081E+25  0.8569E+25  0.2006E-12  0.2443E-12  0.5454E-14  0.6694E-17  0.1071E-19  0.1314E-22  0.3604E-12  0.1154E-15  0.2916E-12  0.6871E-13   215.1       7.000       1.000       0.000    
         239   727.3       12.86      0.7140E+24  0.6516E+25  0.1073E+25  0.8677E+25  0.2020E-12  0.2463E-12  0.5802E-14  0.6593E-17  0.1117E-19  0.1270E-22  0.3777E-12  0.1186E-15  0.3031E-12  0.7458E-13   215.1       7.000       1.000       0.000    
         240   747.7       13.12      0.7081E+24  0.6588E+25  0.1064E+25  0.8791E+25  0.2035E-12  0.2484E-12  0.6167E-14  0.6491E-17  0.1165E-19  0.1226E-22  0.3959E-12  0.1220E-15  0.3149E-12  0.8090E-13   250.5       14.00       2.000       0.000    
         241   768.7       13.39      0.7021E+24  0.6659E+25  0.1056E+25  0.8904E+25  0.2050E-12  0.2505E-12  0.6549E-14  0.6388E-17  0.1213E-19  0.1184E-22  0.4149E-12  0.1254E-15  0.3272E-12  0.8767E-13   250.5       7.000       1.000       0.000    
         242   790.3       13.67      0.6962E+24  0.6732E+25  0.1047E+25  0.9021E+25  0.2065E-12  0.2526E-12  0.6950E-14  0.6285E-17  0.1263E-19  0.1142E-22  0.4348E-12  0.1289E-15  0.3398E-12  0.9495E-13   250.5       7.000       1.000       0.000    
         243   812.5       13.95      0.6902E+24  0.6807E+25  0.1039E+25  0.9140E+25  0.2080E-12  0.2548E-12  0.7368E-14  0.6181E-17  0.1314E-19  0.1102E-22  0.4556E-12  0.1326E-15  0.3528E-12  0.1028E-12   250.5       7.000       1.000       0.000    
         244   835.3       14.24      0.6843E+24  0.6882E+25  0.1030E+25  0.9263E+25  0.2095E-12  0.2570E-12  0.7806E-14  0.6077E-17  0.1366E-19  0.1063E-22  0.4774E-12  0.1363E-15  0.3662E-12  0.1112E-12   250.5       7.000       1.000       0.000    
         245   858.8       14.54      0.6784E+24  0.6959E+25  0.1022E+25  0.9390E+25  0.2110E-12  0.2593E-12  0.8265E-14  0.5974E-17  0.1419E-19  0.1026E-22  0.5003E-12  0.1402E-15  0.3800E-12  0.1202E-12   291.6       14.00       2.000       0.000    
         246   882.9       14.85      0.6725E+24  0.7038E+25  0.1014E+25  0.9519E+25  0.2126E-12  0.2615E-12  0.8743E-14  0.5870E-17  0.1473E-19  0.9886E-23  0.5242E-12  0.1443E-15  0.3943E-12  0.1298E-12   291.6       7.000       1.000       0.000    
         247   907.6       15.17      0.6666E+24  0.7118E+25  0.1006E+25  0.9652E+25  0.2141E-12  0.2638E-12  0.9242E-14  0.5765E-17  0.1527E-19  0.9528E-23  0.5492E-12  0.1484E-15  0.4090E-12  0.1402E-12   291.6       7.000       1.000       0.000    
         248   933.1       15.49      0.6608E+24  0.7199E+25  0.9973E+24  0.9789E+25  0.2157E-12  0.2662E-12  0.9762E-14  0.5661E-17  0.1583E-19  0.9180E-23  0.5754E-12  0.1527E-15  0.4241E-12  0.1512E-12   291.6       7.000       1.000       0.000    
         249   959.3       15.82      0.6549E+24  0.7282E+25  0.9893E+24  0.9930E+25  0.2173E-12  0.2686E-12  0.1030E-13  0.5557E-17  0.1640E-19  0.8845E-23  0.6027E-12  0.1572E-15  0.4396E-12  0.1631E-12   339.6       14.00       2.000       0.000    
         250   986.3       16.17      0.6491E+24  0.7367E+25  0.9812E+24  0.1007E+26  0.2189E-12  0.2710E-12  0.1087E-13  0.5452E-17  0.1698E-19  0.8517E-23  0.6314E-12  0.1618E-15  0.4556E-12  0.1757E-12   339.6       7.000       1.000       0.000    
         251   1014.       16.52      0.6433E+24  0.7454E+25  0.9731E+24  0.1022E+26  0.2205E-12  0.2734E-12  0.1146E-13  0.5348E-17  0.1756E-19  0.8199E-23  0.6614E-12  0.1665E-15  0.4720E-12  0.1893E-12   339.6       7.000       1.000       0.000    
         252   1042.       16.89      0.6376E+24  0.7544E+25  0.9651E+24  0.1038E+26  0.2222E-12  0.2759E-12  0.1207E-13  0.5243E-17  0.1816E-19  0.7889E-23  0.6928E-12  0.1715E-15  0.4889E-12  0.2039E-12   339.6       7.000       1.000       0.000    
         253   1072.       17.27      0.6321E+24  0.7639E+25  0.9574E+24  0.1054E+26  0.2238E-12  0.2783E-12  0.1271E-13  0.5141E-17  0.1876E-19  0.7589E-23  0.7259E-12  0.1766E-15  0.5064E-12  0.2195E-12   395.4       15.00       2.000       0.000    
         254   1102.       17.66      0.6264E+24  0.7732E+25  0.9496E+24  0.1070E+26  0.2255E-12  0.2808E-12  0.1337E-13  0.5038E-17  0.1937E-19  0.7300E-23  0.7604E-12  0.1818E-15  0.5243E-12  0.2361E-12   395.4       8.000       1.000       0.000    
         255   1133.       18.05      0.6208E+24  0.7826E+25  0.9418E+24  0.1087E+26  0.2272E-12  0.2833E-12  0.1405E-13  0.4936E-17  0.1998E-19  0.7020E-23  0.7965E-12  0.1873E-15  0.5427E-12  0.2538E-12   395.4       8.000       1.000       0.000    
         256   1164.       18.46      0.6152E+24  0.7923E+25  0.9341E+24  0.1104E+26  0.2288E-12  0.2859E-12  0.1476E-13  0.4835E-17  0.2061E-19  0.6749E-23  0.8342E-12  0.1929E-15  0.5616E-12  0.2727E-12   395.4       8.000       1.000       0.000    
         257   1197.       18.88      0.6095E+24  0.8022E+25  0.9266E+24  0.1122E+26  0.2306E-12  0.2885E-12  0.1550E-13  0.4735E-17  0.2124E-19  0.6489E-23  0.8736E-12  0.1987E-15  0.5808E-12  0.2928E-12   460.3       16.00       2.000       0.000    
         258   1231.       19.32      0.6040E+24  0.8124E+25  0.9190E+24  0.1141E+26  0.2323E-12  0.2912E-12  0.1626E-13  0.4635E-17  0.2187E-19  0.6235E-23  0.9150E-12  0.2047E-15  0.6007E-12  0.3143E-12   460.3       8.000       1.000       0.000    
         259   1265.       19.77      0.5986E+24  0.8228E+25  0.9116E+24  0.1160E+26  0.2340E-12  0.2938E-12  0.1705E-13  0.4536E-17  0.2251E-19  0.5989E-23  0.9583E-12  0.2109E-15  0.6211E-12  0.3373E-12   460.3       8.000       1.000       0.000    
         260   1301.       20.23      0.5931E+24  0.8335E+25  0.9042E+24  0.1179E+26  0.2357E-12  0.2965E-12  0.1787E-13  0.4437E-17  0.2316E-19  0.5751E-23  0.1004E-11  0.2173E-15  0.6420E-12  0.3617E-12   460.3       8.000       1.000       0.000    
         261   1337.       20.71      0.5878E+24  0.8446E+25  0.8971E+24  0.1200E+26  0.2375E-12  0.2992E-12  0.1872E-13  0.4340E-17  0.2381E-19  0.5521E-23  0.1051E-11  0.2240E-15  0.6635E-12  0.3879E-12   536.0       16.00       2.000       0.000    
         262   1375.       21.20      0.5825E+24  0.8559E+25  0.8899E+24  0.1221E+26  0.2393E-12  0.3020E-12  0.1960E-13  0.4244E-17  0.2447E-19  0.5299E-23  0.1101E-11  0.2309E-15  0.6854E-12  0.4158E-12   536.0       8.000       1.000       0.000    
         263   1414.       21.71      0.5772E+24  0.8674E+25  0.8828E+24  0.1243E+26  0.2410E-12  0.3047E-12  0.2050E-13  0.4148E-17  0.2513E-19  0.5084E-23  0.1153E-11  0.2380E-15  0.7079E-12  0.4454E-12   536.0       8.000       1.000       0.000    
         264   1453.       22.24      0.5720E+24  0.8799E+25  0.8760E+24  0.1266E+26  0.2428E-12  0.3075E-12  0.2144E-13  0.4054E-17  0.2579E-19  0.4877E-23  0.1208E-11  0.2455E-15  0.7311E-12  0.4771E-12   624.0       16.00       2.000       0.000    
         265   1494.       22.78      0.5668E+24  0.8921E+25  0.8690E+24  0.1289E+26  0.2446E-12  0.3103E-12  0.2240E-13  0.3961E-17  0.2646E-19  0.4677E-23  0.1265E-11  0.2531E-15  0.7546E-12  0.5108E-12   624.0       8.000       1.000       0.000    
         266   1536.       23.34      0.5616E+24  0.9047E+25  0.8620E+24  0.1313E+26  0.2464E-12  0.3132E-12  0.2340E-13  0.3868E-17  0.2712E-19  0.4484E-23  0.1325E-11  0.2610E-15  0.7787E-12  0.5465E-12   624.0       8.000       1.000       0.000    
         267   1579.       23.92      0.5565E+24  0.9176E+25  0.8552E+24  0.1338E+26  0.2482E-12  0.3160E-12  0.2442E-13  0.3777E-17  0.2779E-19  0.4298E-23  0.1388E-11  0.2691E-15  0.8033E-12  0.5846E-12   624.0       8.000       1.000       0.000    
         268   1623.       24.51      0.5514E+24  0.9309E+25  0.8486E+24  0.1364E+26  0.2500E-12  0.3190E-12  0.2548E-13  0.3688E-17  0.2846E-19  0.4119E-23  0.1453E-11  0.2777E-15  0.8285E-12  0.6251E-12   726.5       17.00       2.000       0.000    
         269   1669.       25.13      0.5464E+24  0.9446E+25  0.8419E+24  0.1391E+26  0.2519E-12  0.3219E-12  0.2657E-13  0.3599E-17  0.2913E-19  0.3946E-23  0.1522E-11  0.2864E-15  0.8542E-12  0.6682E-12   726.5       9.000       1.000       0.000    
         270   1716.       25.77      0.5415E+24  0.9587E+25  0.8352E+24  0.1418E+26  0.2537E-12  0.3248E-12  0.2769E-13  0.3511E-17  0.2980E-19  0.3779E-23  0.1594E-11  0.2955E-15  0.8805E-12  0.7140E-12   726.5       9.000       1.000       0.000    
         271   1764.       26.42      0.5366E+24  0.9735E+25  0.8290E+24  0.1447E+26  0.2555E-12  0.3277E-12  0.2884E-13  0.3424E-17  0.3047E-19  0.3617E-23  0.1670E-11  0.3050E-15  0.9075E-12  0.7629E-12   845.9       18.00       2.000       0.000    
         272   1813.       27.11      0.5318E+24  0.9885E+25  0.8225E+24  0.1477E+26  0.2574E-12  0.3307E-12  0.3002E-13  0.3339E-17  0.3113E-19  0.3462E-23  0.1749E-11  0.3147E-15  0.9348E-12  0.8146E-12   845.9       9.000       1.000       0.000    
         273   1864.       27.81      0.5270E+24  0.1004E+26  0.8160E+24  0.1508E+26  0.2592E-12  0.3338E-12  0.3124E-13  0.3255E-17  0.3180E-19  0.3313E-23  0.1832E-11  0.3248E-15  0.9627E-12  0.8696E-12   845.9       9.000       1.000       0.000    
         274   1917.       28.54      0.5222E+24  0.1020E+26  0.8097E+24  0.1539E+26  0.2610E-12  0.3368E-12  0.3249E-13  0.3172E-17  0.3245E-19  0.3169E-23  0.1919E-11  0.3353E-15  0.9912E-12  0.9280E-12   845.9       9.000       1.000       0.000    
         275   1971.       29.29      0.5176E+24  0.1037E+26  0.8036E+24  0.1573E+26  0.2629E-12  0.3398E-12  0.3377E-13  0.3091E-17  0.3311E-19  0.3031E-23  0.2010E-11  0.3462E-15  0.1020E-11  0.9902E-12   984.9       18.00       2.000       0.000    
         276   2026.       30.07      0.5129E+24  0.1054E+26  0.7974E+24  0.1607E+26  0.2648E-12  0.3429E-12  0.3508E-13  0.3011E-17  0.3376E-19  0.2898E-23  0.2105E-11  0.3575E-15  0.1050E-11  0.1056E-11   984.9       9.000       1.000       0.000    
         277   2083.       30.88      0.5083E+24  0.1071E+26  0.7912E+24  0.1642E+26  0.2666E-12  0.3460E-12  0.3642E-13  0.2933E-17  0.3441E-19  0.2770E-23  0.2205E-11  0.3691E-15  0.1080E-11  0.1126E-11   984.9       9.000       1.000       0.000    
         278   2141.       31.71      0.5038E+24  0.1089E+26  0.7853E+24  0.1679E+26  0.2685E-12  0.3491E-12  0.3780E-13  0.2856E-17  0.3505E-19  0.2648E-23  0.2310E-11  0.3813E-15  0.1111E-11  0.1200E-11   1147.       18.00       2.000       0.000    
         279   2201.       32.58      0.4993E+24  0.1108E+26  0.7793E+24  0.1717E+26  0.2704E-12  0.3523E-12  0.3921E-13  0.2780E-17  0.3568E-19  0.2529E-23  0.2419E-11  0.3938E-15  0.1142E-11  0.1279E-11   1147.       9.000       1.000       0.000    
         280   2263.       33.48      0.4949E+24  0.1127E+26  0.7733E+24  0.1756E+26  0.2722E-12  0.3554E-12  0.4065E-13  0.2705E-17  0.3630E-19  0.2416E-23  0.2535E-11  0.4068E-15  0.1173E-11  0.1362E-11   1147.       9.000       1.000      -1.000    
         281   2327.       34.41      0.4905E+24  0.1147E+26  0.7674E+24  0.1797E+26  0.2741E-12  0.3586E-12  0.4213E-13  0.2632E-17  0.3692E-19  0.2306E-23  0.2655E-11  0.4203E-15  0.1205E-11  0.1451E-11   1147.       9.000       1.000      -1.000    
         282   2392.       35.37      0.4863E+24  0.1169E+26  0.7619E+24  0.1841E+26  0.2760E-12  0.3617E-12  0.4364E-13  0.2560E-17  0.3752E-19  0.2200E-23  0.2783E-11  0.4345E-15  0.1238E-11  0.1546E-11   1335.       19.00       2.000      -1.000    
         283   2459.       36.37      0.4821E+24  0.1190E+26  0.7562E+24  0.1885E+26  0.2778E-12  0.3649E-12  0.4518E-13  0.2489E-17  0.3811E-19  0.2100E-23  0.2915E-11  0.4490E-15  0.1271E-11  0.1645E-11   1335.       10.00       1.000      -1.000    
         284   2528.       37.40      0.4778E+24  0.1212E+26  0.7504E+24  0.1930E+26  0.2797E-12  0.3681E-12  0.4675E-13  0.2419E-17  0.3870E-19  0.2003E-23  0.3054E-11  0.4641E-15  0.1305E-11  0.1751E-11   1335.       10.00       1.000      -1.000    
         285   2599.       38.47      0.4737E+24  0.1235E+26  0.7451E+24  0.1979E+26  0.2815E-12  0.3713E-12  0.4835E-13  0.2352E-17  0.3928E-19  0.1910E-23  0.3200E-11  0.4799E-15  0.1339E-11  0.1863E-11   1555.       20.00       2.000      -1.000    
         286   2672.       39.59      0.4696E+24  0.1258E+26  0.7395E+24  0.2028E+26  0.2834E-12  0.3746E-12  0.4998E-13  0.2285E-17  0.3984E-19  0.1821E-23  0.3353E-11  0.4962E-15  0.1374E-11  0.1981E-11   1555.       10.00       1.000      -1.000    
         287   2747.       40.74      0.4655E+24  0.1283E+26  0.7340E+24  0.2079E+26  0.2852E-12  0.3778E-12  0.5164E-13  0.2220E-17  0.4038E-19  0.1736E-23  0.3513E-11  0.5131E-15  0.1409E-11  0.2107E-11   1555.       10.00       1.000      -1.000    
         288   2824.       41.93      0.4616E+24  0.1309E+26  0.7288E+24  0.2134E+26  0.2871E-12  0.3810E-12  0.5335E-13  0.2156E-17  0.4092E-19  0.1654E-23  0.3682E-11  0.5308E-15  0.1445E-11  0.2240E-11   1810.       20.00       2.000      -1.000    
         289   2904.       43.18      0.4577E+24  0.1335E+26  0.7234E+24  0.2189E+26  0.2889E-12  0.3843E-12  0.5506E-13  0.2093E-17  0.4144E-19  0.1575E-23  0.3858E-11  0.5490E-15  0.1480E-11  0.2381E-11   1810.       10.00       1.000      -1.000    
         290   2985.       44.47      0.4538E+24  0.1362E+26  0.7181E+24  0.2247E+26  0.2908E-12  0.3876E-12  0.5681E-13  0.2032E-17  0.4194E-19  0.1500E-23  0.4043E-11  0.5680E-15  0.1517E-11  0.2530E-11   1810.       10.00       1.000      -1.000    
         291   3069.       45.81      0.4501E+24  0.1391E+26  0.7133E+24  0.2309E+26  0.2926E-12  0.3907E-12  0.5861E-13  0.1971E-17  0.4243E-19  0.1427E-23  0.4239E-11  0.5880E-15  0.1554E-11  0.2689E-11   2107.       20.00       2.000      -1.000    
         292   3155.       47.20      0.4463E+24  0.1420E+26  0.7082E+24  0.2372E+26  0.2944E-12  0.3940E-12  0.6041E-13  0.1912E-17  0.4290E-19  0.1358E-23  0.4443E-11  0.6085E-15  0.1591E-11  0.2856E-11   2107.       10.00       1.000      -1.000    
         293   3244.       48.65      0.4426E+24  0.1451E+26  0.7031E+24  0.2438E+26  0.2962E-12  0.3974E-12  0.6224E-13  0.1854E-17  0.4335E-19  0.1291E-23  0.4657E-11  0.6297E-15  0.1628E-11  0.3032E-11   2107.       10.00       1.000      -1.000    
         294   3335.       50.14      0.4389E+24  0.1482E+26  0.6983E+24  0.2507E+26  0.2981E-12  0.4007E-12  0.6409E-13  0.1799E-17  0.4379E-19  0.1229E-23  0.4880E-11  0.6520E-15  0.1666E-11  0.3219E-11   2454.       21.00       2.000      -1.000    
         295   3428.       51.70      0.4353E+24  0.1515E+26  0.6934E+24  0.2579E+26  0.2999E-12  0.4041E-12  0.6597E-13  0.1743E-17  0.4421E-19  0.1168E-23  0.5116E-11  0.6750E-15  0.1704E-11  0.3416E-11   2454.       11.00       1.000      -1.000    
         296   3524.       53.33      0.4318E+24  0.1548E+26  0.6886E+24  0.2654E+26  0.3016E-12  0.4074E-12  0.6788E-13  0.1689E-17  0.4461E-19  0.1110E-23  0.5363E-11  0.6989E-15  0.1743E-11  0.3625E-11   2454.       11.00       1.000      -1.000    
         297   3623.       55.02      0.4283E+24  0.1584E+26  0.6842E+24  0.2734E+26  0.3035E-12  0.4106E-12  0.6982E-13  0.1636E-17  0.4499E-19  0.1054E-23  0.5623E-11  0.7242E-15  0.1782E-11  0.3848E-11   2857.       22.00       2.000      -1.000    
         298   3725.       56.78      0.4249E+24  0.1621E+26  0.6796E+24  0.2816E+26  0.3052E-12  0.4139E-12  0.7177E-13  0.1584E-17  0.4534E-19  0.1001E-23  0.5896E-11  0.7501E-15  0.1821E-11  0.4081E-11   2857.       11.00       1.000      -1.000    
         299   3830.       58.61      0.4215E+24  0.1659E+26  0.6750E+24  0.2902E+26  0.3070E-12  0.4173E-12  0.7374E-13  0.1534E-17  0.4568E-19  0.9501E-24  0.6182E-11  0.7770E-15  0.1860E-11  0.4329E-11   2857.       11.00       1.000      -1.000    
         300   3937.       60.52      0.4184E+24  0.1700E+26  0.6711E+24  0.2996E+26  0.3088E-12  0.4204E-12  0.7575E-13  0.1484E-17  0.4599E-19  0.9011E-24  0.6485E-11  0.8057E-15  0.1900E-11  0.4593E-11   3326.       22.00       2.000      -1.000    
         301   4048.       62.51      0.4151E+24  0.1741E+26  0.6668E+24  0.3090E+26  0.3105E-12  0.4237E-12  0.7776E-13  0.1436E-17  0.4628E-19  0.8546E-24  0.6801E-11  0.8349E-15  0.1940E-11  0.4870E-11   3326.       11.00       1.000      -1.000    
         302   4161.       64.59      0.4119E+24  0.1784E+26  0.6625E+24  0.3190E+26  0.3122E-12  0.4270E-12  0.7978E-13  0.1389E-17  0.4655E-19  0.8101E-24  0.7133E-11  0.8653E-15  0.1979E-11  0.5162E-11   3326.       11.00       1.000      -1.000    
         303   4278.       66.75      0.4089E+24  0.1831E+26  0.6588E+24  0.3298E+26  0.3140E-12  0.4301E-12  0.8186E-13  0.1343E-17  0.4679E-19  0.7676E-24  0.7485E-11  0.8977E-15  0.2020E-11  0.5474E-11   3872.       22.00       2.000      -1.000    
         304   4398.       69.00      0.4059E+24  0.1878E+26  0.6548E+24  0.3408E+26  0.3157E-12  0.4334E-12  0.8391E-13  0.1298E-17  0.4701E-19  0.7271E-24  0.7851E-11  0.9307E-15  0.2060E-11  0.5801E-11   3872.       11.00       1.000      -1.000    
         305   4522.       71.35      0.4028E+24  0.1927E+26  0.6509E+24  0.3524E+26  0.3173E-12  0.4366E-12  0.8598E-13  0.1254E-17  0.4720E-19  0.6884E-24  0.8237E-11  0.9651E-15  0.2100E-11  0.6146E-11   3872.       11.00       1.000      -1.000    
         306   4649.       73.80      0.3999E+24  0.1979E+26  0.6476E+24  0.3649E+26  0.3190E-12  0.4398E-12  0.8809E-13  0.1211E-17  0.4738E-19  0.6516E-24  0.8643E-11  0.1002E-14  0.2141E-11  0.6514E-11   4509.       22.00       2.000      -1.000    
         307   4779.       76.37      0.3970E+24  0.2032E+26  0.6439E+24  0.3778E+26  0.3207E-12  0.4430E-12  0.9018E-13  0.1170E-17  0.4752E-19  0.6164E-24  0.9069E-11  0.1039E-14  0.2182E-11  0.6900E-11   4509.       11.00       1.000      -1.000    
         308   4913.       79.05      0.3942E+24  0.2088E+26  0.6404E+24  0.3915E+26  0.3223E-12  0.4462E-12  0.9228E-13  0.1129E-17  0.4764E-19  0.5827E-24  0.9517E-11  0.1078E-14  0.2222E-11  0.7308E-11   4509.       11.00       1.000      -1.000    
         309   5051.       81.83      0.3915E+24  0.2148E+26  0.6374E+24  0.4062E+26  0.3239E-12  0.4492E-12  0.9441E-13  0.1089E-17  0.4774E-19  0.5507E-24  0.9990E-11  0.1119E-14  0.2263E-11  0.7742E-11   5249.       22.00       2.000      -1.000    
         310   5193.       84.76      0.3888E+24  0.2209E+26  0.6341E+24  0.4215E+26  0.3255E-12  0.4524E-12  0.9652E-13  0.1050E-17  0.4780E-19  0.5201E-24  0.1049E-10  0.1161E-14  0.2303E-11  0.8198E-11   5249.       11.00       1.000      -1.000    
         311   5339.       87.82      0.3862E+24  0.2273E+26  0.6310E+24  0.4376E+26  0.3270E-12  0.4554E-12  0.9864E-13  0.1012E-17  0.4784E-19  0.4910E-24  0.1101E-10  0.1206E-14  0.2344E-11  0.8680E-11   5249.       11.00       1.000      -1.000    
         312   5489.       91.02      0.3837E+24  0.2342E+26  0.6284E+24  0.4552E+26  0.3287E-12  0.4584E-12  0.1008E-12  0.9762E-18  0.4786E-19  0.4635E-24  0.1156E-10  0.1253E-14  0.2384E-11  0.9194E-11   6112.       23.00       2.000      -1.000    
         313   5643.       94.38      0.3812E+24  0.2412E+26  0.6256E+24  0.4734E+26  0.3301E-12  0.4614E-12  0.1029E-12  0.9402E-18  0.4784E-19  0.4371E-24  0.1214E-10  0.1301E-14  0.2425E-11  0.9733E-11   6112.       12.00       1.000      -1.000    
         314   5801.       97.90      0.3788E+24  0.2487E+26  0.6229E+24  0.4927E+26  0.3316E-12  0.4643E-12  0.1050E-12  0.9052E-18  0.4780E-19  0.4119E-24  0.1275E-10  0.1351E-14  0.2464E-11  0.1030E-10   6112.       11.00       1.000      -1.000    
         315   5964.       101.6      0.3765E+24  0.2566E+26  0.6208E+24  0.5136E+26  0.3332E-12  0.4672E-12  0.1072E-12  0.8722E-18  0.4773E-19  0.3884E-24  0.1339E-10  0.1404E-14  0.2505E-11  0.1091E-10   7116.       22.00       2.000      -1.000    
         316   6132.       105.4      0.3742E+24  0.2648E+26  0.6184E+24  0.5355E+26  0.3346E-12  0.4700E-12  0.1093E-12  0.8390E-18  0.4763E-19  0.3656E-24  0.1407E-10  0.1459E-14  0.2545E-11  0.1155E-10   7116.       11.00       1.000      -1.000    
         317   6304.       109.5      0.3720E+24  0.2735E+26  0.6162E+24  0.5588E+26  0.3359E-12  0.4728E-12  0.1114E-12  0.8067E-18  0.4750E-19  0.3440E-24  0.1478E-10  0.1516E-14  0.2584E-11  0.1222E-10   7116.       11.00       1.000      -1.000    
         318   6481.       113.8      0.3700E+24  0.2829E+26  0.6147E+24  0.5846E+26  0.3374E-12  0.4753E-12  0.1135E-12  0.7755E-18  0.4735E-19  0.3234E-24  0.1554E-10  0.1577E-14  0.2624E-11  0.1295E-10   8285.       22.00       2.000      -1.000    
         319   6663.       118.2      0.3680E+24  0.2926E+26  0.6129E+24  0.6111E+26  0.3387E-12  0.4779E-12  0.1156E-12  0.7450E-18  0.4716E-19  0.3038E-24  0.1634E-10  0.1639E-14  0.2662E-11  0.1370E-10   8285.       11.00       1.000      -1.000    
         320   6850.       123.0      0.3661E+24  0.3028E+26  0.6112E+24  0.6395E+26  0.3399E-12  0.4805E-12  0.1177E-12  0.7153E-18  0.4694E-19  0.2853E-24  0.1717E-10  0.1705E-14  0.2701E-11  0.1451E-10   8285.       11.00       1.000      -1.000    
         321   7042.       127.9      0.3642E+24  0.3137E+26  0.6101E+24  0.6706E+26  0.3413E-12  0.4829E-12  0.1198E-12  0.6864E-18  0.4671E-19  0.2676E-24  0.1806E-10  0.1774E-14  0.2740E-11  0.1536E-10   9647.       22.00       2.000      -1.000    
         322   7240.       133.1      0.3625E+24  0.3251E+26  0.6087E+24  0.7031E+26  0.3425E-12  0.4852E-12  0.1218E-12  0.6585E-18  0.4643E-19  0.2509E-24  0.1900E-10  0.1845E-14  0.2777E-11  0.1626E-10   9647.       11.00       1.000      -1.000    
         323   7443.       138.6      0.3608E+24  0.3373E+26  0.6078E+24  0.7383E+26  0.3436E-12  0.4875E-12  0.1239E-12  0.6314E-18  0.4613E-19  0.2352E-24  0.1999E-10  0.1920E-14  0.2814E-11  0.1721E-10  0.1000E+05   22.00       2.000      -1.000    
         324   7652.       144.4      0.3592E+24  0.3501E+26  0.6068E+24  0.7758E+26  0.3447E-12  0.4897E-12  0.1259E-12  0.6051E-18  0.4580E-19  0.2202E-24  0.2103E-10  0.1998E-14  0.2851E-11  0.1822E-10  0.1000E+05   11.00       1.000      -1.000    
         325   7867.       150.5      0.3577E+24  0.3637E+26  0.6061E+24  0.8162E+26  0.3458E-12  0.4917E-12  0.1278E-12  0.5796E-18  0.4544E-19  0.2060E-24  0.2213E-10  0.2080E-14  0.2887E-11  0.1929E-10  0.1000E+05   11.00       1.000      -1.000    
         326   8088.       157.0      0.3563E+24  0.3782E+26  0.6056E+24  0.8596E+26  0.3468E-12  0.4937E-12  0.1298E-12  0.5548E-18  0.4505E-19  0.1926E-24  0.2330E-10  0.2165E-14  0.2922E-11  0.2042E-10  0.1000E+05   11.00       1.000      -1.000    
         327   8315.       163.8      0.3549E+24  0.3935E+26  0.6054E+24  0.9063E+26  0.3477E-12  0.4955E-12  0.1317E-12  0.5308E-18  0.4463E-19  0.1799E-24  0.2454E-10  0.2255E-14  0.2957E-11  0.2162E-10  0.1000E+05   11.00       1.000      -1.000    
         328   8548.       171.0      0.3537E+24  0.4099E+26  0.6053E+24  0.9568E+26  0.3486E-12  0.4972E-12  0.1336E-12  0.5076E-18  0.4419E-19  0.1679E-24  0.2585E-10  0.2348E-14  0.2991E-11  0.2290E-10  0.1000E+05   12.00       1.000      -1.000    
         329   8788.       178.7      0.3526E+24  0.4274E+26  0.6055E+24  0.1011E+27  0.3494E-12  0.4988E-12  0.1355E-12  0.4851E-18  0.4372E-19  0.1565E-24  0.2723E-10  0.2446E-14  0.3024E-11  0.2425E-10  0.1000E+05   12.00       1.000      -1.000    
         330   9035.       186.8      0.3516E+24  0.4460E+26  0.6060E+24  0.1070E+27  0.3502E-12  0.5002E-12  0.1373E-12  0.4633E-18  0.4322E-19  0.1458E-24  0.2870E-10  0.2549E-14  0.3057E-11  0.2569E-10  0.1000E+05   12.00       1.000      -1.000    
         331   9288.       195.3      0.3507E+24  0.4659E+26  0.6067E+24  0.1134E+27  0.3509E-12  0.5015E-12  0.1391E-12  0.4422E-18  0.4270E-19  0.1358E-24  0.3025E-10  0.2656E-14  0.3089E-11  0.2721E-10  0.1000E+05   12.00       1.000      -1.000    
         332   9549.       204.4      0.3499E+24  0.4872E+26  0.6076E+24  0.1203E+27  0.3515E-12  0.5027E-12  0.1408E-12  0.4219E-18  0.4215E-19  0.1263E-24  0.3190E-10  0.2769E-14  0.3120E-11  0.2883E-10  0.1000E+05   12.00       1.000      -1.000    
         333   9817.       214.0      0.3492E+24  0.5101E+26  0.6088E+24  0.1277E+27  0.3521E-12  0.5037E-12  0.1425E-12  0.4022E-18  0.4157E-19  0.1173E-24  0.3366E-10  0.2887E-14  0.3150E-11  0.3055E-10  0.1000E+05   12.00       1.000      -1.000    
         334  0.1009E+05   224.3      0.3486E+24  0.5346E+26  0.6102E+24  0.1358E+27  0.3526E-12  0.5045E-12  0.1442E-12  0.3831E-18  0.4097E-19  0.1089E-24  0.3551E-10  0.3011E-14  0.3179E-11  0.3238E-10  0.1000E+05   12.00       1.000      -1.000    
         335  0.1038E+05   235.2      0.3482E+24  0.5609E+26  0.6120E+24  0.1446E+27  0.3530E-12  0.5051E-12  0.1458E-12  0.3648E-18  0.4034E-19  0.1010E-24  0.3749E-10  0.3141E-14  0.3207E-11  0.3433E-10  0.1000E+05   12.00       1.000      -1.000    
         336  0.1067E+05   246.8      0.3479E+24  0.5892E+26  0.6139E+24  0.1542E+27  0.3534E-12  0.5056E-12  0.1473E-12  0.3471E-18  0.3970E-19  0.9353E-25  0.3958E-10  0.3278E-14  0.3234E-11  0.3640E-10  0.1000E+05   12.00       1.000      -1.000    
         337  0.1097E+05   259.1      0.3477E+24  0.6197E+26  0.6162E+24  0.1646E+27  0.3536E-12  0.5059E-12  0.1488E-12  0.3300E-18  0.3902E-19  0.8654E-25  0.4182E-10  0.3421E-14  0.3260E-11  0.3860E-10  0.1000E+05   11.00       1.000      -1.000    
         338  0.1127E+05   272.3      0.3476E+24  0.6525E+26  0.6187E+24  0.1759E+27  0.3538E-12  0.5060E-12  0.1502E-12  0.3135E-18  0.3833E-19  0.7999E-25  0.4419E-10  0.3571E-14  0.3285E-11  0.4095E-10  0.1000E+05   11.00       1.000      -1.000    
         339  0.1159E+05   286.3      0.3477E+24  0.6880E+26  0.6214E+24  0.1881E+27  0.3538E-12  0.5059E-12  0.1516E-12  0.2976E-18  0.3761E-19  0.7385E-25  0.4671E-10  0.3729E-14  0.3309E-11  0.4345E-10  0.1000E+05   11.00       1.000      -1.000    
         340  0.1192E+05   301.3      0.3479E+24  0.7263E+26  0.6244E+24  0.2015E+27  0.3538E-12  0.5056E-12  0.1529E-12  0.2823E-18  0.3688E-19  0.6810E-25  0.4940E-10  0.3895E-14  0.3331E-11  0.4612E-10  0.1000E+05   11.00       1.000      -1.000    
         341  0.1225E+05   317.4      0.3483E+24  0.7678E+26  0.6277E+24  0.2161E+27  0.3537E-12  0.5050E-12  0.1541E-12  0.2676E-18  0.3612E-19  0.6273E-25  0.5227E-10  0.4070E-14  0.3352E-11  0.4897E-10  0.1000E+05   11.00       1.000      -1.000    
         342  0.1260E+05   334.6      0.3488E+24  0.8128E+26  0.6311E+24  0.2319E+27  0.3534E-12  0.5043E-12  0.1553E-12  0.2535E-18  0.3535E-19  0.5771E-25  0.5533E-10  0.4253E-14  0.3372E-11  0.5200E-10  0.1000E+05   11.00       1.000      -1.000    
         343  0.1295E+05   353.0      0.3494E+24  0.8616E+26  0.6348E+24  0.2491E+27  0.3531E-12  0.5034E-12  0.1564E-12  0.2399E-18  0.3456E-19  0.5302E-25  0.5859E-10  0.4446E-14  0.3390E-11  0.5524E-10  0.1000E+05   11.00       1.000      -1.000    
         344  0.1331E+05   372.7      0.3502E+24  0.9147E+26  0.6386E+24  0.2679E+27  0.3526E-12  0.5022E-12  0.1574E-12  0.2268E-18  0.3375E-19  0.4865E-25  0.6207E-10  0.4650E-14  0.3407E-11  0.5871E-10  0.1000E+05   11.00       1.000      -1.000    
         345  0.1369E+05   393.9      0.3512E+24  0.9724E+26  0.6426E+24  0.2883E+27  0.3520E-12  0.5008E-12  0.1583E-12  0.2143E-18  0.3293E-19  0.4458E-25  0.6578E-10  0.4863E-14  0.3422E-11  0.6241E-10  0.1000E+05   10.00       1.000      -1.000    
         346  0.1407E+05   416.7      0.3523E+24  0.1035E+27  0.6467E+24  0.3105E+27  0.3513E-12  0.4992E-12  0.1591E-12  0.2023E-18  0.3210E-19  0.4080E-25  0.6975E-10  0.5089E-14  0.3435E-11  0.6637E-10  0.1000E+05   10.00       1.000      -1.000    
         347  0.1447E+05   441.2      0.3537E+24  0.1104E+27  0.6508E+24  0.3346E+27  0.3505E-12  0.4973E-12  0.1599E-12  0.1907E-18  0.3125E-19  0.3728E-25  0.7400E-10  0.5326E-14  0.3447E-11  0.7060E-10  0.1000E+05   10.00       1.000      -1.000    
         348  0.1487E+05   467.6      0.3551E+24  0.1179E+27  0.6549E+24  0.3607E+27  0.3495E-12  0.4953E-12  0.1605E-12  0.1797E-18  0.3040E-19  0.3402E-25  0.7854E-10  0.5576E-14  0.3457E-11  0.7513E-10  0.1000E+05   10.00       1.000      -1.000    
         349  0.1529E+05   496.1      0.3568E+24  0.1261E+27  0.6589E+24  0.3890E+27  0.3484E-12  0.4930E-12  0.1611E-12  0.1691E-18  0.2954E-19  0.3100E-25  0.8339E-10  0.5840E-14  0.3465E-11  0.7998E-10  0.1000E+05   10.00       1.000      -1.000    
         350  0.1572E+05   526.7      0.3586E+24  0.1351E+27  0.6628E+24  0.4196E+27  0.3471E-12  0.4905E-12  0.1616E-12  0.1590E-18  0.2867E-19  0.2821E-25  0.8859E-10  0.6119E-14  0.3471E-11  0.8516E-10  0.1000E+05   10.00       1.000      -1.000    
         351  0.1616E+05   559.8      0.3605E+24  0.1449E+27  0.6664E+24  0.4526E+27  0.3457E-12  0.4878E-12  0.1619E-12  0.1493E-18  0.2780E-19  0.2563E-25  0.9414E-10  0.6413E-14  0.3475E-11  0.9072E-10  0.1000E+05   10.00       1.000      -1.000    
         352  0.1661E+05   595.6      0.3627E+24  0.1556E+27  0.6697E+24  0.4882E+27  0.3441E-12  0.4850E-12  0.1622E-12  0.1401E-18  0.2692E-19  0.2324E-25  0.1001E-09  0.6723E-14  0.3478E-11  0.9666E-10  0.1000E+05   10.00       1.000      -1.000    
         353  0.1708E+05   634.2      0.3650E+24  0.1675E+27  0.6726E+24  0.5265E+27  0.3424E-12  0.4819E-12  0.1624E-12  0.1312E-18  0.2605E-19  0.2105E-25  0.1065E-09  0.7051E-14  0.3478E-11  0.1030E-09  0.1000E+05   11.00       1.000      -1.000    
         354  0.1756E+05   676.0      0.3674E+24  0.1804E+27  0.6749E+24  0.5675E+27  0.3405E-12  0.4787E-12  0.1624E-12  0.1228E-18  0.2518E-19  0.1904E-25  0.1133E-09  0.7398E-14  0.3476E-11  0.1098E-09  0.1000E+05   11.00       1.000      -1.000    
         355  0.1805E+05   721.1      0.3699E+24  0.1947E+27  0.6766E+24  0.6114E+27  0.3385E-12  0.4754E-12  0.1623E-12  0.1148E-18  0.2431E-19  0.1719E-25  0.1205E-09  0.7764E-14  0.3471E-11  0.1171E-09  0.1000E+05   11.00       1.000      -1.000    
         356  0.1856E+05   769.9      0.3726E+24  0.2103E+27  0.6775E+24  0.6582E+27  0.3362E-12  0.4721E-12  0.1622E-12  0.1072E-18  0.2345E-19  0.1550E-25  0.1283E-09  0.8151E-14  0.3465E-11  0.1249E-09  0.1000E+05   11.00       1.000      -1.000    
         357  0.1908E+05   822.7      0.3753E+24  0.2275E+27  0.6776E+24  0.7079E+27  0.3338E-12  0.4686E-12  0.1619E-12  0.9990E-19  0.2260E-19  0.1395E-25  0.1366E-09  0.8559E-14  0.3456E-11  0.1332E-09  0.1000E+05   11.00       1.000      -1.000    
         358  0.1961E+05   879.7      0.3781E+24  0.2464E+27  0.6766E+24  0.7606E+27  0.3313E-12  0.4652E-12  0.1614E-12  0.9301E-19  0.2177E-19  0.1254E-25  0.1455E-09  0.8991E-14  0.3445E-11  0.1421E-09  0.1000E+05   11.00       1.000      -1.000    
         359  0.2017E+05   941.2      0.3809E+24  0.2672E+27  0.6746E+24  0.8162E+27  0.3285E-12  0.4618E-12  0.1609E-12  0.8646E-19  0.2095E-19  0.1126E-25  0.1549E-09  0.9447E-14  0.3431E-11  0.1515E-09  0.1000E+05   12.00       1.000      -1.000    
         360  0.2073E+05   1008.      0.3836E+24  0.2899E+27  0.6713E+24  0.8746E+27  0.3256E-12  0.4585E-12  0.1602E-12  0.8026E-19  0.2015E-19  0.1009E-25  0.1649E-09  0.9928E-14  0.3415E-11  0.1615E-09  0.1000E+05   12.00       1.000      -1.000    
         361  0.2131E+05   1079.      0.3863E+24  0.3148E+27  0.6668E+24  0.9358E+27  0.3225E-12  0.4553E-12  0.1595E-12  0.7438E-19  0.1937E-19  0.9034E-26  0.1755E-09  0.1044E-13  0.3397E-11  0.1721E-09  0.1000E+05   12.00       1.000      -1.000    
         362  0.2191E+05   1156.      0.3889E+24  0.3421E+27  0.6610E+24  0.9996E+27  0.3192E-12  0.4523E-12  0.1585E-12  0.6883E-19  0.1861E-19  0.8078E-26  0.1867E-09  0.1097E-13  0.3376E-11  0.1834E-09  0.1000E+05   13.00       1.000      -1.000    
         363  0.2253E+05   1239.      0.3912E+24  0.3719E+27  0.6538E+24  0.1066E+28  0.3157E-12  0.4496E-12  0.1575E-12  0.6359E-19  0.1787E-19  0.7215E-26  0.1985E-09  0.1153E-13  0.3352E-11  0.1952E-09  0.1000E+05   13.00       1.000      -1.000    
         364  0.2316E+05   1328.      0.3933E+24  0.4043E+27  0.6451E+24  0.1134E+28  0.3121E-12  0.4472E-12  0.1564E-12  0.5864E-19  0.1717E-19  0.6438E-26  0.2109E-09  0.1212E-13  0.3327E-11  0.2077E-09  0.1000E+05   13.00       1.000      -1.000    
         365  0.2381E+05   1422.      0.3950E+24  0.4396E+27  0.6351E+24  0.1205E+28  0.3083E-12  0.4453E-12  0.1551E-12  0.5399E-19  0.1649E-19  0.5741E-26  0.2239E-09  0.1274E-13  0.3298E-11  0.2207E-09  0.1000E+05   13.00       1.000      -1.000    
         366  0.2448E+05   1523.      0.3963E+24  0.4778E+27  0.6237E+24  0.1277E+28  0.3044E-12  0.4438E-12  0.1537E-12  0.4962E-19  0.1585E-19  0.5115E-26  0.2374E-09  0.1338E-13  0.3268E-11  0.2342E-09  0.1000E+05   14.00       1.000      -1.000    
         367  0.2517E+05   1630.      0.3971E+24  0.5191E+27  0.6109E+24  0.1351E+28  0.3003E-12  0.4430E-12  0.1522E-12  0.4553E-19  0.1524E-19  0.4556E-26  0.2515E-09  0.1406E-13  0.3236E-11  0.2483E-09  0.1000E+05   14.00       1.000      -1.000    
         368  0.2587E+05   1744.      0.3972E+24  0.5635E+27  0.5969E+24  0.1426E+28  0.2960E-12  0.4428E-12  0.1507E-12  0.4170E-19  0.1466E-19  0.4057E-26  0.2659E-09  0.1475E-13  0.3201E-11  0.2627E-09  0.1000E+05   14.00       1.000      -1.000    
         369  0.2660E+05   1863.      0.3967E+24  0.6111E+27  0.5817E+24  0.1502E+28  0.2917E-12  0.4433E-12  0.1490E-12  0.3813E-19  0.1412E-19  0.3613E-26  0.2807E-09  0.1548E-13  0.3165E-11  0.2776E-09  0.1000E+05   15.00       1.000      -1.000    
         370  0.2734E+05   1987.      0.3955E+24  0.6618E+27  0.5654E+24  0.1578E+28  0.2873E-12  0.4447E-12  0.1472E-12  0.3480E-19  0.1361E-19  0.3218E-26  0.2957E-09  0.1622E-13  0.3127E-11  0.2926E-09  0.1000E+05   15.00       1.000      -1.000    
         371  0.2811E+05   2117.      0.3934E+24  0.7154E+27  0.5483E+24  0.1655E+28  0.2828E-12  0.4471E-12  0.1454E-12  0.3172E-19  0.1315E-19  0.2868E-26  0.3109E-09  0.1698E-13  0.3088E-11  0.3079E-09  0.1000E+05   15.00       1.000      -1.000    
         372  0.2890E+05   2251.      0.3905E+24  0.7720E+27  0.5303E+24  0.1731E+28  0.2782E-12  0.4504E-12  0.1435E-12  0.2886E-19  0.1272E-19  0.2557E-26  0.3262E-09  0.1776E-13  0.3048E-11  0.3232E-09  0.1000E+05   15.00       1.000      -1.000    
         373  0.2971E+05   2389.      0.3866E+24  0.8312E+27  0.5117E+24  0.1806E+28  0.2737E-12  0.4549E-12  0.1416E-12  0.2623E-19  0.1233E-19  0.2283E-26  0.3414E-09  0.1855E-13  0.3006E-11  0.3384E-09  0.1000E+05   15.00       1.000      -1.000    
         374  0.3055E+05   2530.      0.3819E+24  0.8927E+27  0.4927E+24  0.1881E+28  0.2691E-12  0.4606E-12  0.1397E-12  0.2381E-19  0.1197E-19  0.2041E-26  0.3564E-09  0.1934E-13  0.2965E-11  0.3534E-09  0.1000E+05   16.00       1.000      -1.000    
         375  0.3140E+05   2673.      0.3762E+24  0.9563E+27  0.4734E+24  0.1954E+28  0.2646E-12  0.4675E-12  0.1377E-12  0.2160E-19  0.1166E-19  0.1828E-26  0.3711E-09  0.2014E-13  0.2923E-11  0.3682E-09  0.1000E+05   16.00       1.000      -1.000    
         376  0.3229E+05   2817.      0.3697E+24  0.1021E+28  0.4539E+24  0.2026E+28  0.2602E-12  0.4758E-12  0.1358E-12  0.1958E-19  0.1137E-19  0.1640E-26  0.3853E-09  0.2093E-13  0.2881E-11  0.3825E-09  0.1000E+05   16.00       1.000      -1.000    
         377  0.3319E+05   2962.      0.3623E+24  0.1088E+28  0.4345E+24  0.2095E+28  0.2558E-12  0.4855E-12  0.1338E-12  0.1774E-19  0.1113E-19  0.1475E-26  0.3991E-09  0.2171E-13  0.2840E-11  0.3963E-09  0.1000E+05   16.00       1.000      -1.000    
         378  0.3412E+05   3105.      0.3541E+24  0.1155E+28  0.4151E+24  0.2163E+28  0.2515E-12  0.4967E-12  0.1319E-12  0.1607E-19  0.1092E-19  0.1330E-26  0.4124E-09  0.2248E-13  0.2799E-11  0.4096E-09  0.1000E+05   16.00       1.000      -1.000    
         379  0.3508E+05   3247.      0.3453E+24  0.1222E+28  0.3961E+24  0.2228E+28  0.2474E-12  0.5094E-12  0.1300E-12  0.1456E-19  0.1074E-19  0.1202E-26  0.4249E-09  0.2324E-13  0.2759E-11  0.4222E-09  0.1000E+05   16.00       1.000      -1.000    
         380  0.3607E+05   3386.      0.3358E+24  0.1289E+28  0.3774E+24  0.2291E+28  0.2434E-12  0.5237E-12  0.1282E-12  0.1320E-19  0.1059E-19  0.1090E-26  0.4368E-09  0.2397E-13  0.2721E-11  0.4342E-09  0.1000E+05   16.00       1.000      -1.000    
         381  0.3708E+05   3521.      0.3259E+24  0.1355E+28  0.3592E+24  0.2350E+28  0.2396E-12  0.5397E-12  0.1265E-12  0.1198E-19  0.1047E-19  0.9912E-27  0.4480E-09  0.2468E-13  0.2684E-11  0.4454E-09  0.1000E+05   15.00       1.000      -1.000    
         382  0.3812E+05   3653.      0.3155E+24  0.1420E+28  0.3415E+24  0.2408E+28  0.2360E-12  0.5574E-12  0.1248E-12  0.1088E-19  0.1038E-19  0.9045E-27  0.4585E-09  0.2536E-13  0.2648E-11  0.4559E-09  0.1000E+05   15.00       1.000      -1.000    
         383  0.3919E+05   3780.      0.3049E+24  0.1484E+28  0.3244E+24  0.2462E+28  0.2326E-12  0.5769E-12  0.1232E-12  0.9895E-20  0.1031E-19  0.8282E-27  0.4683E-09  0.2602E-13  0.2614E-11  0.4657E-09  0.1000E+05   15.00       1.000      -1.000    
         384  0.4029E+05   3902.      0.2940E+24  0.1547E+28  0.3080E+24  0.2514E+28  0.2293E-12  0.5982E-12  0.1217E-12  0.9015E-20  0.1027E-19  0.7610E-27  0.4773E-09  0.2664E-13  0.2582E-11  0.4748E-09  0.1000E+05   15.00       1.000      -1.000    
         385  0.4142E+05   4019.      0.2831E+24  0.1607E+28  0.2922E+24  0.2562E+28  0.2262E-12  0.6213E-12  0.1202E-12  0.8228E-20  0.1025E-19  0.7017E-27  0.4857E-09  0.2724E-13  0.2551E-11  0.4832E-09  0.1000E+05   15.00       1.000      -1.000    
         386  0.4259E+05   4131.      0.2721E+24  0.1665E+28  0.2770E+24  0.2609E+28  0.2233E-12  0.6464E-12  0.1189E-12  0.7525E-20  0.1026E-19  0.6494E-27  0.4934E-09  0.2780E-13  0.2522E-11  0.4910E-09  0.1000E+05   14.00       1.000      -1.000    
         387  0.4378E+05   4237.      0.2611E+24  0.1722E+28  0.2625E+24  0.2652E+28  0.2206E-12  0.6735E-12  0.1176E-12  0.6896E-20  0.1028E-19  0.6032E-27  0.5006E-09  0.2833E-13  0.2494E-11  0.4981E-09  0.1000E+05   14.00       1.000      -1.000    
         388  0.4501E+05   4338.      0.2503E+24  0.1775E+28  0.2487E+24  0.2693E+28  0.2180E-12  0.7026E-12  0.1163E-12  0.6335E-20  0.1033E-19  0.5623E-27  0.5071E-09  0.2883E-13  0.2468E-11  0.5047E-09  0.1000E+05   14.00       1.000      -1.000    
         389  0.4627E+05   4434.      0.2397E+24  0.1827E+28  0.2355E+24  0.2732E+28  0.2156E-12  0.7339E-12  0.1152E-12  0.5833E-20  0.1039E-19  0.5260E-27  0.5132E-09  0.2931E-13  0.2444E-11  0.5108E-09  0.1000E+05   14.00       1.000      -1.000    
         390  0.4757E+05   4524.      0.2292E+24  0.1876E+28  0.2230E+24  0.2769E+28  0.2134E-12  0.7674E-12  0.1141E-12  0.5384E-20  0.1047E-19  0.4938E-27  0.5187E-09  0.2975E-13  0.2422E-11  0.5163E-09  0.1000E+05   13.00       1.000      -1.000    
         391  0.4891E+05   4609.      0.2190E+24  0.1923E+28  0.2111E+24  0.2803E+28  0.2113E-12  0.8032E-12  0.1131E-12  0.4982E-20  0.1056E-19  0.4652E-27  0.5238E-09  0.3017E-13  0.2400E-11  0.5215E-09  0.1000E+05   13.00       1.000      -1.000    
         392  0.5028E+05   4690.      0.2090E+24  0.1968E+28  0.1998E+24  0.2835E+28  0.2094E-12  0.8413E-12  0.1122E-12  0.4622E-20  0.1067E-19  0.4397E-27  0.5285E-09  0.3057E-13  0.2380E-11  0.5262E-09  0.1000E+05   13.00       1.000      -1.000    
         393  0.5169E+05   4766.      0.1994E+24  0.2010E+28  0.1891E+24  0.2865E+28  0.2076E-12  0.8820E-12  0.1113E-12  0.4299E-20  0.1080E-19  0.4171E-27  0.5328E-09  0.3094E-13  0.2362E-11  0.5305E-09  0.1000E+05   13.00       1.000      -1.000    
         394  0.5314E+05   4838.      0.1901E+24  0.2050E+28  0.1789E+24  0.2894E+28  0.2059E-12  0.9254E-12  0.1105E-12  0.4009E-20  0.1094E-19  0.3969E-27  0.5368E-09  0.3128E-13  0.2344E-11  0.5345E-09  0.1000E+05   12.00       1.000      -1.000    
         395  0.5464E+05   4905.      0.1811E+24  0.2088E+28  0.1693E+24  0.2920E+28  0.2043E-12  0.9714E-12  0.1097E-12  0.3747E-20  0.1109E-19  0.3788E-27  0.5405E-09  0.3161E-13  0.2328E-11  0.5382E-09  0.1000E+05   12.00       1.000      -1.000    
         396  0.5617E+05   4968.      0.1724E+24  0.2124E+28  0.1602E+24  0.2945E+28  0.2028E-12  0.1020E-11  0.1090E-12  0.3512E-20  0.1126E-19  0.3627E-27  0.5438E-09  0.3191E-13  0.2313E-11  0.5416E-09  0.1000E+05   12.00       1.000      -1.000    
         397  0.5775E+05   5028.      0.1640E+24  0.2158E+28  0.1515E+24  0.2969E+28  0.2014E-12  0.1072E-11  0.1083E-12  0.3299E-20  0.1144E-19  0.3484E-27  0.5469E-09  0.3220E-13  0.2299E-11  0.5447E-09  0.1000E+05   12.00       1.000      -1.000    
         398  0.5937E+05   5084.      0.1560E+24  0.2190E+28  0.1433E+24  0.2991E+28  0.2001E-12  0.1127E-11  0.1077E-12  0.3107E-20  0.1163E-19  0.3355E-27  0.5498E-09  0.3247E-13  0.2285E-11  0.5476E-09  0.1000E+05   11.00       1.000      -1.000    
         399  0.6103E+05   5137.      0.1483E+24  0.2221E+28  0.1356E+24  0.3012E+28  0.1989E-12  0.1186E-11  0.1071E-12  0.2934E-20  0.1183E-19  0.3241E-27  0.5525E-09  0.3272E-13  0.2273E-11  0.5503E-09  0.1000E+05   11.00       1.000      -1.000    
         400  0.6275E+05   5186.      0.1409E+24  0.2250E+28  0.1283E+24  0.3031E+28  0.1978E-12  0.1248E-11  0.1066E-12  0.2776E-20  0.1205E-19  0.3139E-27  0.5549E-09  0.3295E-13  0.2261E-11  0.5527E-09  0.1000E+05   11.00       1.000      -1.000    
         401  0.6451E+05   5233.      0.1339E+24  0.2277E+28  0.1213E+24  0.3050E+28  0.1968E-12  0.1314E-11  0.1061E-12  0.2633E-20  0.1228E-19  0.3048E-27  0.5572E-09  0.3317E-13  0.2251E-11  0.5550E-09  0.1000E+05   11.00       1.000      -1.000    
         402  0.6632E+05   5277.      0.1272E+24  0.2302E+28  0.1148E+24  0.3067E+28  0.1958E-12  0.1383E-11  0.1056E-12  0.2502E-20  0.1252E-19  0.2967E-27  0.5593E-09  0.3338E-13  0.2240E-11  0.5572E-09  0.1000E+05   11.00       1.000      -1.000    
         403  0.6818E+05   5318.      0.1207E+24  0.2327E+28  0.1086E+24  0.3083E+28  0.1949E-12  0.1457E-11  0.1051E-12  0.2384E-20  0.1277E-19  0.2896E-27  0.5613E-09  0.3357E-13  0.2231E-11  0.5591E-09  0.1000E+05   10.00       1.000      -1.000    
         404  0.7010E+05   5357.      0.1146E+24  0.2350E+28  0.1027E+24  0.3098E+28  0.1940E-12  0.1535E-11  0.1047E-12  0.2275E-20  0.1303E-19  0.2832E-27  0.5631E-09  0.3376E-13  0.2222E-11  0.5610E-09  0.1000E+05   10.00       1.000      -1.000    
         405  0.7206E+05   5394.      0.1088E+24  0.2371E+28  0.9716E+23  0.3113E+28  0.1932E-12  0.1617E-11  0.1043E-12  0.2177E-20  0.1331E-19  0.2777E-27  0.5648E-09  0.3393E-13  0.2214E-11  0.5627E-09  0.1000E+05   10.00       1.000      -1.000    
         406  0.7409E+05   5428.      0.1032E+24  0.2392E+28  0.9190E+23  0.3126E+28  0.1925E-12  0.1704E-11  0.1040E-12  0.2086E-20  0.1360E-19  0.2729E-27  0.5664E-09  0.3409E-13  0.2206E-11  0.5642E-09  0.1000E+05   10.00       1.000      -1.000    
         407  0.7617E+05   5460.      0.9788E+23  0.2411E+28  0.8694E+23  0.3139E+28  0.1918E-12  0.1797E-11  0.1036E-12  0.2003E-20  0.1390E-19  0.2686E-27  0.5679E-09  0.3424E-13  0.2198E-11  0.5657E-09  0.1000E+05   10.00       1.000      -1.000    
         408  0.7830E+05   5491.      0.9284E+23  0.2429E+28  0.8224E+23  0.3151E+28  0.1911E-12  0.1895E-11  0.1033E-12  0.1927E-20  0.1421E-19  0.2650E-27  0.5692E-09  0.3438E-13  0.2192E-11  0.5671E-09  0.1000E+05   10.00       1.000      -1.000    
         409  0.8050E+05   5520.      0.8803E+23  0.2446E+28  0.7779E+23  0.3162E+28  0.1905E-12  0.1998E-11  0.1030E-12  0.1857E-20  0.1453E-19  0.2620E-27  0.5705E-09  0.3451E-13  0.2185E-11  0.5684E-09  0.1000E+05   9.000       1.000      -1.000    
         410  0.8276E+05   5547.      0.8346E+23  0.2462E+28  0.7359E+23  0.3173E+28  0.1899E-12  0.2107E-11  0.1027E-12  0.1792E-20  0.1487E-19  0.2595E-27  0.5717E-09  0.3464E-13  0.2179E-11  0.5696E-09  0.1000E+05   9.000       1.000      -1.000    
         411  0.8509E+05   5572.      0.7912E+23  0.2478E+28  0.6961E+23  0.3183E+28  0.1894E-12  0.2223E-11  0.1024E-12  0.1733E-20  0.1521E-19  0.2574E-27  0.5728E-09  0.3476E-13  0.2173E-11  0.5707E-09  0.1000E+05   9.000       1.000      -1.000    
         412  0.8747E+05   5596.      0.7500E+23  0.2492E+28  0.6585E+23  0.3192E+28  0.1889E-12  0.2345E-11  0.1022E-12  0.1678E-20  0.1557E-19  0.2558E-27  0.5739E-09  0.3487E-13  0.2168E-11  0.5718E-09  0.1000E+05   9.000       1.000      -1.000    
         413  0.8993E+05   5619.      0.7108E+23  0.2506E+28  0.6229E+23  0.3201E+28  0.1884E-12  0.2475E-11  0.1019E-12  0.1628E-20  0.1595E-19  0.2546E-27  0.5748E-09  0.3497E-13  0.2163E-11  0.5727E-09  0.1000E+05   9.000       1.000      -1.000    
         414  0.9246E+05   5640.      0.6735E+23  0.2519E+28  0.5893E+23  0.3209E+28  0.1879E-12  0.2611E-11  0.1017E-12  0.1581E-20  0.1633E-19  0.2538E-27  0.5757E-09  0.3507E-13  0.2158E-11  0.5736E-09  0.1000E+05   9.000       1.000      -1.000    
         415  0.9505E+05   5660.      0.6382E+23  0.2531E+28  0.5574E+23  0.3217E+28  0.1875E-12  0.2756E-11  0.1015E-12  0.1537E-20  0.1673E-19  0.2534E-27  0.5766E-09  0.3516E-13  0.2154E-11  0.5745E-09  0.1000E+05   9.000       1.000      -1.000    
         416  0.9772E+05   5679.      0.6047E+23  0.2542E+28  0.5273E+23  0.3224E+28  0.1871E-12  0.2909E-11  0.1013E-12  0.1497E-20  0.1715E-19  0.2534E-27  0.5774E-09  0.3525E-13  0.2150E-11  0.5753E-09  0.1000E+05   8.000       1.000      -1.000    
         417  0.1005E+06   5697.      0.5728E+23  0.2553E+28  0.4989E+23  0.3231E+28  0.1867E-12  0.3070E-11  0.1011E-12  0.1460E-20  0.1757E-19  0.2537E-27  0.5782E-09  0.3533E-13  0.2146E-11  0.5761E-09  0.1000E+05   8.000       1.000      -1.000    
         418  0.1033E+06   5713.      0.5426E+23  0.2563E+28  0.4719E+23  0.3238E+28  0.1864E-12  0.3241E-11  0.1010E-12  0.1426E-20  0.1801E-19  0.2543E-27  0.5789E-09  0.3541E-13  0.2142E-11  0.5768E-09  0.1000E+05   8.000       1.000      -1.000    
         419  0.1062E+06   5729.      0.5140E+23  0.2573E+28  0.4464E+23  0.3244E+28  0.1861E-12  0.3422E-11  0.1008E-12  0.1393E-20  0.1847E-19  0.2553E-27  0.5795E-09  0.3548E-13  0.2139E-11  0.5774E-09  0.1000E+05   8.000       1.000      -1.000    
         420  0.1092E+06   5744.      0.4868E+23  0.2582E+28  0.4223E+23  0.3250E+28  0.1858E-12  0.3613E-11  0.1006E-12  0.1364E-20  0.1894E-19  0.2566E-27  0.5801E-09  0.3555E-13  0.2136E-11  0.5781E-09  0.1000E+05   8.000       1.000      -1.000    
         421  0.1122E+06   5758.      0.4611E+23  0.2591E+28  0.3995E+23  0.3256E+28  0.1855E-12  0.3815E-11  0.1005E-12  0.1336E-20  0.1942E-19  0.2581E-27  0.5807E-09  0.3561E-13  0.2132E-11  0.5787E-09  0.1000E+05   8.000       1.000      -1.000    
         422  0.1154E+06   5772.      0.4366E+23  0.2599E+28  0.3780E+23  0.3261E+28  0.1852E-12  0.4028E-11  0.1004E-12  0.1310E-20  0.1992E-19  0.2600E-27  0.5813E-09  0.3567E-13  0.2130E-11  0.5792E-09  0.1000E+05   8.000       1.000      -1.000    
         423  0.1186E+06   5784.      0.4135E+23  0.2607E+28  0.3576E+23  0.3266E+28  0.1849E-12  0.4254E-11  0.1002E-12  0.1286E-20  0.2043E-19  0.2621E-27  0.5818E-09  0.3573E-13  0.2127E-11  0.5797E-09  0.1000E+05   8.000       1.000      -1.000    
         424  0.1219E+06   5796.      0.3915E+23  0.2614E+28  0.3383E+23  0.3270E+28  0.1847E-12  0.4492E-11  0.1001E-12  0.1263E-20  0.2097E-19  0.2645E-27  0.5823E-09  0.3579E-13  0.2124E-11  0.5802E-09  0.1000E+05   8.000       1.000      -1.000    
         425  0.1254E+06   5807.      0.3707E+23  0.2621E+28  0.3200E+23  0.3275E+28  0.1845E-12  0.4744E-11  0.9999E-13  0.1242E-20  0.2151E-19  0.2672E-27  0.5827E-09  0.3584E-13  0.2122E-11  0.5807E-09  0.1000E+05   8.000       1.000      -1.000    
         426  0.1289E+06   5818.      0.3510E+23  0.2627E+28  0.3028E+23  0.3279E+28  0.1842E-12  0.5010E-11  0.9988E-13  0.1222E-20  0.2208E-19  0.2702E-27  0.5832E-09  0.3589E-13  0.2120E-11  0.5811E-09  0.1000E+05   7.000       1.000      -1.000    
         427  0.1325E+06   5828.      0.3324E+23  0.2634E+28  0.2864E+23  0.3283E+28  0.1840E-12  0.5292E-11  0.9978E-13  0.1204E-20  0.2266E-19  0.2734E-27  0.5836E-09  0.3593E-13  0.2117E-11  0.5815E-09  0.1000E+05   7.000       1.000      -1.000    
         428  0.1362E+06   5837.      0.3147E+23  0.2639E+28  0.2710E+23  0.3287E+28  0.1838E-12  0.5590E-11  0.9969E-13  0.1187E-20  0.2326E-19  0.2769E-27  0.5839E-09  0.3597E-13  0.2115E-11  0.5819E-09  0.1000E+05   7.000       1.000      -1.000    
         429  0.1401E+06   5846.      0.2979E+23  0.2645E+28  0.2564E+23  0.3290E+28  0.1837E-12  0.5904E-11  0.9960E-13  0.1171E-20  0.2387E-19  0.2806E-27  0.5843E-09  0.3601E-13  0.2113E-11  0.5823E-09  0.1000E+05   7.000       1.000      -1.000    
         430  0.1440E+06   5855.      0.2820E+23  0.2650E+28  0.2425E+23  0.3293E+28  0.1835E-12  0.6237E-11  0.9951E-13  0.1156E-20  0.2451E-19  0.2846E-27  0.5846E-09  0.3605E-13  0.2112E-11  0.5826E-09  0.1000E+05   7.000       1.000      -1.000    
         431  0.1480E+06   5863.      0.2670E+23  0.2655E+28  0.2295E+23  0.3297E+28  0.1833E-12  0.6588E-11  0.9943E-13  0.1142E-20  0.2516E-19  0.2889E-27  0.5850E-09  0.3609E-13  0.2110E-11  0.5829E-09  0.1000E+05   7.000       1.000      -1.000    
         432  0.1522E+06   5870.      0.2527E+23  0.2660E+28  0.2171E+23  0.3300E+28  0.1832E-12  0.6960E-11  0.9936E-13  0.1128E-20  0.2584E-19  0.2934E-27  0.5853E-09  0.3612E-13  0.2108E-11  0.5832E-09  0.1000E+05   7.000       1.000      -1.000    
         433  0.1565E+06   5877.      0.2392E+23  0.2664E+28  0.2054E+23  0.3302E+28  0.1830E-12  0.7353E-11  0.9928E-13  0.1116E-20  0.2653E-19  0.2982E-27  0.5855E-09  0.3615E-13  0.2107E-11  0.5835E-09  0.1000E+05   7.000       1.000      -1.000    
         434  0.1608E+06   5884.      0.2264E+23  0.2668E+28  0.1943E+23  0.3305E+28  0.1829E-12  0.7768E-11  0.9922E-13  0.1104E-20  0.2724E-19  0.3032E-27  0.5858E-09  0.3618E-13  0.2105E-11  0.5838E-09  0.1000E+05   7.000       1.000      -1.000    
         435  0.1654E+06   5890.      0.2143E+23  0.2672E+28  0.1838E+23  0.3307E+28  0.1828E-12  0.8206E-11  0.9915E-13  0.1093E-20  0.2798E-19  0.3085E-27  0.5861E-09  0.3621E-13  0.2104E-11  0.5840E-09  0.1000E+05   7.000       1.000      -1.000    
         436  0.1700E+06   5896.      0.2029E+23  0.2676E+28  0.1739E+23  0.3310E+28  0.1827E-12  0.8670E-11  0.9909E-13  0.1083E-20  0.2873E-19  0.3141E-27  0.5863E-09  0.3624E-13  0.2103E-11  0.5843E-09  0.1000E+05   7.000       1.000      -1.000    
         437  0.1748E+06   5902.      0.1920E+23  0.2679E+28  0.1645E+23  0.3312E+28  0.1825E-12  0.9160E-11  0.9904E-13  0.1073E-20  0.2951E-19  0.3199E-27  0.5865E-09  0.3627E-13  0.2102E-11  0.5845E-09  0.1000E+05   7.000       1.000      -1.000    
         438  0.1797E+06   5907.      0.1817E+23  0.2683E+28  0.1557E+23  0.3314E+28  0.1824E-12  0.9678E-11  0.9898E-13  0.1064E-20  0.3031E-19  0.3260E-27  0.5867E-09  0.3629E-13  0.2100E-11  0.5847E-09  0.1000E+05   7.000       1.000      -1.000    
         439  0.1847E+06   5912.      0.1720E+23  0.2686E+28  0.1473E+23  0.3316E+28  0.1823E-12  0.1023E-10  0.9893E-13  0.1056E-20  0.3114E-19  0.3323E-27  0.5869E-09  0.3631E-13  0.2099E-11  0.5849E-09  0.1000E+05   7.000       1.000      -1.000    
         440  0.1899E+06   5917.      0.1628E+23  0.2689E+28  0.1393E+23  0.3318E+28  0.1822E-12  0.1080E-10  0.9889E-13  0.1048E-20  0.3199E-19  0.3389E-27  0.5871E-09  0.3633E-13  0.2098E-11  0.5851E-09  0.1000E+05   6.000       1.000      -1.000    
         441  0.1952E+06   5922.      0.1541E+23  0.2691E+28  0.1318E+23  0.3320E+28  0.1821E-12  0.1142E-10  0.9884E-13  0.1040E-20  0.3286E-19  0.3458E-27  0.5873E-09  0.3636E-13  0.2097E-11  0.5853E-09  0.1000E+05   6.000       1.000      -1.000    
         442  0.2007E+06   5926.      0.1458E+23  0.2694E+28  0.1247E+23  0.3321E+28  0.1821E-12  0.1206E-10  0.9880E-13  0.1033E-20  0.3376E-19  0.3530E-27  0.5875E-09  0.3637E-13  0.2097E-11  0.5854E-09  0.1000E+05   6.000       1.000      -1.000    
         443  0.2064E+06   5930.      0.1380E+23  0.2697E+28  0.1180E+23  0.3323E+28  0.1820E-12  0.1275E-10  0.9876E-13  0.1026E-20  0.3468E-19  0.3605E-27  0.5876E-09  0.3639E-13  0.2096E-11  0.5856E-09  0.1000E+05   6.000       1.000      -1.000    
         444  0.2122E+06   5934.      0.1306E+23  0.2699E+28  0.1116E+23  0.3324E+28  0.1819E-12  0.1347E-10  0.9872E-13  0.1020E-20  0.3563E-19  0.3682E-27  0.5878E-09  0.3641E-13  0.2095E-11  0.5857E-09  0.1000E+05   6.000       1.000      -1.000    
         445  0.2181E+06   5937.      0.1236E+23  0.2701E+28  0.1056E+23  0.3326E+28  0.1818E-12  0.1423E-10  0.9868E-13  0.1014E-20  0.3661E-19  0.3763E-27  0.5879E-09  0.3643E-13  0.2094E-11  0.5859E-09  0.1000E+05   6.000       1.000      -1.000    
         446  0.2242E+06   5941.      0.1170E+23  0.2703E+28  0.9993E+22  0.3327E+28  0.1818E-12  0.1504E-10  0.9865E-13  0.1009E-20  0.3762E-19  0.3846E-27  0.5880E-09  0.3644E-13  0.2093E-11  0.5860E-09  0.1000E+05   6.000       1.000      -1.000    
         447  0.2305E+06   5944.      0.1107E+23  0.2705E+28  0.9454E+22  0.3328E+28  0.1817E-12  0.1589E-10  0.9862E-13  0.1003E-20  0.3865E-19  0.3933E-27  0.5882E-09  0.3646E-13  0.2093E-11  0.5861E-09  0.1000E+05   6.000       1.000      -1.000    
         448  0.2370E+06   5947.      0.1047E+23  0.2707E+28  0.8945E+22  0.3330E+28  0.1816E-12  0.1679E-10  0.9859E-13  0.9985E-21  0.3972E-19  0.4022E-27  0.5883E-09  0.3647E-13  0.2092E-11  0.5863E-09  0.1000E+05   6.000       1.000      -1.000    
         449  0.2437E+06   5950.      0.9911E+22  0.2709E+28  0.8463E+22  0.3331E+28  0.1816E-12  0.1775E-10  0.9856E-13  0.9938E-21  0.4081E-19  0.4115E-27  0.5884E-09  0.3648E-13  0.2091E-11  0.5864E-09  0.1000E+05   6.000       1.000      -1.000    
         450  0.2505E+06   5952.      0.9379E+22  0.2711E+28  0.8007E+22  0.3332E+28  0.1815E-12  0.1875E-10  0.9853E-13  0.9894E-21  0.4194E-19  0.4211E-27  0.5885E-09  0.3649E-13  0.2091E-11  0.5865E-09  0.1000E+05   6.000       1.000      -1.000    
         451  0.2575E+06   5955.      0.8875E+22  0.2712E+28  0.7575E+22  0.3333E+28  0.1815E-12  0.1982E-10  0.9851E-13  0.9852E-21  0.4310E-19  0.4311E-27  0.5886E-09  0.3651E-13  0.2090E-11  0.5866E-09  0.1000E+05   6.000       1.000      -1.000    
         452  0.2648E+06   5957.      0.8399E+22  0.2714E+28  0.7167E+22  0.3334E+28  0.1814E-12  0.2094E-10  0.9848E-13  0.9813E-21  0.4429E-19  0.4413E-27  0.5887E-09  0.3652E-13  0.2090E-11  0.5867E-09  0.1000E+05   6.000       1.000      -1.000    
         453  0.2722E+06   5960.      0.7947E+22  0.2715E+28  0.6781E+22  0.3335E+28  0.1814E-12  0.2213E-10  0.9846E-13  0.9776E-21  0.4552E-19  0.4519E-27  0.5888E-09  0.3653E-13  0.2089E-11  0.5868E-09  0.1000E+05   6.000       1.000      -1.000    
         454  0.2798E+06   5962.      0.7520E+22  0.2717E+28  0.6415E+22  0.3336E+28  0.1813E-12  0.2339E-10  0.9844E-13  0.9741E-21  0.4678E-19  0.4629E-27  0.5889E-09  0.3654E-13  0.2089E-11  0.5869E-09  0.1000E+05   6.000       1.000      -1.000    
         455  0.2877E+06   5964.      0.7116E+22  0.2718E+28  0.6070E+22  0.3336E+28  0.1813E-12  0.2472E-10  0.9842E-13  0.9708E-21  0.4807E-19  0.4742E-27  0.5890E-09  0.3655E-13  0.2088E-11  0.5869E-09  0.1000E+05   6.000       1.000      -1.000    
         456  0.2958E+06   5966.      0.6734E+22  0.2719E+28  0.5743E+22  0.3337E+28  0.1813E-12  0.2612E-10  0.9840E-13  0.9677E-21  0.4941E-19  0.4859E-27  0.5890E-09  0.3656E-13  0.2088E-11  0.5870E-09  0.1000E+05   6.000       1.000      -1.000    
         457  0.3041E+06   5968.      0.6372E+22  0.2720E+28  0.5433E+22  0.3338E+28  0.1812E-12  0.2760E-10  0.9838E-13  0.9648E-21  0.5078E-19  0.4980E-27  0.5891E-09  0.3656E-13  0.2088E-11  0.5871E-09  0.1000E+05   6.000       1.000      -1.000    
         458  0.3126E+06   5970.      0.6029E+22  0.2721E+28  0.5140E+22  0.3339E+28  0.1812E-12  0.2917E-10  0.9836E-13  0.9620E-21  0.5219E-19  0.5104E-27  0.5892E-09  0.3657E-13  0.2087E-11  0.5872E-09  0.1000E+05   6.000       1.000      -1.000    
         459  0.3214E+06   5971.      0.5705E+22  0.2722E+28  0.4864E+22  0.3339E+28  0.1811E-12  0.3083E-10  0.9835E-13  0.9594E-21  0.5364E-19  0.5233E-27  0.5892E-09  0.3658E-13  0.2087E-11  0.5872E-09  0.1000E+05   6.000       1.000      -1.000    
         460  0.3304E+06   5973.      0.5398E+22  0.2723E+28  0.4601E+22  0.3340E+28  0.1811E-12  0.3258E-10  0.9833E-13  0.9570E-21  0.5513E-19  0.5365E-27  0.5893E-09  0.3659E-13  0.2087E-11  0.5873E-09  0.1000E+05   6.000       1.000      -1.000    
         461  0.3397E+06   5974.      0.5108E+22  0.2724E+28  0.4354E+22  0.3340E+28  0.1811E-12  0.3443E-10  0.9831E-13  0.9546E-21  0.5666E-19  0.5502E-27  0.5894E-09  0.3659E-13  0.2086E-11  0.5873E-09  0.1000E+05   6.000       1.000      -1.000    
         462  0.3492E+06   5976.      0.4833E+22  0.2725E+28  0.4119E+22  0.3341E+28  0.1811E-12  0.3639E-10  0.9830E-13  0.9524E-21  0.5824E-19  0.5643E-27  0.5894E-09  0.3660E-13  0.2086E-11  0.5874E-09  0.1000E+05   5.000       1.000      -1.000    
         463  0.3590E+06   5977.      0.4573E+22  0.2726E+28  0.3897E+22  0.3342E+28  0.1810E-12  0.3846E-10  0.9829E-13  0.9504E-21  0.5986E-19  0.5788E-27  0.5895E-09  0.3661E-13  0.2086E-11  0.5874E-09  0.1000E+05   5.000       1.000      -1.000    
         464  0.3691E+06   5978.      0.4327E+22  0.2727E+28  0.3687E+22  0.3342E+28  0.1810E-12  0.4064E-10  0.9828E-13  0.9484E-21  0.6153E-19  0.5938E-27  0.5895E-09  0.3661E-13  0.2085E-11  0.5875E-09  0.1000E+05   5.000       1.000      -1.000    
         465  0.3795E+06   5979.      0.4095E+22  0.2727E+28  0.3488E+22  0.3342E+28  0.1810E-12  0.4295E-10  0.9826E-13  0.9465E-21  0.6325E-19  0.6092E-27  0.5896E-09  0.3662E-13  0.2085E-11  0.5875E-09  0.1000E+05   5.000       1.000      -1.000    
         466  0.3901E+06   5980.      0.3874E+22  0.2728E+28  0.3300E+22  0.3343E+28  0.1810E-12  0.4540E-10  0.9825E-13  0.9448E-21  0.6501E-19  0.6251E-27  0.5896E-09  0.3662E-13  0.2085E-11  0.5876E-09  0.1000E+05   5.000       1.000      -1.000    
         467  0.4011E+06   5982.      0.3666E+22  0.2729E+28  0.3123E+22  0.3343E+28  0.1809E-12  0.4798E-10  0.9824E-13  0.9431E-21  0.6682E-19  0.6415E-27  0.5896E-09  0.3663E-13  0.2085E-11  0.5876E-09  0.1000E+05   5.000       1.000      -1.000    
         468  0.4123E+06   5983.      0.3469E+22  0.2729E+28  0.2954E+22  0.3344E+28  0.1809E-12  0.5071E-10  0.9823E-13  0.9416E-21  0.6869E-19  0.6584E-27  0.5897E-09  0.3663E-13  0.2085E-11  0.5877E-09  0.1000E+05   5.000       1.000      -1.000    
         469  0.4239E+06   5983.      0.3282E+22  0.2730E+28  0.2795E+22  0.3344E+28  0.1809E-12  0.5359E-10  0.9822E-13  0.9401E-21  0.7060E-19  0.6757E-27  0.5897E-09  0.3663E-13  0.2084E-11  0.5877E-09  0.1000E+05   5.000       1.000      -1.000    
         470  0.4358E+06   5984.      0.3105E+22  0.2730E+28  0.2645E+22  0.3344E+28  0.1809E-12  0.5664E-10  0.9821E-13  0.9387E-21  0.7257E-19  0.6936E-27  0.5898E-09  0.3664E-13  0.2084E-11  0.5877E-09  0.1000E+05   5.000       1.000      -1.000    
         471  0.4480E+06   5985.      0.2938E+22  0.2731E+28  0.2502E+22  0.3345E+28  0.1809E-12  0.5986E-10  0.9821E-13  0.9374E-21  0.7460E-19  0.7121E-27  0.5898E-09  0.3664E-13  0.2084E-11  0.5878E-09  0.1000E+05   5.000       1.000      -1.000    
         472  0.4606E+06   5986.      0.2780E+22  0.2731E+28  0.2367E+22  0.3345E+28  0.1809E-12  0.6326E-10  0.9820E-13  0.9361E-21  0.7669E-19  0.7310E-27  0.5898E-09  0.3665E-13  0.2084E-11  0.5878E-09  0.1000E+05   5.000       1.000      -1.000    
         473  0.4735E+06   5987.      0.2630E+22  0.2732E+28  0.2240E+22  0.3345E+28  0.1808E-12  0.6686E-10  0.9819E-13  0.9349E-21  0.7883E-19  0.7506E-27  0.5898E-09  0.3665E-13  0.2084E-11  0.5878E-09  0.1000E+05   5.000       1.000      -1.000    
         474  0.4868E+06   5987.      0.2489E+22  0.2732E+28  0.2119E+22  0.3346E+28  0.1808E-12  0.7067E-10  0.9818E-13  0.9338E-21  0.8103E-19  0.7707E-27  0.5899E-09  0.3665E-13  0.2084E-11  0.5879E-09  0.1000E+05   5.000       1.000      -1.000    
         475  0.5005E+06   5988.      0.2355E+22  0.2733E+28  0.2005E+22  0.3346E+28  0.1808E-12  0.7469E-10  0.9818E-13  0.9328E-21  0.8330E-19  0.7914E-27  0.5899E-09  0.3666E-13  0.2083E-11  0.5879E-09  0.1000E+05   5.000       1.000      -1.000    
         476  0.5145E+06   5989.      0.2228E+22  0.2733E+28  0.1897E+22  0.3346E+28  0.1808E-12  0.7894E-10  0.9817E-13  0.9318E-21  0.8563E-19  0.8127E-27  0.5899E-09  0.3666E-13  0.2083E-11  0.5879E-09  0.1000E+05   5.000       1.000      -1.000    
         477  0.5290E+06   5989.      0.2108E+22  0.2734E+28  0.1795E+22  0.3346E+28  0.1808E-12  0.8343E-10  0.9816E-13  0.9308E-21  0.8802E-19  0.8347E-27  0.5899E-09  0.3666E-13  0.2083E-11  0.5879E-09  0.1000E+05   5.000       1.000      -1.000    
         478  0.5438E+06   5990.      0.1995E+22  0.2734E+28  0.1698E+22  0.3347E+28  0.1808E-12  0.8817E-10  0.9816E-13  0.9299E-21  0.9048E-19  0.8572E-27  0.5900E-09  0.3666E-13  0.2083E-11  0.5880E-09  0.1000E+05   5.000       1.000      -1.000    
         479  0.5591E+06   5991.      0.1887E+22  0.2734E+28  0.1607E+22  0.3347E+28  0.1808E-12  0.9319E-10  0.9815E-13  0.9291E-21  0.9302E-19  0.8805E-27  0.5900E-09  0.3667E-13  0.2083E-11  0.5880E-09  0.1000E+05   5.000       1.000      -1.000    
         480  0.5748E+06   5991.      0.1786E+22  0.2735E+28  0.1520E+22  0.3347E+28  0.1808E-12  0.9849E-10  0.9815E-13  0.9283E-21  0.9562E-19  0.9044E-27  0.5900E-09  0.3667E-13  0.2083E-11  0.5880E-09  0.1000E+05   5.000       1.000      -1.000    
         481  0.5909E+06   5991.      0.1690E+22  0.2735E+28  0.1438E+22  0.3347E+28  0.1807E-12  0.1041E-09  0.9814E-13  0.9276E-21  0.9830E-19  0.9290E-27  0.5900E-09  0.3667E-13  0.2083E-11  0.5880E-09  0.1000E+05   5.000       1.000      -1.000    
         482  0.6075E+06   5992.      0.1599E+22  0.2735E+28  0.1361E+22  0.3347E+28  0.1807E-12  0.1100E-09  0.9814E-13  0.9268E-21  0.1010E-18  0.9543E-27  0.5900E-09  0.3667E-13  0.2083E-11  0.5880E-09  0.1000E+05   5.000       1.000      -1.000    
         483  0.6246E+06   5992.      0.1513E+22  0.2735E+28  0.1287E+22  0.3348E+28  0.1807E-12  0.1163E-09  0.9813E-13  0.9262E-21  0.1039E-18  0.9804E-27  0.5901E-09  0.3667E-13  0.2082E-11  0.5880E-09  0.1000E+05   5.000       1.000      -1.000    
         484  0.6421E+06   5993.      0.1431E+22  0.2736E+28  0.1218E+22  0.3348E+28  0.1807E-12  0.1229E-09  0.9813E-13  0.9255E-21  0.1068E-18  0.1007E-26  0.5901E-09  0.3668E-13  0.2082E-11  0.5881E-09  0.1000E+05   5.000       1.000      -1.000    
         485  0.6601E+06   5993.      0.1354E+22  0.2736E+28  0.1152E+22  0.3348E+28  0.1807E-12  0.1299E-09  0.9813E-13  0.9249E-21  0.1098E-18  0.1035E-26  0.5901E-09  0.3668E-13  0.2082E-11  0.5881E-09  0.1000E+05   5.000       1.000      -1.000    
         486  0.6787E+06   5994.      0.1281E+22  0.2736E+28  0.1090E+22  0.3348E+28  0.1807E-12  0.1373E-09  0.9812E-13  0.9244E-21  0.1129E-18  0.1063E-26  0.5901E-09  0.3668E-13  0.2082E-11  0.5881E-09  0.1000E+05   5.000       1.000      -1.000    
         487  0.6977E+06   5994.      0.1212E+22  0.2736E+28  0.1032E+22  0.3348E+28  0.1807E-12  0.1451E-09  0.9812E-13  0.9238E-21  0.1160E-18  0.1092E-26  0.5901E-09  0.3668E-13  0.2082E-11  0.5881E-09  0.1000E+05   5.000       1.000      -1.000    
         488  0.7173E+06   5994.      0.1147E+22  0.2737E+28  0.9760E+21  0.3348E+28  0.1807E-12  0.1534E-09  0.9812E-13  0.9233E-21  0.1193E-18  0.1122E-26  0.5901E-09  0.3668E-13  0.2082E-11  0.5881E-09  0.1000E+05   5.000       1.000      -1.000    
         489  0.7375E+06   5995.      0.1085E+22  0.2737E+28  0.9235E+21  0.3348E+28  0.1807E-12  0.1621E-09  0.9811E-13  0.9228E-21  0.1226E-18  0.1153E-26  0.5901E-09  0.3668E-13  0.2082E-11  0.5881E-09  0.1000E+05   5.000       1.000      -1.000    
         490  0.7582E+06   5995.      0.1027E+22  0.2737E+28  0.8737E+21  0.3349E+28  0.1807E-12  0.1713E-09  0.9811E-13  0.9224E-21  0.1260E-18  0.1185E-26  0.5902E-09  0.3669E-13  0.2082E-11  0.5881E-09  0.1000E+05   5.000       1.000      -1.000    
         491  0.7794E+06   5995.      0.9714E+21  0.2737E+28  0.8266E+21  0.3349E+28  0.1807E-12  0.1811E-09  0.9811E-13  0.9219E-21  0.1296E-18  0.1218E-26  0.5902E-09  0.3669E-13  0.2082E-11  0.5882E-09  0.1000E+05   5.000       1.000      -1.000    
         492  0.8013E+06   5995.      0.9191E+21  0.2737E+28  0.7821E+21  0.3349E+28  0.1807E-12  0.1914E-09  0.9811E-13  0.9215E-21  0.1332E-18  0.1251E-26  0.5902E-09  0.3669E-13  0.2082E-11  0.5882E-09  0.1000E+05   5.000       1.000      -1.000    
         493  0.8238E+06   5996.      0.8696E+21  0.2738E+28  0.7400E+21  0.3349E+28  0.1807E-12  0.2023E-09  0.9810E-13  0.9212E-21  0.1369E-18  0.1286E-26  0.5902E-09  0.3669E-13  0.2082E-11  0.5882E-09  0.1000E+05   5.000       1.000      -1.000    
         494  0.8469E+06   5996.      0.8228E+21  0.2738E+28  0.7001E+21  0.3349E+28  0.1807E-12  0.2138E-09  0.9810E-13  0.9208E-21  0.1408E-18  0.1321E-26  0.5902E-09  0.3669E-13  0.2082E-11  0.5882E-09  0.1000E+05   5.000       1.000      -1.000    
         495  0.8707E+06   5996.      0.7785E+21  0.2738E+28  0.6624E+21  0.3349E+28  0.1807E-12  0.2259E-09  0.9810E-13  0.9204E-21  0.1447E-18  0.1358E-26  0.5902E-09  0.3669E-13  0.2082E-11  0.5882E-09  0.1000E+05   5.000       1.000      -1.000    
         496  0.8952E+06   5996.      0.7365E+21  0.2738E+28  0.6267E+21  0.3349E+28  0.1806E-12  0.2388E-09  0.9810E-13  0.9201E-21  0.1488E-18  0.1396E-26  0.5902E-09  0.3669E-13  0.2082E-11  0.5882E-09  0.1000E+05   5.000       1.000      -1.000    
         497  0.9203E+06   5996.      0.6969E+21  0.2738E+28  0.5930E+21  0.3349E+28  0.1806E-12  0.2524E-09  0.9809E-13  0.9198E-21  0.1530E-18  0.1434E-26  0.5902E-09  0.3669E-13  0.2082E-11  0.5882E-09  0.1000E+05   5.000       1.000      -1.000    
         498  0.9461E+06   5997.      0.6593E+21  0.2738E+28  0.5610E+21  0.3349E+28  0.1806E-12  0.2668E-09  0.9809E-13  0.9195E-21  0.1572E-18  0.1474E-26  0.5902E-09  0.3669E-13  0.2082E-11  0.5882E-09  0.1000E+05   5.000       1.000      -1.000    
         499  0.9727E+06   5997.      0.6238E+21  0.2738E+28  0.5308E+21  0.3349E+28  0.1806E-12  0.2819E-09  0.9809E-13  0.9192E-21  0.1617E-18  0.1515E-26  0.5902E-09  0.3669E-13  0.2082E-11  0.5882E-09  0.1000E+05   5.000       1.000      -1.000    
         500  0.1000E+07   5997.      0.5902E+21  0.2738E+28  0.5022E+21  0.3349E+28  0.1806E-12  0.2980E-09  0.9809E-13  0.9190E-21  0.1662E-18  0.1557E-26  0.5902E-09  0.3670E-13  0.2082E-11  0.5882E-09  0.1000E+05   5.000       1.000      -1.000    
 
 
Rate coefficients (m3/s)
 C1    N2    Effective (momentum)                                
 C2    N2    Excitation    0.30 eV                               
 C3    N2    Excitation    0.60 eV                               
 C4    N2    Excitation    0.90 eV                               
 C5    N2    Excitation    1.10 eV                               
 C6    N2    Excitation    1.40 eV                               
 C7    N2    Excitation    1.70 eV                               
 C8    N2    Excitation    2.00 eV                               
 C9    N2    Excitation    2.20 eV                               
 C10   N2    Excitation    2.50 eV                               
 C11   N2    Excitation    2.70 eV                               
 C12   N2    Excitation    6.20 eV                               
 C13   N2    Excitation    7.00 eV                               
 C14   N2    Excitation    7.40 eV                               
 C15   N2    Excitation    7.40 eV                               
 C16   N2    Excitation    7.80 eV                               
 C17   N2    Excitation    8.20 eV                               
 C18   N2    Excitation    8.40 eV                               
 C19   N2    Excitation    8.60 eV                               
 C20   N2    Excitation    8.90 eV                               
 C21   N2    Excitation    11.00 eV                              
 C22   N2    Excitation    11.80 eV                              
 C23   N2    Excitation    12.20 eV                              
 C24   N2    Excitation    13.00 eV                              
 C25   N2    Ionization    15.60 eV                              
 C26   N2    Ionization    18.80 eV                              
 C27   O2    Attachment                                          
 C28   O2    Effective (momentum)                                
 C29   O2    Excitation    0.19 eV                               
 C30   O2    Excitation    0.38 eV                               
 C31   O2    Excitation    0.60 eV                               
 C32   O2    Excitation    0.80 eV                               
 C33   O2    Excitation    0.98 eV                               
 C34   O2    Excitation    1.63 eV                               
 C35   O2    Excitation    4.50 eV                               
 C36   O2    Excitation    6.00 eV                               
 C37   O2    Excitation    8.40 eV                               
 C38   O2    Excitation    9.97 eV                               
 C39   O2    Excitation    14.70 eV                              
 C40   O2    Ionization    12.10 eV                              
          R#    E/N (Td) Energy (eV)      C1          C2          C3          C4          C5          C6          C7          C8          C9         C10         C11         C12         C13         C14         C15         C16         C17         C18         C19         C20         C21         C22         C23         C24         C25         C26         C27         C28         C29         C30         C31         C32         C33         C34         C35         C36         C37         C38         C39         C40    
           1   1.000      0.2366      0.2273E-13  0.2672E-17  0.3721E-24  0.6954E-29   0.000       0.000       0.000       0.000       0.000       0.000       0.000       0.000       0.000       0.000       0.000       0.000       0.000       0.000       0.000       0.000       0.000       0.000       0.000       0.000       0.000       0.000       0.000      0.1130E-13  0.1232E-15  0.3894E-17  0.1198E-18  0.9085E-20  0.1155E-20  0.2156E-25   0.000       0.000       0.000       0.000       0.000       0.000    
           2   1.028      0.2395      0.2295E-13  0.2796E-17  0.6369E-24  0.1119E-28   0.000       0.000       0.000       0.000       0.000       0.000       0.000       0.000       0.000       0.000       0.000       0.000       0.000       0.000       0.000       0.000       0.000       0.000       0.000       0.000       0.000       0.000       0.000      0.1143E-13  0.1286E-15  0.4357E-17  0.1416E-18  0.1120E-19  0.1515E-20  0.3504E-25   0.000       0.000       0.000       0.000       0.000       0.000    
           3   1.057      0.2426      0.2316E-13  0.2926E-17  0.1079E-23  0.1821E-28   0.000       0.000       0.000       0.000       0.000       0.000       0.000       0.000       0.000       0.000       0.000       0.000       0.000       0.000       0.000       0.000       0.000       0.000       0.000       0.000       0.000       0.000       0.000      0.1157E-13  0.1342E-15  0.4867E-17  0.1670E-18  0.1377E-19  0.1978E-20  0.5637E-25   0.000       0.000       0.000       0.000       0.000       0.000    
           4   1.087      0.2457      0.2339E-13  0.3063E-17  0.1807E-23  0.3000E-28   0.000       0.000       0.000       0.000       0.000       0.000       0.000       0.000       0.000       0.000       0.000       0.000       0.000       0.000       0.000       0.000       0.000       0.000       0.000       0.000       0.000       0.000       0.000      0.1172E-13  0.1400E-15  0.5428E-17  0.1965E-18  0.1686E-19  0.2570E-20  0.8970E-25   0.000       0.000       0.000       0.000       0.000       0.000    
           5   1.117      0.2490      0.2361E-13  0.3207E-17  0.2994E-23  0.5007E-28   0.000       0.000       0.000       0.000       0.000       0.000       0.000       0.000       0.000       0.000       0.000       0.000       0.000       0.000       0.000       0.000       0.000       0.000       0.000       0.000       0.000       0.000       0.000      0.1187E-13  0.1460E-15  0.6044E-17  0.2308E-18  0.2056E-19  0.3322E-20  0.1413E-24   0.000       0.000       0.000       0.000       0.000       0.000    
           6   1.148      0.2524      0.2385E-13  0.3359E-17  0.4909E-23  0.8468E-28   0.000       0.000       0.000       0.000       0.000       0.000       0.000       0.000       0.000       0.000       0.000       0.000       0.000       0.000       0.000       0.000       0.000       0.000       0.000       0.000       0.000       0.000       0.000      0.1202E-13  0.1521E-15  0.6720E-17  0.2706E-18  0.2499E-19  0.4273E-20  0.2203E-24   0.000       0.000       0.000       0.000       0.000       0.000    
           7   1.181      0.2559      0.2409E-13  0.3520E-17  0.7963E-23  0.1449E-27   0.000       0.000       0.000       0.000       0.000       0.000       0.000       0.000       0.000       0.000       0.000       0.000       0.000       0.000       0.000       0.000       0.000       0.000       0.000       0.000       0.000       0.000       0.000      0.1218E-13  0.1585E-15  0.7459E-17  0.3165E-18  0.3027E-19  0.5470E-20  0.3401E-24   0.000       0.000       0.000       0.000       0.000       0.000    
           8   1.214      0.2595      0.2434E-13  0.3692E-17  0.1278E-22  0.2501E-27   0.000       0.000       0.000       0.000       0.000       0.000       0.000       0.000       0.000       0.000       0.000       0.000       0.000       0.000       0.000       0.000       0.000       0.000       0.000       0.000       0.000       0.000       0.000      0.1235E-13  0.1650E-15  0.8266E-17  0.3693E-18  0.3652E-19  0.6968E-20  0.5199E-24   0.000       0.000       0.000       0.000       0.000       0.000    
           9   1.248      0.2633      0.2459E-13  0.3875E-17  0.2031E-22  0.4346E-27   0.000       0.000       0.000       0.000       0.000       0.000       0.000       0.000       0.000       0.000       0.000       0.000       0.000       0.000       0.000       0.000       0.000       0.000       0.000       0.000       0.000       0.000       0.000      0.1252E-13  0.1717E-15  0.9146E-17  0.4300E-18  0.4391E-19  0.8836E-20  0.7870E-24   0.000       0.000       0.000       0.000       0.000       0.000    
          10   1.283      0.2675      0.2487E-13  0.4083E-17  0.3288E-22  0.2960E-25  0.2374E-27  0.1019E-28  0.1097E-32   0.000       0.000       0.000       0.000       0.000       0.000       0.000       0.000       0.000       0.000       0.000       0.000       0.000       0.000       0.000       0.000       0.000       0.000       0.000       0.000      0.1270E-13  0.1790E-15  0.1019E-16  0.5064E-18  0.5342E-19  0.1142E-19  0.1211E-23   0.000       0.000       0.000       0.000       0.000       0.000    
          11   1.319      0.2716      0.2513E-13  0.4294E-17  0.5110E-22  0.4561E-25  0.3674E-27  0.1678E-28  0.1772E-32   0.000       0.000       0.000       0.000       0.000       0.000       0.000       0.000       0.000       0.000       0.000       0.000       0.000       0.000       0.000       0.000       0.000       0.000       0.000       0.000      0.1289E-13  0.1860E-15  0.1123E-16  0.5866E-18  0.6373E-19  0.1432E-19  0.1796E-23   0.000       0.000       0.000       0.000       0.000       0.000    
          12   1.356      0.2759      0.2541E-13  0.4520E-17  0.7865E-22  0.7031E-25  0.5631E-27  0.2737E-28  0.2883E-32   0.000       0.000       0.000       0.000       0.000       0.000       0.000       0.000       0.000       0.000       0.000       0.000       0.000       0.000       0.000       0.000       0.000       0.000       0.000       0.000      0.1308E-13  0.1932E-15  0.1236E-16  0.6777E-18  0.7574E-19  0.1789E-19  0.2641E-23   0.000       0.000       0.000       0.000       0.000       0.000    
          13   1.394      0.2803      0.2569E-13  0.4765E-17  0.1199E-21  0.1086E-24  0.8547E-27  0.4426E-28  0.4718E-32   0.000       0.000       0.000       0.000       0.000       0.000       0.000       0.000       0.000       0.000       0.000       0.000       0.000       0.000       0.000       0.000       0.000       0.000       0.000       0.000      0.1327E-13  0.2006E-15  0.1358E-16  0.7810E-18  0.8970E-19  0.2224E-19  0.3847E-23   0.000       0.000       0.000       0.000       0.000       0.000    
          14   1.433      0.2850      0.2599E-13  0.5030E-17  0.1809E-21  0.1679E-24  0.1285E-26  0.7089E-28  0.7750E-32   0.000       0.000       0.000       0.000       0.000       0.000       0.000       0.000       0.000       0.000       0.000       0.000       0.000       0.000       0.000       0.000       0.000       0.000       0.000       0.000      0.1348E-13  0.2081E-15  0.1489E-16  0.8977E-18  0.1058E-18  0.2753E-19  0.5556E-23   0.000       0.000       0.000       0.000       0.000       0.000    
          15   1.473      0.2898      0.2629E-13  0.5318E-17  0.2706E-21  0.2604E-24  0.1915E-26  0.1125E-27  0.1275E-31   0.000       0.000       0.000       0.000       0.000       0.000       0.000       0.000       0.000       0.000       0.000       0.000       0.000       0.000       0.000       0.000       0.000       0.000       0.000       0.000      0.1369E-13  0.2157E-15  0.1630E-16  0.1029E-17  0.1244E-18  0.3392E-19  0.7952E-23   0.000       0.000       0.000       0.000       0.000       0.000    
          16   1.515      0.2949      0.2660E-13  0.5633E-17  0.4008E-21  0.4048E-24  0.2828E-26  0.1767E-27  0.2097E-31   0.000       0.000       0.000       0.000       0.000       0.000       0.000       0.000       0.000       0.000       0.000       0.000       0.000       0.000       0.000       0.000       0.000       0.000       0.000       0.000      0.1391E-13  0.2234E-15  0.1781E-16  0.1176E-17  0.1458E-18  0.4160E-19  0.1129E-22   0.000       0.000       0.000       0.000       0.000       0.000    
          17   1.557      0.3001      0.2692E-13  0.5976E-17  0.5884E-21  0.6306E-24  0.4138E-26  0.2750E-27  0.3440E-31   0.000       0.000       0.000       0.000       0.000       0.000       0.000       0.000       0.000       0.000       0.000       0.000       0.000       0.000       0.000       0.000       0.000       0.000       0.000       0.000      0.1414E-13  0.2313E-15  0.1942E-16  0.1341E-17  0.1702E-18  0.5078E-19  0.1588E-22   0.000       0.000       0.000       0.000       0.000       0.000    
          18   1.601      0.3057      0.2725E-13  0.6353E-17  0.8561E-21  0.9841E-24  0.6005E-26  0.4236E-27  0.5621E-31   0.000       0.000       0.000       0.000       0.000       0.000       0.000       0.000       0.000       0.000       0.000       0.000       0.000       0.000       0.000       0.000       0.000       0.000       0.000       0.000      0.1437E-13  0.2392E-15  0.2114E-16  0.1525E-17  0.1979E-18  0.6172E-19  0.2216E-22   0.000       0.000       0.000       0.000       0.000       0.000    
          19   1.646      0.3114      0.2759E-13  0.6767E-17  0.1234E-20  0.1537E-23  0.8642E-26  0.6463E-27  0.9133E-31   0.000       0.000       0.000       0.000       0.000       0.000       0.000       0.000       0.000       0.000       0.000       0.000       0.000       0.000       0.000       0.000       0.000       0.000       0.000       0.000      0.1462E-13  0.2471E-15  0.2296E-16  0.1728E-17  0.2294E-18  0.7469E-19  0.3067E-22   0.000       0.000       0.000       0.000       0.000       0.000    
          20   1.692      0.3175      0.2795E-13  0.7224E-17  0.1764E-20  0.2402E-23  0.1234E-25  0.9762E-27  0.1474E-30   0.000       0.000       0.000       0.000       0.000       0.000       0.000       0.000       0.000       0.000       0.000       0.000       0.000       0.000       0.000       0.000       0.000       0.000       0.000       0.000      0.1488E-13  0.2551E-15  0.2489E-16  0.1953E-17  0.2649E-18  0.8997E-19  0.4210E-22   0.000       0.000       0.000       0.000       0.000       0.000    
          21   1.740      0.3238      0.2831E-13  0.7727E-17  0.2501E-20  0.3750E-23  0.1748E-25  0.1460E-26  0.2360E-30   0.000       0.000       0.000       0.000       0.000       0.000       0.000       0.000       0.000       0.000       0.000       0.000       0.000       0.000       0.000       0.000       0.000       0.000       0.000       0.000      0.1515E-13  0.2632E-15  0.2693E-16  0.2201E-17  0.3047E-18  0.1079E-18  0.5735E-22   0.000       0.000       0.000       0.000       0.000       0.000    
          22   1.789      0.3303      0.2869E-13  0.8283E-17  0.3514E-20  0.5841E-23  0.2459E-25  0.2163E-26  0.3748E-30   0.000       0.000       0.000       0.000       0.000       0.000       0.000       0.000       0.000       0.000       0.000       0.000       0.000       0.000       0.000       0.000       0.000       0.000       0.000       0.000      0.1542E-13  0.2712E-15  0.2908E-16  0.2472E-17  0.3494E-18  0.1288E-18  0.7749E-22   0.000       0.000       0.000       0.000       0.000       0.000    
          23   1.839      0.3372      0.2908E-13  0.8898E-17  0.4897E-20  0.9072E-23  0.3436E-25  0.3173E-26  0.5898E-30   0.000       0.000       0.000       0.000       0.000       0.000       0.000       0.000       0.000       0.000       0.000       0.000       0.000       0.000       0.000       0.000       0.000       0.000       0.000       0.000      0.1571E-13  0.2792E-15  0.3133E-16  0.2769E-17  0.3991E-18  0.1532E-18  0.1039E-21   0.000       0.000       0.000       0.000       0.000       0.000    
          24   1.890      0.3444      0.2948E-13  0.9578E-17  0.6769E-20  0.1403E-22  0.4772E-25  0.4611E-26  0.9192E-30   0.000       0.000       0.000       0.000       0.000       0.000       0.000       0.000       0.000       0.000       0.000       0.000       0.000       0.000       0.000       0.000       0.000       0.000       0.000       0.000      0.1601E-13  0.2871E-15  0.3369E-16  0.3092E-17  0.4543E-18  0.1813E-18  0.1383E-21   0.000       0.000       0.000       0.000       0.000       0.000    
          25   1.943      0.3519      0.2989E-13  0.1033E-16  0.9281E-20  0.2159E-22  0.6589E-25  0.6638E-26  0.1419E-29   0.000       0.000       0.000       0.000       0.000       0.000       0.000       0.000       0.000       0.000       0.000       0.000       0.000       0.000       0.000       0.000       0.000       0.000       0.000       0.000      0.1633E-13  0.2950E-15  0.3615E-16  0.3443E-17  0.5153E-18  0.2137E-18  0.1827E-21   0.000       0.000       0.000       0.000       0.000       0.000    
          26   1.998      0.3596      0.3032E-13  0.1117E-16  0.1263E-19  0.3303E-22  0.9052E-25  0.9468E-26  0.2168E-29   0.000       0.000       0.000       0.000       0.000       0.000       0.000       0.000       0.000       0.000       0.000       0.000       0.000       0.000       0.000       0.000       0.000       0.000       0.000       0.000      0.1665E-13  0.3028E-15  0.3870E-16  0.3821E-17  0.5824E-18  0.2508E-18  0.2395E-21   0.000       0.000       0.000       0.000       0.000       0.000    
          27   2.054      0.3677      0.3076E-13  0.1209E-16  0.1704E-19  0.5021E-22  0.1239E-24  0.1338E-25  0.3280E-29   0.000       0.000       0.000       0.000       0.000       0.000       0.000       0.000       0.000       0.000       0.000       0.000       0.000       0.000       0.000       0.000       0.000       0.000       0.000       0.000      0.1699E-13  0.3104E-15  0.4135E-16  0.4227E-17  0.6559E-18  0.2932E-18  0.3118E-21   0.000       0.000       0.000       0.000       0.000       0.000    
          28   2.112      0.3761      0.3121E-13  0.1311E-16  0.2283E-19  0.7578E-22  0.1689E-24  0.1874E-25  0.4911E-29   0.000       0.000       0.000       0.000       0.000       0.000       0.000       0.000       0.000       0.000       0.000       0.000       0.000       0.000       0.000       0.000       0.000       0.000       0.000       0.000      0.1733E-13  0.3179E-15  0.4408E-16  0.4663E-17  0.7361E-18  0.3412E-18  0.4031E-21   0.000       0.000       0.000       0.000       0.000       0.000    
          29   2.171      0.3849      0.3168E-13  0.1423E-16  0.3035E-19  0.1135E-21  0.2298E-24  0.2602E-25  0.7279E-29   0.000       0.000       0.000       0.000       0.000       0.000       0.000       0.000       0.000       0.000       0.000       0.000       0.000       0.000       0.000       0.000       0.000       0.000       0.000       0.000      0.1769E-13  0.3251E-15  0.4689E-16  0.5127E-17  0.8233E-18  0.3954E-18  0.5174E-21   0.000       0.000       0.000       0.000       0.000       0.000    
          30   2.232      0.3939      0.3216E-13  0.1547E-16  0.4005E-19  0.1687E-21  0.3122E-24  0.3581E-25  0.1068E-28   0.000       0.000       0.000       0.000       0.000       0.000       0.000       0.000       0.000       0.000       0.000       0.000       0.000       0.000       0.000       0.000       0.000       0.000       0.000       0.000      0.1806E-13  0.3322E-15  0.4977E-16  0.5620E-17  0.9177E-18  0.4563E-18  0.6596E-21   0.000       0.000       0.000       0.000       0.000       0.000    
          31   2.295      0.4033      0.3265E-13  0.1684E-16  0.5247E-19  0.2487E-21  0.4242E-24  0.4888E-25  0.1552E-28   0.000       0.000       0.000       0.000       0.000       0.000       0.000       0.000       0.000       0.000       0.000       0.000       0.000       0.000       0.000       0.000       0.000       0.000       0.000       0.000      0.1844E-13  0.3390E-15  0.5271E-16  0.6142E-17  0.1019E-17  0.5244E-18  0.8352E-21   0.000       0.000       0.000       0.000       0.000       0.000    
          32   2.359      0.4129      0.3315E-13  0.1834E-16  0.6826E-19  0.3635E-21  0.5770E-24  0.6619E-25  0.2232E-28   0.000       0.000       0.000       0.000       0.000       0.000       0.000       0.000       0.000       0.000       0.000       0.000       0.000       0.000       0.000       0.000       0.000       0.000       0.000       0.000      0.1884E-13  0.3456E-15  0.5570E-16  0.6691E-17  0.1128E-17  0.6003E-18  0.1051E-20   0.000       0.000       0.000       0.000       0.000       0.000    
          33   2.425      0.4229      0.3367E-13  0.1999E-16  0.8818E-19  0.5270E-21  0.7865E-24  0.8892E-25  0.3178E-28   0.000       0.000       0.000       0.000       0.000       0.000       0.000       0.000       0.000       0.000       0.000       0.000       0.000       0.000       0.000       0.000       0.000       0.000       0.000       0.000      0.1924E-13  0.3519E-15  0.5873E-16  0.7268E-17  0.1245E-17  0.6845E-18  0.1313E-20   0.000       0.000       0.000       0.000       0.000       0.000    
          34   2.493      0.4332      0.3419E-13  0.2180E-16  0.1131E-18  0.7573E-21  0.1076E-23  0.1186E-24  0.4483E-28   0.000       0.000       0.000       0.000       0.000       0.000       0.000       0.000       0.000       0.000       0.000       0.000       0.000       0.000       0.000       0.000       0.000       0.000       0.000       0.000      0.1965E-13  0.3579E-15  0.6179E-16  0.7870E-17  0.1369E-17  0.7773E-18  0.1630E-20   0.000       0.000       0.000       0.000       0.000       0.000    
          35   2.563      0.4437      0.3473E-13  0.2377E-16  0.1442E-18  0.1079E-20  0.1477E-23  0.1571E-24  0.6265E-28   0.000       0.000       0.000       0.000       0.000       0.000       0.000       0.000       0.000       0.000       0.000       0.000       0.000       0.000       0.000       0.000       0.000       0.000       0.000       0.000      0.2008E-13  0.3635E-15  0.6487E-16  0.8496E-17  0.1500E-17  0.8793E-18  0.2012E-20   0.000       0.000       0.000       0.000       0.000       0.000    
          36   2.635      0.4545      0.3528E-13  0.2592E-16  0.1825E-18  0.1524E-20  0.2038E-23  0.2067E-24  0.8673E-28   0.000       0.000       0.000       0.000       0.000       0.000       0.000       0.000       0.000       0.000       0.000       0.000       0.000       0.000       0.000       0.000       0.000       0.000       0.000       0.000      0.2051E-13  0.3688E-15  0.6795E-16  0.9145E-17  0.1639E-17  0.9908E-18  0.2467E-20   0.000       0.000       0.000       0.000       0.000       0.000    
          37   2.709      0.4655      0.3584E-13  0.2825E-16  0.2296E-18  0.2135E-20  0.2827E-23  0.2706E-24  0.1190E-27   0.000       0.000       0.000       0.000       0.000       0.000       0.000       0.000       0.000       0.000       0.000       0.000       0.000       0.000       0.000       0.000       0.000       0.000       0.000       0.000      0.2095E-13  0.3738E-15  0.7103E-16  0.9815E-17  0.1785E-17  0.1112E-17  0.3008E-20   0.000       0.000       0.000       0.000       0.000       0.000    
          38   2.785      0.4768      0.3640E-13  0.3079E-16  0.2870E-18  0.2966E-20  0.3941E-23  0.3525E-24  0.1618E-27   0.000       0.000       0.000       0.000       0.000       0.000       0.000       0.000       0.000       0.000       0.000       0.000       0.000       0.000       0.000       0.000       0.000       0.000       0.000       0.000      0.2139E-13  0.3784E-15  0.7409E-16  0.1050E-16  0.1937E-17  0.1244E-17  0.3646E-20   0.000       0.000       0.000       0.000       0.000       0.000    
          39   2.864      0.4882      0.3698E-13  0.3353E-16  0.3566E-18  0.4086E-20  0.5522E-23  0.4576E-24  0.2182E-27   0.000       0.000       0.000       0.000       0.000       0.000       0.000       0.000       0.000       0.000       0.000       0.000       0.000       0.000       0.000       0.000       0.000       0.000       0.000       0.000      0.2185E-13  0.3826E-15  0.7713E-16  0.1121E-16  0.2097E-17  0.1386E-17  0.4393E-20   0.000       0.000       0.000       0.000       0.000       0.000    
          40   2.944      0.4999      0.3756E-13  0.3649E-16  0.4403E-18  0.5582E-20  0.7768E-23  0.5929E-24  0.2919E-27   0.000       0.000       0.000       0.000       0.000       0.000       0.000       0.000       0.000       0.000       0.000       0.000       0.000       0.000       0.000       0.000       0.000       0.000       0.000       0.000      0.2231E-13  0.3864E-15  0.8013E-16  0.1193E-16  0.2262E-17  0.1539E-17  0.5264E-20   0.000       0.000       0.000       0.000       0.000       0.000    
          41   3.027      0.5117      0.3814E-13  0.3968E-16  0.5406E-18  0.7566E-20  0.1097E-22  0.7678E-24  0.3876E-27   0.000       0.000       0.000       0.000       0.000       0.000       0.000       0.000       0.000       0.000       0.000       0.000       0.000       0.000       0.000       0.000       0.000       0.000       0.000       0.000      0.2277E-13  0.3898E-15  0.8307E-16  0.1266E-16  0.2434E-17  0.1703E-17  0.6273E-20   0.000       0.000       0.000       0.000       0.000       0.000    
          42   3.112      0.5237      0.3874E-13  0.4314E-16  0.6602E-18  0.1022E-19  0.1628E-22  0.1076E-23  0.3144E-26  0.8159E-28  0.7832E-32   0.000       0.000       0.000       0.000       0.000       0.000       0.000       0.000       0.000       0.000       0.000       0.000       0.000       0.000       0.000       0.000       0.000       0.000      0.2324E-13  0.3932E-15  0.8610E-16  0.1342E-16  0.2615E-17  0.1880E-17  0.7440E-20   0.000       0.000       0.000       0.000       0.000       0.000    
          43   3.199      0.5357      0.3934E-13  0.4682E-16  0.8014E-18  0.1363E-19  0.2303E-22  0.1409E-23  0.4285E-26  0.1157E-27  0.1047E-31   0.000       0.000       0.000       0.000       0.000       0.000       0.000       0.000       0.000       0.000       0.000       0.000       0.000       0.000       0.000       0.000       0.000       0.000      0.2371E-13  0.3958E-15  0.8892E-16  0.1417E-16  0.2797E-17  0.2066E-17  0.8773E-20   0.000       0.000       0.000       0.000       0.000       0.000    
          44   3.289      0.5479      0.3994E-13  0.5075E-16  0.9675E-18  0.1804E-19  0.3256E-22  0.1854E-23  0.5816E-26  0.1638E-27  0.1390E-31   0.000       0.000       0.000       0.000       0.000       0.000       0.000       0.000       0.000       0.000       0.000       0.000       0.000       0.000       0.000       0.000       0.000       0.000      0.2418E-13  0.3980E-15  0.9166E-16  0.1492E-16  0.2984E-17  0.2263E-17  0.1029E-19   0.000       0.000       0.000       0.000       0.000       0.000    
          45   3.381      0.5601      0.4054E-13  0.5494E-16  0.1162E-17  0.2370E-19  0.4598E-22  0.2458E-23  0.7864E-26  0.2315E-27  0.1836E-31   0.000       0.000       0.000       0.000       0.000       0.000       0.000       0.000       0.000       0.000       0.000       0.000       0.000       0.000       0.000       0.000       0.000       0.000      0.2465E-13  0.3999E-15  0.9431E-16  0.1567E-16  0.3174E-17  0.2470E-17  0.1202E-19   0.000       0.000       0.000       0.000       0.000       0.000    
          46   3.476      0.5724      0.4114E-13  0.5939E-16  0.1388E-17  0.3092E-19  0.6480E-22  0.3286E-23  0.1060E-25  0.3264E-27  0.2416E-31   0.000       0.000       0.000       0.000       0.000       0.000       0.000       0.000       0.000       0.000       0.000       0.000       0.000       0.000       0.000       0.000       0.000       0.000      0.2513E-13  0.4014E-15  0.9687E-16  0.1642E-16  0.3367E-17  0.2688E-17  0.1396E-19   0.000       0.000       0.000       0.000       0.000       0.000    
          47   3.574      0.5846      0.4174E-13  0.6413E-16  0.1650E-17  0.4006E-19  0.9104E-22  0.4437E-23  0.1426E-25  0.4589E-27  0.3170E-31   0.000       0.000       0.000       0.000       0.000       0.000       0.000       0.000       0.000       0.000       0.000       0.000       0.000       0.000       0.000       0.000       0.000       0.000      0.2560E-13  0.4026E-15  0.9932E-16  0.1716E-16  0.3563E-17  0.2917E-17  0.1614E-19   0.000       0.000       0.000       0.000       0.000       0.000    
          48   3.674      0.5969      0.4234E-13  0.6914E-16  0.1952E-17  0.5153E-19  0.1274E-21  0.6055E-23  0.1916E-25  0.6430E-27  0.4154E-31   0.000       0.000       0.000       0.000       0.000       0.000       0.000       0.000       0.000       0.000       0.000       0.000       0.000       0.000       0.000       0.000       0.000       0.000      0.2606E-13  0.4034E-15  0.1017E-15  0.1790E-16  0.3762E-17  0.3156E-17  0.1858E-19   0.000       0.000       0.000       0.000       0.000       0.000    
          49   3.777      0.6091      0.4294E-13  0.7444E-16  0.2298E-17  0.6586E-19  0.1776E-21  0.8352E-23  0.2574E-25  0.8980E-27  0.5448E-31   0.000       0.000       0.000       0.000       0.000       0.000       0.000       0.000       0.000       0.000       0.000       0.000       0.000       0.000       0.000       0.000       0.000       0.000      0.2653E-13  0.4038E-15  0.1039E-15  0.1863E-16  0.3961E-17  0.3404E-17  0.2130E-19   0.000       0.000       0.000       0.000       0.000       0.000    
          50   3.883      0.6213      0.4354E-13  0.8003E-16  0.2694E-17  0.8362E-19  0.2465E-21  0.1164E-22  0.3463E-25  0.1250E-26  0.7166E-31   0.000       0.000       0.000       0.000       0.000       0.000       0.000       0.000       0.000       0.000       0.000       0.000       0.000       0.000       0.000       0.000       0.000       0.000      0.2699E-13  0.4040E-15  0.1061E-15  0.1935E-16  0.4162E-17  0.3662E-17  0.2430E-19   0.000       0.000       0.000       0.000       0.000       0.000    
          51   3.992      0.6334      0.4413E-13  0.8593E-16  0.3143E-17  0.1055E-18  0.3403E-21  0.1636E-22  0.4671E-25  0.1736E-26  0.9482E-31   0.000       0.000       0.000       0.000       0.000       0.000       0.000       0.000       0.000       0.000       0.000       0.000       0.000       0.000       0.000       0.000       0.000       0.000      0.2744E-13  0.4039E-15  0.1081E-15  0.2006E-16  0.4363E-17  0.3929E-17  0.2762E-19   0.000       0.000       0.000       0.000       0.000       0.000    
          52   4.104      0.6454      0.4472E-13  0.9212E-16  0.3652E-17  0.1323E-18  0.4674E-21  0.2318E-22  0.6329E-25  0.2407E-26  0.1265E-30   0.000       0.000       0.000       0.000       0.000       0.000       0.000       0.000       0.000       0.000       0.000       0.000       0.000       0.000       0.000       0.000       0.000       0.000      0.2789E-13  0.4034E-15  0.1100E-15  0.2075E-16  0.4564E-17  0.4205E-17  0.3126E-19   0.000       0.000       0.000       0.000       0.000       0.000    
          53   4.219      0.6573      0.4531E-13  0.9862E-16  0.4226E-17  0.1650E-18  0.6385E-21  0.3301E-22  0.8626E-25  0.3335E-26  0.1707E-30   0.000       0.000       0.000       0.000       0.000       0.000       0.000       0.000       0.000       0.000       0.000       0.000       0.000       0.000       0.000       0.000       0.000       0.000      0.2833E-13  0.4028E-15  0.1118E-15  0.2142E-16  0.4764E-17  0.4488E-17  0.3525E-19   0.000       0.000       0.000       0.000       0.000       0.000    
          54   4.338      0.6690      0.4588E-13  0.1054E-15  0.4870E-17  0.2045E-18  0.8675E-21  0.4719E-22  0.1185E-24  0.4623E-26  0.2336E-30   0.000       0.000       0.000       0.000       0.000       0.000       0.000       0.000       0.000       0.000       0.000       0.000       0.000       0.000       0.000       0.000       0.000       0.000      0.2877E-13  0.4018E-15  0.1134E-15  0.2208E-16  0.4963E-17  0.4779E-17  0.3959E-19   0.000       0.000       0.000       0.000       0.000       0.000    
          55   4.460      0.6806      0.4646E-13  0.1126E-15  0.5591E-17  0.2521E-18  0.1172E-20  0.6757E-22  0.1641E-24  0.6425E-26  0.3249E-30   0.000       0.000       0.000       0.000       0.000       0.000       0.000       0.000       0.000       0.000       0.000       0.000       0.000       0.000       0.000       0.000       0.000       0.000      0.2920E-13  0.4007E-15  0.1150E-15  0.2272E-16  0.5160E-17  0.5077E-17  0.4431E-19   0.000       0.000       0.000       0.000       0.000       0.000    
          56   4.585      0.6921      0.4702E-13  0.1200E-15  0.6395E-17  0.3090E-18  0.1575E-20  0.9674E-22  0.2297E-24  0.8970E-26  0.4600E-30   0.000       0.000       0.000       0.000       0.000       0.000       0.000       0.000       0.000       0.000       0.000       0.000       0.000       0.000       0.000       0.000       0.000       0.000      0.2962E-13  0.3994E-15  0.1164E-15  0.2334E-16  0.5356E-17  0.5381E-17  0.4942E-19   0.000       0.000       0.000       0.000       0.000       0.000    
          57   4.714      0.7034      0.4758E-13  0.1278E-15  0.7288E-17  0.3769E-18  0.2105E-20  0.1383E-21  0.3247E-24  0.1261E-25  0.6637E-30   0.000       0.000       0.000       0.000       0.000       0.000       0.000       0.000       0.000       0.000       0.000       0.000       0.000       0.000       0.000       0.000       0.000       0.000      0.3003E-13  0.3978E-15  0.1178E-15  0.2393E-16  0.5548E-17  0.5691E-17  0.5493E-19   0.000       0.000       0.000       0.000       0.000       0.000    
          58   4.846      0.7145      0.4813E-13  0.1359E-15  0.8277E-17  0.4574E-18  0.2798E-20  0.1972E-21  0.4639E-24  0.1788E-25  0.9767E-30   0.000       0.000       0.000       0.000       0.000       0.000       0.000       0.000       0.000       0.000       0.000       0.000       0.000       0.000       0.000       0.000       0.000       0.000      0.3043E-13  0.3961E-15  0.1190E-15  0.2451E-16  0.5738E-17  0.6006E-17  0.6085E-19   0.000       0.000       0.000       0.000       0.000       0.000    
          59   4.982      0.7254      0.4867E-13  0.1443E-15  0.9368E-17  0.5524E-18  0.3698E-20  0.2802E-21  0.6692E-24  0.2562E-25  0.1466E-29   0.000       0.000       0.000       0.000       0.000       0.000       0.000       0.000       0.000       0.000       0.000       0.000       0.000       0.000       0.000       0.000       0.000       0.000      0.3083E-13  0.3943E-15  0.1201E-15  0.2506E-16  0.5924E-17  0.6326E-17  0.6720E-19   0.000       0.000       0.000       0.000       0.000       0.000    
          60   5.122      0.7361      0.4921E-13  0.1531E-15  0.1057E-16  0.6639E-18  0.4864E-20  0.3962E-21  0.9738E-24  0.3717E-25  0.2247E-29   0.000       0.000       0.000       0.000       0.000       0.000       0.000       0.000       0.000       0.000       0.000       0.000       0.000       0.000       0.000       0.000       0.000       0.000      0.3121E-13  0.3923E-15  0.1211E-15  0.2559E-16  0.6106E-17  0.6650E-17  0.7399E-19   0.000       0.000       0.000       0.000       0.000       0.000    
          61   5.266      0.7465      0.4973E-13  0.1622E-15  0.1189E-16  0.7944E-18  0.6363E-20  0.5574E-21  0.1428E-23  0.5462E-25  0.3512E-29   0.000       0.000       0.000       0.000       0.000       0.000       0.000       0.000       0.000       0.000       0.000       0.000       0.000       0.000       0.000       0.000       0.000       0.000      0.3159E-13  0.3902E-15  0.1221E-15  0.2610E-16  0.6285E-17  0.6977E-17  0.8123E-19   0.000       0.000       0.000       0.000       0.000       0.000    
          62   5.413      0.7568      0.5025E-13  0.1716E-15  0.1333E-16  0.9463E-18  0.8282E-20  0.7799E-21  0.2105E-23  0.8125E-25  0.5598E-29   0.000       0.000       0.000       0.000       0.000       0.000       0.000       0.000       0.000       0.000       0.000       0.000       0.000       0.000       0.000       0.000       0.000       0.000      0.3195E-13  0.3880E-15  0.1229E-15  0.2658E-16  0.6460E-17  0.7308E-17  0.8893E-19   0.000       0.000       0.000       0.000       0.000       0.000    
          63   5.565      0.7669      0.5076E-13  0.1815E-15  0.1491E-16  0.1123E-17  0.1073E-19  0.1085E-20  0.3116E-23  0.1223E-24  0.9097E-29   0.000       0.000       0.000       0.000       0.000       0.000       0.000       0.000       0.000       0.000       0.000       0.000       0.000       0.000       0.000       0.000       0.000       0.000      0.3231E-13  0.3857E-15  0.1236E-15  0.2704E-16  0.6630E-17  0.7641E-17  0.9709E-19   0.000       0.000       0.000       0.000       0.000       0.000    
          64   5.722      0.7767      0.5126E-13  0.1916E-15  0.1662E-16  0.1326E-17  0.1383E-19  0.1499E-20  0.4623E-23  0.1857E-24  0.1505E-28   0.000       0.000       0.000       0.000       0.000       0.000       0.000       0.000       0.000       0.000       0.000       0.000       0.000       0.000       0.000       0.000       0.000       0.000      0.3265E-13  0.3834E-15  0.1243E-15  0.2748E-16  0.6796E-17  0.7977E-17  0.1057E-18   0.000       0.000       0.000       0.000       0.000       0.000    
          65   5.882      0.7863      0.5175E-13  0.2022E-15  0.1848E-16  0.1560E-17  0.1774E-19  0.2060E-20  0.6866E-23  0.2843E-24  0.2530E-28   0.000       0.000       0.000       0.000       0.000       0.000       0.000       0.000       0.000       0.000       0.000       0.000       0.000       0.000       0.000       0.000       0.000       0.000      0.3299E-13  0.3809E-15  0.1249E-15  0.2790E-16  0.6956E-17  0.8314E-17  0.1148E-18   0.000       0.000       0.000       0.000       0.000       0.000    
          66   6.047      0.7957      0.5223E-13  0.2131E-15  0.2050E-16  0.1829E-17  0.2266E-19  0.2811E-20  0.1019E-22  0.4374E-24  0.4310E-28   0.000       0.000       0.000       0.000       0.000       0.000       0.000       0.000       0.000       0.000       0.000       0.000       0.000       0.000       0.000       0.000       0.000       0.000      0.3331E-13  0.3785E-15  0.1254E-15  0.2829E-16  0.7112E-17  0.8652E-17  0.1244E-18   0.000       0.000       0.000       0.000       0.000       0.000    
          67   6.217      0.8049      0.5270E-13  0.2243E-15  0.2269E-16  0.2136E-17  0.2881E-19  0.3813E-20  0.1511E-22  0.6747E-24  0.7424E-28   0.000       0.000       0.000       0.000       0.000       0.000       0.000       0.000       0.000       0.000       0.000       0.000       0.000       0.000       0.000       0.000       0.000       0.000      0.3363E-13  0.3760E-15  0.1258E-15  0.2866E-16  0.7263E-17  0.8990E-17  0.1345E-18   0.000       0.000       0.000       0.000       0.000       0.000    
          68   6.392      0.8138      0.5316E-13  0.2360E-15  0.2505E-16  0.2486E-17  0.3647E-19  0.5138E-20  0.2233E-22  0.1042E-23  0.1288E-27   0.000       0.000       0.000       0.000       0.000       0.000       0.000       0.000       0.000       0.000       0.000       0.000       0.000       0.000       0.000       0.000       0.000       0.000      0.3394E-13  0.3734E-15  0.1261E-15  0.2901E-16  0.7410E-17  0.9329E-17  0.1451E-18   0.000       0.000       0.000       0.000       0.000       0.000    
          69   6.571      0.8225      0.5362E-13  0.2481E-15  0.2759E-16  0.2884E-17  0.4598E-19  0.6881E-20  0.3290E-22  0.1606E-23  0.2245E-27   0.000       0.000       0.000       0.000       0.000       0.000       0.000       0.000       0.000       0.000       0.000       0.000       0.000       0.000       0.000       0.000       0.000       0.000      0.3423E-13  0.3709E-15  0.1264E-15  0.2934E-16  0.7551E-17  0.9668E-17  0.1561E-18   0.000       0.000       0.000       0.000       0.000       0.000    
          70   6.756      0.8310      0.5406E-13  0.2605E-15  0.3032E-16  0.3333E-17  0.5772E-19  0.9156E-20  0.4828E-22  0.2469E-23  0.3918E-27   0.000       0.000       0.000       0.000       0.000       0.000       0.000       0.000       0.000       0.000       0.000       0.000       0.000       0.000       0.000       0.000       0.000       0.000      0.3452E-13  0.3683E-15  0.1267E-15  0.2965E-16  0.7686E-17  0.1001E-16  0.1677E-18   0.000       0.000       0.000       0.000       0.000       0.000    
          71   6.945      0.8392      0.5450E-13  0.2734E-15  0.3325E-16  0.3841E-17  0.7217E-19  0.1211E-19  0.7052E-22  0.3780E-23  0.6827E-27   0.000       0.000       0.000       0.000       0.000       0.000       0.000       0.000       0.000       0.000       0.000       0.000       0.000       0.000       0.000       0.000       0.000       0.000      0.3480E-13  0.3658E-15  0.1269E-15  0.2994E-16  0.7817E-17  0.1034E-16  0.1798E-18   0.000       0.000       0.000       0.000       0.000       0.000    
          72   7.140      0.8473      0.5493E-13  0.2866E-15  0.3640E-16  0.4412E-17  0.8988E-19  0.1592E-19  0.1025E-21  0.5759E-23  0.1185E-26   0.000       0.000       0.000       0.000       0.000       0.000       0.000       0.000       0.000       0.000       0.000       0.000       0.000       0.000       0.000       0.000       0.000       0.000      0.3507E-13  0.3632E-15  0.1270E-15  0.3021E-16  0.7943E-17  0.1068E-16  0.1923E-18   0.000       0.000       0.000       0.000       0.000       0.000    
          73   7.341      0.8548      0.5534E-13  0.3001E-15  0.3973E-16  0.5045E-17  0.1125E-18  0.2114E-19  0.1541E-21  0.9200E-23  0.6744E-26  0.1968E-27  0.2942E-30   0.000       0.000       0.000       0.000       0.000       0.000       0.000       0.000       0.000       0.000       0.000       0.000       0.000       0.000       0.000       0.000      0.3532E-13  0.3608E-15  0.1271E-15  0.3045E-16  0.8059E-17  0.1101E-16  0.2053E-18   0.000       0.000       0.000       0.000       0.000       0.000    
          74   7.547      0.8625      0.5575E-13  0.3143E-15  0.4333E-16  0.5763E-17  0.1389E-18  0.2743E-19  0.2211E-21  0.1381E-22  0.1208E-25  0.3655E-27  0.6258E-30   0.000       0.000       0.000       0.000       0.000       0.000       0.000       0.000       0.000       0.000       0.000       0.000       0.000       0.000       0.000       0.000      0.3557E-13  0.3582E-15  0.1271E-15  0.3068E-16  0.8175E-17  0.1134E-16  0.2189E-18   0.000       0.000       0.000       0.000       0.000       0.000    
          75   7.759      0.8699      0.5616E-13  0.3289E-15  0.4716E-16  0.6564E-17  0.1710E-18  0.3538E-19  0.3155E-21  0.2058E-22  0.2148E-25  0.6744E-27  0.1317E-29   0.000       0.000       0.000       0.000       0.000       0.000       0.000       0.000       0.000       0.000       0.000       0.000       0.000       0.000       0.000       0.000      0.3581E-13  0.3557E-15  0.1271E-15  0.3090E-16  0.8286E-17  0.1168E-16  0.2330E-18   0.000       0.000       0.000       0.000       0.000       0.000    
          76   7.976      0.8771      0.5655E-13  0.3439E-15  0.5125E-16  0.7457E-17  0.2097E-18  0.4538E-19  0.4477E-21  0.3048E-22  0.3791E-25  0.1234E-26  0.2740E-29   0.000       0.000       0.000       0.000       0.000       0.000       0.000       0.000       0.000       0.000       0.000       0.000       0.000       0.000       0.000       0.000      0.3605E-13  0.3533E-15  0.1271E-15  0.3110E-16  0.8392E-17  0.1201E-16  0.2475E-18   0.000       0.000       0.000       0.000       0.000       0.000    
          77   8.200      0.8841      0.5694E-13  0.3594E-15  0.5561E-16  0.8449E-17  0.2562E-18  0.5790E-19  0.6316E-21  0.4481E-22  0.6635E-25  0.2239E-26  0.5630E-29   0.000       0.000       0.000       0.000       0.000       0.000       0.000       0.000       0.000       0.000       0.000       0.000       0.000       0.000       0.000       0.000      0.3627E-13  0.3508E-15  0.1270E-15  0.3129E-16  0.8493E-17  0.1234E-16  0.2626E-18   0.000       0.000       0.000       0.000       0.000       0.000    
          78   8.430      0.8909      0.5732E-13  0.3754E-15  0.6024E-16  0.9549E-17  0.3120E-18  0.7347E-19  0.8859E-21  0.6543E-22  0.1151E-24  0.4023E-26  0.1141E-28   0.000       0.000       0.000       0.000       0.000       0.000       0.000       0.000       0.000       0.000       0.000       0.000       0.000       0.000       0.000       0.000      0.3649E-13  0.3484E-15  0.1269E-15  0.3146E-16  0.8590E-17  0.1266E-16  0.2782E-18   0.000       0.000       0.000       0.000       0.000       0.000    
          79   8.667      0.8976      0.5770E-13  0.3919E-15  0.6515E-16  0.1077E-16  0.3787E-18  0.9275E-19  0.1235E-20  0.9487E-22  0.1977E-24  0.7156E-26  0.2283E-28   0.000       0.000       0.000       0.000       0.000       0.000       0.000       0.000       0.000       0.000       0.000       0.000       0.000       0.000       0.000       0.000      0.3670E-13  0.3460E-15  0.1268E-15  0.3161E-16  0.8682E-17  0.1298E-16  0.2943E-18   0.000       0.000       0.000       0.000       0.000       0.000    
          80   8.910      0.9040      0.5806E-13  0.4088E-15  0.7036E-16  0.1211E-16  0.4580E-18  0.1165E-18  0.1713E-20  0.1366E-21  0.3364E-24  0.1260E-25  0.4502E-28   0.000       0.000       0.000       0.000       0.000       0.000       0.000       0.000       0.000       0.000       0.000       0.000       0.000       0.000       0.000       0.000      0.3691E-13  0.3437E-15  0.1266E-15  0.3176E-16  0.8769E-17  0.1331E-16  0.3109E-18   0.000       0.000       0.000       0.000       0.000       0.000    
          81   9.161      0.9103      0.5842E-13  0.4263E-15  0.7589E-16  0.1359E-16  0.5522E-18  0.1456E-18  0.2361E-20  0.1953E-21  0.5668E-24  0.2195E-25  0.8752E-28   0.000       0.000       0.000       0.000       0.000       0.000       0.000       0.000       0.000       0.000       0.000       0.000       0.000       0.000       0.000       0.000      0.3710E-13  0.3414E-15  0.1265E-15  0.3189E-16  0.8852E-17  0.1362E-16  0.3280E-18   0.000       0.000       0.000       0.000       0.000       0.000    
          82   9.418      0.9163      0.5878E-13  0.4443E-15  0.8174E-16  0.1522E-16  0.6636E-18  0.1811E-18  0.3236E-20  0.2772E-21  0.9453E-24  0.3784E-25  0.1677E-27   0.000       0.000       0.000       0.000       0.000       0.000       0.000       0.000       0.000       0.000       0.000       0.000       0.000       0.000       0.000       0.000      0.3729E-13  0.3391E-15  0.1263E-15  0.3200E-16  0.8931E-17  0.1394E-16  0.3456E-18   0.000       0.000       0.000       0.000       0.000       0.000    
          83   9.682      0.9223      0.5913E-13  0.4628E-15  0.8792E-16  0.1701E-16  0.7948E-18  0.2241E-18  0.4409E-20  0.3910E-21  0.1561E-23  0.6454E-25  0.3169E-27   0.000       0.000       0.000       0.000       0.000       0.000       0.000       0.000       0.000       0.000       0.000       0.000       0.000       0.000       0.000       0.000      0.3747E-13  0.3369E-15  0.1261E-15  0.3211E-16  0.9005E-17  0.1425E-16  0.3637E-18   0.000       0.000       0.000       0.000       0.000       0.000    
          84   9.954      0.9280      0.5947E-13  0.4819E-15  0.9446E-16  0.1897E-16  0.9491E-18  0.2761E-18  0.5973E-20  0.5477E-21  0.2551E-23  0.1089E-24  0.5904E-27   0.000       0.000       0.000       0.000       0.000       0.000       0.000       0.000       0.000       0.000       0.000       0.000       0.000       0.000       0.000       0.000      0.3765E-13  0.3348E-15  0.1258E-15  0.3220E-16  0.9075E-17  0.1456E-16  0.3824E-18   0.000       0.000       0.000       0.000       0.000       0.000    
          85   10.23      0.9336      0.5980E-13  0.5016E-15  0.1014E-15  0.2112E-16  0.1130E-17  0.3387E-18  0.8046E-20  0.7621E-21  0.4128E-23  0.1819E-24  0.1084E-26   0.000       0.000       0.000       0.000       0.000       0.000       0.000       0.000       0.000       0.000       0.000       0.000       0.000       0.000       0.000       0.000      0.3782E-13  0.3326E-15  0.1256E-15  0.3229E-16  0.9142E-17  0.1487E-16  0.4015E-18   0.000       0.000       0.000       0.000       0.000       0.000    
          86   10.52      0.9392      0.6015E-13  0.5219E-15  0.1086E-15  0.2345E-16  0.1348E-17  0.4173E-18  0.1100E-19  0.1080E-20  0.6940E-23  0.3166E-24  0.3561E-26   0.000       0.000       0.000       0.000       0.000       0.000       0.000       0.000       0.000       0.000       0.000       0.000       0.000       0.000       0.000       0.000      0.3799E-13  0.3305E-15  0.1253E-15  0.3237E-16  0.9209E-17  0.1518E-16  0.4213E-18   0.000       0.000       0.000       0.000       0.000       0.000    
          87   10.82      0.9445      0.6048E-13  0.5427E-15  0.1163E-15  0.2600E-16  0.1594E-17  0.5071E-18  0.1463E-19  0.1482E-20  0.1097E-22  0.5158E-24  0.6498E-26   0.000       0.000       0.000       0.000       0.000       0.000       0.000       0.000       0.000       0.000       0.000       0.000       0.000       0.000       0.000       0.000      0.3815E-13  0.3285E-15  0.1250E-15  0.3244E-16  0.9268E-17  0.1548E-16  0.4416E-18   0.000       0.000       0.000       0.000       0.000       0.000    
          88   11.12      0.9496      0.6080E-13  0.5640E-15  0.1244E-15  0.2878E-16  0.1879E-17  0.6137E-18  0.1936E-19  0.2020E-20  0.1717E-22  0.8319E-24  0.1171E-25   0.000       0.000       0.000       0.000       0.000       0.000       0.000       0.000       0.000       0.000       0.000       0.000       0.000       0.000       0.000       0.000      0.3830E-13  0.3265E-15  0.1248E-15  0.3249E-16  0.9323E-17  0.1578E-16  0.4623E-18   0.000       0.000       0.000       0.000       0.000       0.000    
          89   11.43      0.9546      0.6111E-13  0.5860E-15  0.1328E-15  0.3179E-16  0.2210E-17  0.7396E-18  0.2547E-19  0.2737E-20  0.2662E-22  0.1329E-23  0.2083E-25   0.000       0.000       0.000       0.000       0.000       0.000       0.000       0.000       0.000       0.000       0.000       0.000       0.000       0.000       0.000       0.000      0.3845E-13  0.3246E-15  0.1245E-15  0.3254E-16  0.9374E-17  0.1608E-16  0.4836E-18   0.000       0.000       0.000       0.000       0.000       0.000    
          90   11.75      0.9595      0.6143E-13  0.6086E-15  0.1418E-15  0.3506E-16  0.2591E-17  0.8880E-18  0.3334E-19  0.3688E-20  0.4088E-22  0.2102E-23  0.3660E-25   0.000       0.000       0.000       0.000       0.000       0.000       0.000       0.000       0.000       0.000       0.000       0.000       0.000       0.000       0.000       0.000      0.3859E-13  0.3227E-15  0.1242E-15  0.3258E-16  0.9422E-17  0.1637E-16  0.5055E-18   0.000       0.000       0.000       0.000       0.000       0.000    
          91   12.08      0.9642      0.6175E-13  0.6321E-15  0.1512E-15  0.3861E-16  0.3034E-17  0.1065E-17  0.4394E-19  0.5019E-20  0.6441E-22  0.3426E-23  0.6838E-25   0.000       0.000       0.000       0.000       0.000       0.000       0.000       0.000       0.000       0.000       0.000       0.000       0.000       0.000       0.000       0.000      0.3873E-13  0.3209E-15  0.1239E-15  0.3262E-16  0.9470E-17  0.1667E-16  0.5282E-18   0.000       0.000       0.000       0.000       0.000       0.000    
          92   12.42      0.9689      0.6205E-13  0.6560E-15  0.1610E-15  0.4244E-16  0.3536E-17  0.1269E-17  0.5687E-19  0.6677E-20  0.9687E-22  0.5304E-23  0.1172E-24   0.000       0.000       0.000       0.000       0.000       0.000       0.000       0.000       0.000       0.000       0.000       0.000       0.000       0.000       0.000       0.000      0.3886E-13  0.3191E-15  0.1236E-15  0.3264E-16  0.9511E-17  0.1696E-16  0.5512E-18   0.000       0.000       0.000       0.000       0.000       0.000    
          93   12.77      0.9728      0.6235E-13  0.6802E-15  0.1712E-15  0.4650E-16  0.4139E-17  0.1523E-17  0.7588E-19  0.9242E-20  0.1569E-21  0.8920E-23  0.2222E-24   0.000       0.000       0.000       0.000       0.000       0.000       0.000       0.000       0.000       0.000       0.000       0.000       0.000       0.000       0.000      0.1478E-26  0.3898E-13  0.3175E-15  0.1232E-15  0.3264E-16  0.9545E-17  0.1724E-16  0.5749E-18  0.2200E-25   0.000       0.000       0.000       0.000       0.000    
          94   13.13      0.9773      0.6267E-13  0.7061E-15  0.1823E-15  0.5110E-16  0.4830E-17  0.1816E-17  0.9876E-19  0.1241E-19  0.2413E-21  0.1417E-22  0.3919E-24  0.3771E-28   0.000       0.000       0.000       0.000       0.000       0.000       0.000       0.000       0.000       0.000       0.000       0.000       0.000       0.000      0.1948E-25  0.3912E-13  0.3157E-15  0.1229E-15  0.3267E-16  0.9585E-17  0.1753E-16  0.5997E-18  0.1497E-24  0.1534E-25   0.000       0.000       0.000       0.000    
          95   13.50      0.9815      0.6298E-13  0.7315E-15  0.1934E-15  0.5577E-16  0.5589E-17  0.2146E-17  0.1279E-18  0.1658E-19  0.3672E-21  0.2231E-22  0.6846E-24  0.1261E-26  0.9571E-27  0.8397E-27  0.3534E-27   0.000       0.000       0.000       0.000       0.000       0.000       0.000       0.000       0.000       0.000       0.000      0.4695E-25  0.3924E-13  0.3140E-15  0.1226E-15  0.3268E-16  0.9621E-17  0.1782E-16  0.6244E-18  0.3406E-24  0.2048E-24   0.000       0.000       0.000       0.000    
          96   13.88      0.9857      0.6327E-13  0.7582E-15  0.2052E-15  0.6092E-16  0.6436E-17  0.2516E-17  0.1615E-18  0.2148E-19  0.5275E-21  0.3293E-22  0.1103E-23  0.2444E-26  0.1871E-26  0.1649E-26  0.6940E-27   0.000       0.000       0.000       0.000       0.000       0.000       0.000       0.000       0.000       0.000       0.000      0.8854E-25  0.3935E-13  0.3124E-15  0.1223E-15  0.3268E-16  0.9651E-17  0.1810E-16  0.6500E-18  0.6396E-24  0.3951E-24   0.000       0.000       0.000       0.000    
          97   14.27      0.9898      0.6357E-13  0.7856E-15  0.2176E-15  0.6644E-16  0.7392E-17  0.2940E-17  0.2030E-18  0.2770E-19  0.7522E-21  0.4826E-22  0.1761E-23  0.4658E-26  0.3597E-26  0.3183E-26  0.1340E-26   0.000       0.000       0.000       0.000       0.000       0.000       0.000       0.000       0.000       0.000       0.000      0.1644E-24  0.3947E-13  0.3108E-15  0.1219E-15  0.3267E-16  0.9678E-17  0.1838E-16  0.6762E-18  0.1183E-23  0.7498E-24   0.000       0.000       0.000       0.000    
          98   14.67      0.9939      0.6388E-13  0.8135E-15  0.2301E-15  0.7212E-16  0.8469E-17  0.3437E-17  0.2578E-18  0.3628E-19  0.1108E-20  0.7331E-22  0.2941E-23  0.1253E-25  0.2080E-25  0.6971E-25  0.3806E-25  0.3471E-26  0.2348E-26  0.8705E-27  0.5285E-27   0.000       0.000       0.000       0.000       0.000       0.000       0.000      0.2841E-24  0.3958E-13  0.3094E-15  0.1216E-15  0.3266E-16  0.9706E-17  0.1867E-16  0.7033E-18  0.2138E-23  0.1527E-23  0.4425E-25   0.000       0.000       0.000    
          99   15.08      0.9978      0.6417E-13  0.8423E-15  0.2436E-15  0.7844E-16  0.9678E-17  0.3991E-17  0.3208E-18  0.4630E-19  0.1553E-20  0.1055E-21  0.4585E-23  0.2329E-25  0.3946E-25  0.1330E-24  0.7275E-25  0.6723E-26  0.4580E-26  0.1706E-26  0.1039E-26   0.000       0.000       0.000       0.000       0.000       0.000       0.000      0.5060E-24  0.3969E-13  0.3079E-15  0.1212E-15  0.3264E-16  0.9729E-17  0.1895E-16  0.7309E-18  0.3806E-23  0.2800E-23  0.8679E-25   0.000       0.000       0.000    
         100   15.50       1.002      0.6446E-13  0.8720E-15  0.2577E-15  0.8520E-16  0.1103E-16  0.4621E-17  0.3977E-18  0.5883E-19  0.2161E-20  0.1508E-21  0.7084E-23  0.4265E-25  0.7368E-25  0.2497E-24  0.1368E-24  0.1280E-25  0.8782E-26  0.3286E-26  0.2007E-26   0.000       0.000       0.000       0.000       0.000       0.000       0.000      0.8886E-24  0.3979E-13  0.3064E-15  0.1209E-15  0.3262E-16  0.9749E-17  0.1922E-16  0.7594E-18  0.6681E-23  0.5060E-23  0.1673E-24   0.000       0.000       0.000    
         101   15.94       1.005      0.6474E-13  0.9019E-15  0.2726E-15  0.9254E-16  0.1264E-16  0.5379E-17  0.4992E-18  0.7610E-19  0.3110E-20  0.2241E-21  0.1145E-22  0.7957E-25  0.1442E-24  0.4992E-24  0.2721E-24  0.3346E-25  0.2486E-25  0.1363E-25  0.2051E-25  0.6562E-26   0.000       0.000       0.000       0.000       0.000       0.000      0.1606E-23  0.3987E-13  0.3052E-15  0.1206E-15  0.3258E-16  0.9759E-17  0.1949E-16  0.7888E-18  0.1206E-22  0.9194E-23  0.9466E-24  0.4113E-29   0.000       0.000    
         102   16.38       1.008      0.6503E-13  0.9332E-15  0.2879E-15  0.1002E-15  0.1434E-16  0.6190E-17  0.6129E-18  0.9575E-19  0.4258E-20  0.3150E-21  0.1731E-22  0.1406E-24  0.2603E-24  0.9062E-24  0.4946E-24  0.6227E-25  0.4657E-25  0.2581E-25  0.3926E-25  0.1283E-25   0.000       0.000       0.000       0.000       0.000       0.000      0.2724E-23  0.3997E-13  0.3038E-15  0.1203E-15  0.3255E-16  0.9775E-17  0.1977E-16  0.8188E-18  0.2046E-22  0.1600E-22  0.1797E-23  0.8437E-29   0.000       0.000    
         103   16.84       1.012      0.6532E-13  0.9653E-15  0.3039E-15  0.1084E-15  0.1622E-16  0.7105E-17  0.7495E-18  0.1200E-18  0.5791E-20  0.4399E-21  0.2593E-22  0.2450E-24  0.4630E-24  0.1621E-23  0.8857E-24  0.1141E-24  0.8588E-25  0.4812E-25  0.7396E-25  0.2466E-25   0.000       0.000       0.000       0.000       0.000       0.000      0.4559E-23  0.4006E-13  0.3025E-15  0.1199E-15  0.3252E-16  0.9789E-17  0.2004E-16  0.8498E-18  0.3426E-22  0.2748E-22  0.3356E-23  0.1698E-28   0.000       0.000    
         104   17.32       1.016      0.6561E-13  0.9982E-15  0.3205E-15  0.1171E-15  0.1831E-16  0.8134E-17  0.9131E-18  0.1498E-18  0.7828E-20  0.6104E-21  0.3853E-22  0.4211E-24  0.8122E-24  0.2858E-23  0.1563E-23  0.2062E-24  0.1560E-24  0.8833E-25  0.1371E-24  0.4662E-25   0.000       0.000       0.000       0.000       0.000       0.000      0.7531E-23  0.4015E-13  0.3011E-15  0.1196E-15  0.3248E-16  0.9801E-17  0.2032E-16  0.8816E-18  0.5664E-22  0.4654E-22  0.6171E-23  0.3354E-28   0.000       0.000    
         105   17.80       1.019      0.6590E-13  0.1032E-14  0.3378E-15  0.1264E-15  0.2062E-16  0.9288E-17  0.1108E-17  0.1863E-18  0.1052E-19  0.8416E-21  0.5676E-22  0.7143E-24  0.1405E-23  0.4970E-23  0.2721E-23  0.3671E-24  0.2792E-24  0.1597E-24  0.2504E-24  0.8676E-25   0.000       0.000       0.000       0.000       0.000       0.000      0.1228E-22  0.4023E-13  0.2998E-15  0.1192E-15  0.3244E-16  0.9810E-17  0.2059E-16  0.9144E-18  0.9247E-22  0.7779E-22  0.1118E-22  0.6508E-28   0.000       0.000    
         106   18.30       1.023      0.6619E-13  0.1067E-14  0.3558E-15  0.1362E-15  0.2318E-16  0.1058E-16  0.1340E-17  0.2308E-18  0.1404E-19  0.1153E-20  0.8292E-22  0.1196E-23  0.2398E-23  0.8525E-23  0.4672E-23  0.6443E-24  0.4926E-24  0.2846E-24  0.4504E-24  0.1589E-24   0.000       0.000       0.000       0.000       0.000       0.000      0.1979E-22  0.4031E-13  0.2986E-15  0.1189E-15  0.3240E-16  0.9818E-17  0.2087E-16  0.9482E-18  0.1491E-21  0.1283E-21  0.1994E-22  0.1240E-27   0.000       0.000    
         107   18.82       1.026      0.6652E-13  0.1103E-14  0.3744E-15  0.1465E-15  0.2608E-16  0.1209E-16  0.1638E-17  0.2903E-18  0.1921E-19  0.1625E-20  0.1252E-21  0.2067E-23  0.4225E-23  0.1510E-22  0.8285E-23  0.1180E-23  0.9066E-24  0.5327E-24  0.8586E-24  0.3220E-24  0.3214E-26  0.1212E-27   0.000       0.000       0.000       0.000      0.3292E-22  0.4041E-13  0.2972E-15  0.1186E-15  0.3237E-16  0.9831E-17  0.2116E-16  0.9838E-18  0.2483E-21  0.2184E-21  0.3653E-22  0.1306E-26   0.000       0.000    
         108   19.35       1.029      0.6681E-13  0.1139E-14  0.3938E-15  0.1575E-15  0.2918E-16  0.1370E-16  0.1963E-17  0.3565E-18  0.2528E-19  0.2195E-20  0.1794E-21  0.3363E-23  0.7003E-23  0.2514E-22  0.1381E-22  0.2012E-23  0.1553E-23  0.9215E-24  0.1500E-23  0.5738E-24  0.6505E-26  0.2519E-27   0.000       0.000       0.000       0.000      0.5158E-22  0.4049E-13  0.2960E-15  0.1182E-15  0.3232E-16  0.9835E-17  0.2144E-16  0.1020E-17  0.3897E-21  0.3503E-21  0.6309E-22  0.2478E-26   0.000       0.000    
         109   19.89       1.033      0.6711E-13  0.1177E-14  0.4140E-15  0.1691E-15  0.3258E-16  0.1549E-16  0.2346E-17  0.4363E-18  0.3309E-19  0.2948E-20  0.2550E-21  0.5409E-23  0.1147E-22  0.4134E-22  0.2273E-22  0.3387E-23  0.2624E-23  0.1573E-23  0.2584E-23  0.1008E-23  0.1292E-25  0.5132E-27   0.000       0.000       0.000       0.000      0.7990E-22  0.4057E-13  0.2948E-15  0.1179E-15  0.3227E-16  0.9837E-17  0.2172E-16  0.1057E-17  0.6048E-21  0.5550E-21  0.1075E-21  0.4628E-26   0.000       0.000    
         110   20.45       1.036      0.6741E-13  0.1215E-14  0.4349E-15  0.1813E-15  0.3630E-16  0.1747E-16  0.2793E-17  0.5320E-18  0.4307E-19  0.3936E-20  0.3596E-21  0.8597E-23  0.1855E-22  0.6715E-22  0.3695E-22  0.5631E-23  0.4379E-23  0.2650E-23  0.4393E-23  0.1747E-23  0.2522E-25  0.1026E-26   0.000       0.000       0.000       0.000      0.1224E-21  0.4064E-13  0.2936E-15  0.1175E-15  0.3221E-16  0.9837E-17  0.2200E-16  0.1096E-17  0.9281E-21  0.8691E-21  0.1807E-21  0.8508E-26   0.000       0.000    
         111   21.02       1.039      0.6771E-13  0.1255E-14  0.4566E-15  0.1943E-15  0.4037E-16  0.1967E-16  0.3314E-17  0.6466E-18  0.5575E-19  0.5227E-20  0.5033E-21  0.1351E-22  0.2965E-22  0.1078E-21  0.5937E-22  0.9248E-23  0.7217E-23  0.4409E-23  0.7373E-23  0.2986E-23  0.4836E-25  0.2012E-26   0.000       0.000       0.000       0.000      0.1854E-21  0.4071E-13  0.2925E-15  0.1172E-15  0.3215E-16  0.9836E-17  0.2229E-16  0.1136E-17  0.1409E-20  0.1346E-20  0.2997E-21  0.1540E-25   0.000       0.000    
         112   21.61       1.043      0.6802E-13  0.1296E-14  0.4790E-15  0.2079E-15  0.4480E-16  0.2208E-16  0.3919E-17  0.7830E-18  0.7177E-19  0.6902E-20  0.6992E-21  0.2099E-22  0.4686E-22  0.1710E-21  0.9426E-22  0.1501E-22  0.1175E-22  0.7243E-23  0.1222E-22  0.5038E-23  0.9117E-25  0.3877E-26   0.000       0.000       0.000       0.000      0.2778E-21  0.4078E-13  0.2914E-15  0.1168E-15  0.3209E-16  0.9833E-17  0.2258E-16  0.1177E-17  0.2116E-20  0.2060E-20  0.4909E-21  0.2747E-25   0.000       0.000    
         113   22.22       1.046      0.6836E-13  0.1336E-14  0.5016E-15  0.2217E-15  0.4963E-16  0.2478E-16  0.4645E-17  0.9536E-18  0.9372E-19  0.9289E-20  0.9982E-21  0.3351E-22  0.7602E-22  0.2785E-21  0.1536E-21  0.2498E-22  0.1963E-22  0.1221E-22  0.2077E-22  0.8717E-23  0.2666E-24  0.5157E-25  0.1335E-26  0.1596E-26   0.000       0.000      0.4278E-21  0.4087E-13  0.2902E-15  0.1165E-15  0.3205E-16  0.9837E-17  0.2288E-16  0.1220E-17  0.3267E-20  0.3240E-20  0.8241E-21  0.5115E-25   0.000      0.8943E-26
         114   22.84       1.049      0.6868E-13  0.1379E-14  0.5257E-15  0.2367E-15  0.5486E-16  0.2770E-16  0.5455E-17  0.1146E-17  0.1192E-18  0.1211E-19  0.1363E-20  0.5083E-22  0.1172E-21  0.4309E-21  0.2379E-21  0.3951E-22  0.3113E-22  0.1954E-22  0.3351E-22  0.1430E-22  0.4977E-24  0.9708E-25  0.2646E-26  0.3322E-26   0.000       0.000      0.6262E-21  0.4094E-13  0.2891E-15  0.1162E-15  0.3198E-16  0.9831E-17  0.2318E-16  0.1265E-17  0.4795E-20  0.4843E-20  0.1314E-20  0.8861E-25   0.000      0.1756E-25
         115   23.48       1.052      0.6900E-13  0.1423E-14  0.5507E-15  0.2525E-15  0.6053E-16  0.3091E-16  0.6385E-17  0.1373E-17  0.1508E-18  0.1571E-19  0.1847E-20  0.7633E-22  0.1788E-21  0.6597E-21  0.3645E-21  0.6181E-22  0.4883E-22  0.3091E-22  0.5343E-22  0.2319E-22  0.9154E-24  0.1797E-24  0.5155E-26  0.6783E-26   0.000       0.000      0.9077E-21  0.4101E-13  0.2880E-15  0.1158E-15  0.3191E-16  0.9824E-17  0.2349E-16  0.1312E-17  0.6970E-20  0.7164E-20  0.2069E-20  0.1514E-24   0.000      0.3390E-25
         116   24.14       1.055      0.6933E-13  0.1468E-14  0.5765E-15  0.2690E-15  0.6666E-16  0.3442E-16  0.7450E-17  0.1640E-17  0.1899E-18  0.2028E-19  0.2486E-20  0.1135E-21  0.2699E-21  0.9994E-21  0.5526E-21  0.9567E-22  0.7577E-22  0.4835E-22  0.8425E-22  0.3715E-22  0.1659E-23  0.3270E-24  0.9873E-26  0.1359E-25   0.000       0.000      0.1303E-20  0.4107E-13  0.2869E-15  0.1155E-15  0.3184E-16  0.9815E-17  0.2380E-16  0.1361E-17  0.1003E-19  0.1049E-19  0.3222E-20  0.2554E-24   0.000      0.6435E-25
         117   24.82       1.059      0.6966E-13  0.1514E-14  0.6032E-15  0.2863E-15  0.7328E-16  0.3826E-16  0.8666E-17  0.1952E-17  0.2380E-18  0.2603E-19  0.3324E-20  0.1671E-21  0.4034E-21  0.1499E-20  0.8293E-21  0.1465E-21  0.1163E-21  0.7484E-22  0.1314E-21  0.5884E-22  0.2966E-23  0.5858E-24  0.1860E-25  0.2675E-25   0.000       0.000      0.1853E-20  0.4113E-13  0.2859E-15  0.1151E-15  0.3176E-16  0.9805E-17  0.2412E-16  0.1413E-17  0.1431E-19  0.1522E-19  0.4963E-20  0.4253E-24   0.000      0.1202E-24
         118   25.52       1.062      0.7000E-13  0.1562E-14  0.6309E-15  0.3045E-15  0.8041E-16  0.4244E-16  0.1005E-16  0.2316E-17  0.2968E-18  0.3325E-19  0.4412E-20  0.2438E-21  0.5972E-21  0.2226E-20  0.1232E-20  0.2222E-21  0.1768E-21  0.1146E-21  0.2027E-21  0.9216E-22  0.5228E-23  0.1033E-23  0.3448E-25  0.5173E-25   0.000       0.000      0.2610E-20  0.4120E-13  0.2848E-15  0.1148E-15  0.3168E-16  0.9794E-17  0.2445E-16  0.1468E-17  0.2023E-19  0.2187E-19  0.7560E-20  0.6994E-24   0.000      0.2211E-24
         119   26.23       1.065      0.7035E-13  0.1610E-14  0.6595E-15  0.3234E-15  0.8808E-16  0.4698E-16  0.1162E-16  0.2739E-17  0.3683E-18  0.4226E-19  0.5818E-20  0.3523E-21  0.8755E-21  0.3273E-20  0.1814E-20  0.3335E-21  0.2659E-21  0.1738E-21  0.3094E-21  0.1428E-21  0.9092E-23  0.1794E-23  0.6290E-25  0.9829E-25   0.000       0.000      0.3644E-20  0.4126E-13  0.2838E-15  0.1144E-15  0.3160E-16  0.9782E-17  0.2479E-16  0.1526E-17  0.2834E-19  0.3113E-19  0.1140E-19  0.1136E-23   0.000      0.4003E-24
         120   26.97       1.068      0.7071E-13  0.1661E-14  0.6890E-15  0.3432E-15  0.9632E-16  0.5192E-16  0.1340E-16  0.3230E-17  0.4549E-18  0.5344E-19  0.7620E-20  0.5045E-21  0.1272E-20  0.4768E-20  0.2644E-20  0.4957E-21  0.3960E-21  0.2608E-21  0.4676E-21  0.2188E-21  0.1561E-22  0.3069E-23  0.1130E-24  0.1836E-24   0.000       0.000      0.5042E-20  0.4132E-13  0.2828E-15  0.1141E-15  0.3152E-16  0.9770E-17  0.2514E-16  0.1588E-17  0.3936E-19  0.4391E-19  0.1700E-19  0.1824E-23   0.000      0.7140E-24
         121   27.73       1.072      0.7111E-13  0.1716E-14  0.7218E-15  0.3651E-15  0.1056E-15  0.5754E-16  0.1553E-16  0.3840E-17  0.5684E-18  0.6839E-19  0.1011E-19  0.7316E-21  0.1869E-20  0.7030E-20  0.3902E-20  0.7457E-21  0.5969E-21  0.3959E-21  0.7146E-21  0.3391E-21  0.2717E-22  0.5291E-23  0.2108E-24  0.4268E-24  0.2718E-27   0.000      0.7066E-20  0.4139E-13  0.2818E-15  0.1137E-15  0.3143E-16  0.9753E-17  0.2554E-16  0.1659E-17  0.5538E-19  0.6271E-19  0.2565E-19  0.2959E-23  0.1377E-27  0.1315E-23
         122   28.50       1.075      0.7149E-13  0.1769E-14  0.7534E-15  0.3867E-15  0.1151E-15  0.6334E-16  0.1779E-16  0.4497E-17  0.6950E-18  0.8554E-19  0.1305E-19  0.1028E-20  0.2663E-20  0.1004E-19  0.5578E-20  0.1086E-20  0.8711E-21  0.5819E-21  0.1057E-20  0.5085E-21  0.4542E-22  0.8781E-23  0.3682E-24  0.7811E-24  0.5790E-27   0.000      0.9599E-20  0.4145E-13  0.2808E-15  0.1133E-15  0.3135E-16  0.9739E-17  0.2593E-16  0.1731E-17  0.7552E-19  0.8680E-19  0.3745E-19  0.4635E-23  0.2817E-27  0.2282E-23
         123   29.30       1.079      0.7188E-13  0.1823E-14  0.7860E-15  0.4091E-15  0.1252E-15  0.6961E-16  0.2033E-16  0.5251E-17  0.8460E-18  0.1065E-18  0.1674E-19  0.1433E-20  0.3761E-20  0.1422E-19  0.7906E-20  0.1568E-20  0.1260E-20  0.8475E-21  0.1549E-20  0.7550E-21  0.7501E-22  0.1437E-22  0.6344E-24  0.1408E-23  0.1209E-26   0.000      0.1293E-19  0.4151E-13  0.2798E-15  0.1129E-15  0.3126E-16  0.9726E-17  0.2635E-16  0.1810E-17  0.1022E-18  0.1191E-18  0.5416E-19  0.7183E-23  0.5658E-27  0.3905E-23
         124   30.13       1.082      0.7228E-13  0.1879E-14  0.8196E-15  0.4325E-15  0.1360E-15  0.7637E-16  0.2317E-16  0.6112E-17  0.1025E-17  0.1319E-18  0.2135E-19  0.1982E-20  0.5267E-20  0.1997E-19  0.1111E-19  0.2245E-20  0.1806E-20  0.1223E-20  0.2250E-20  0.1110E-20  0.1224E-21  0.2322E-22  0.1078E-23  0.2503E-23  0.2475E-26   0.000      0.1729E-19  0.4158E-13  0.2788E-15  0.1126E-15  0.3118E-16  0.9713E-17  0.2679E-16  0.1895E-17  0.1371E-18  0.1622E-18  0.7761E-19  0.1101E-22  0.1117E-26  0.6596E-23
         125   30.97       1.086      0.7270E-13  0.1936E-14  0.8543E-15  0.4567E-15  0.1474E-15  0.8364E-16  0.2633E-16  0.7095E-17  0.1237E-17  0.1627E-18  0.2707E-19  0.2718E-20  0.7317E-20  0.2782E-19  0.1549E-19  0.3185E-20  0.2568E-20  0.1750E-20  0.3239E-20  0.1618E-20  0.1975E-21  0.3701E-22  0.1809E-23  0.4384E-23  0.4973E-26   0.000      0.2293E-19  0.4164E-13  0.2779E-15  0.1122E-15  0.3109E-16  0.9702E-17  0.2727E-16  0.1989E-17  0.1827E-18  0.2191E-18  0.1102E-18  0.1671E-22  0.2165E-26  0.1100E-22
         126   31.84       1.090      0.7313E-13  0.1995E-14  0.8901E-15  0.4819E-15  0.1597E-15  0.9146E-16  0.2984E-16  0.8211E-17  0.1487E-17  0.1997E-18  0.3410E-19  0.3701E-20  0.1009E-19  0.3843E-19  0.2142E-19  0.4483E-20  0.3619E-20  0.2483E-20  0.4622E-20  0.2336E-20  0.3152E-21  0.5827E-22  0.2996E-23  0.7575E-23  0.9807E-26   0.000      0.3018E-19  0.4170E-13  0.2769E-15  0.1119E-15  0.3101E-16  0.9691E-17  0.2779E-16  0.2093E-17  0.2415E-18  0.2936E-18  0.1552E-18  0.2511E-22  0.4128E-26  0.1811E-22
         127   32.74       1.095      0.7357E-13  0.2055E-14  0.9270E-15  0.5080E-15  0.1726E-15  0.9983E-16  0.3374E-16  0.9476E-17  0.1779E-17  0.2441E-18  0.4272E-19  0.5001E-20  0.1379E-19  0.5268E-19  0.2939E-19  0.6258E-20  0.5060E-20  0.3494E-20  0.6540E-20  0.3342E-20  0.4973E-21  0.9059E-22  0.4900E-23  0.1291E-22  0.1899E-25   0.000      0.3944E-19  0.4177E-13  0.2760E-15  0.1115E-15  0.3094E-16  0.9683E-17  0.2835E-16  0.2208E-17  0.3170E-18  0.3905E-18  0.2165E-18  0.3735E-22  0.7739E-26  0.2945E-22
         128   33.66       1.099      0.7403E-13  0.2117E-14  0.9649E-15  0.5350E-15  0.1863E-15  0.1088E-15  0.3804E-16  0.1090E-16  0.2121E-17  0.2969E-18  0.5320E-19  0.6708E-20  0.1872E-19  0.7167E-19  0.4003E-19  0.8666E-20  0.7019E-20  0.4876E-20  0.9177E-20  0.4741E-20  0.7763E-21  0.1392E-21  0.7918E-23  0.2172E-22  0.3614E-25   0.000      0.5116E-19  0.4184E-13  0.2751E-15  0.1112E-15  0.3086E-16  0.9679E-17  0.2897E-16  0.2337E-17  0.4131E-18  0.5156E-18  0.2997E-18  0.5503E-22  0.1428E-25  0.4735E-22
         129   34.60       1.104      0.7451E-13  0.2181E-14  0.1004E-14  0.5630E-15  0.2009E-15  0.1184E-15  0.4279E-16  0.1251E-16  0.2517E-17  0.3595E-18  0.6589E-19  0.8935E-20  0.2522E-19  0.9677E-19  0.5411E-19  0.1191E-19  0.9661E-20  0.6751E-20  0.1277E-19  0.6669E-20  0.1199E-20  0.2113E-21  0.1264E-22  0.3608E-22  0.6758E-25   0.000      0.6590E-19  0.4191E-13  0.2742E-15  0.1109E-15  0.3080E-16  0.9678E-17  0.2965E-16  0.2482E-17  0.5347E-18  0.6760E-18  0.4113E-18  0.8034E-22  0.2592E-25  0.7523E-22
         130   35.57       1.109      0.7501E-13  0.2242E-14  0.1041E-14  0.5887E-15  0.2141E-15  0.1275E-15  0.4777E-16  0.1426E-16  0.2970E-17  0.4330E-18  0.8108E-19  0.1183E-19  0.3378E-19  0.1299E-18  0.7271E-19  0.1626E-19  0.1321E-19  0.9287E-20  0.1766E-19  0.9315E-20  0.1838E-20  0.3179E-21  0.2003E-22  0.5971E-22  0.2347E-24  0.3863E-30  0.8440E-19  0.4200E-13  0.2733E-15  0.1106E-15  0.3075E-16  0.9694E-17  0.3041E-16  0.2641E-17  0.6882E-18  0.8810E-18  0.5608E-18  0.1164E-21  0.5070E-25  0.1186E-21
         131   36.57       1.115      0.7553E-13  0.2309E-14  0.1083E-14  0.6185E-15  0.2302E-15  0.1383E-15  0.5345E-16  0.1626E-16  0.3497E-17  0.5195E-18  0.9926E-19  0.1554E-19  0.4484E-19  0.1727E-18  0.9684E-19  0.2200E-19  0.1791E-19  0.1266E-19  0.2419E-19  0.1288E-19  0.2779E-20  0.4716E-21  0.3125E-22  0.9676E-22  0.4351E-24  0.8174E-30  0.1072E-18  0.4208E-13  0.2726E-15  0.1103E-15  0.3071E-16  0.9707E-17  0.3125E-16  0.2826E-17  0.8784E-18  0.1138E-17  0.7573E-18  0.1668E-21  0.8982E-25  0.1843E-21
         132   37.60       1.121      0.7607E-13  0.2377E-14  0.1125E-14  0.6492E-15  0.2471E-15  0.1498E-15  0.5967E-16  0.1850E-16  0.4100E-17  0.6205E-18  0.1209E-18  0.2027E-19  0.5913E-19  0.2282E-18  0.1281E-18  0.2956E-19  0.2409E-19  0.1712E-19  0.3289E-19  0.1768E-19  0.4163E-20  0.6922E-21  0.4823E-22  0.1550E-21  0.7944E-24  0.1695E-29  0.1352E-18  0.4216E-13  0.2719E-15  0.1100E-15  0.3068E-16  0.9729E-17  0.3220E-16  0.3036E-17  0.1114E-17  0.1461E-17  0.1015E-17  0.2369E-21  0.1569E-24  0.2831E-21
         133   38.65       1.127      0.7664E-13  0.2447E-14  0.1168E-14  0.6809E-15  0.2649E-15  0.1620E-15  0.6644E-16  0.2099E-16  0.4790E-17  0.7381E-18  0.1464E-18  0.2627E-19  0.7745E-19  0.2995E-18  0.1684E-18  0.3943E-19  0.3219E-19  0.2300E-19  0.4439E-19  0.2408E-19  0.6176E-20  0.1005E-20  0.7364E-22  0.2454E-21  0.1429E-23  0.3446E-29  0.1695E-18  0.4224E-13  0.2712E-15  0.1098E-15  0.3066E-16  0.9762E-17  0.3326E-16  0.3275E-17  0.1404E-17  0.1864E-17  0.1350E-17  0.3337E-21  0.2702E-24  0.4307E-21
         134   39.74       1.134      0.7723E-13  0.2518E-14  0.1213E-14  0.7135E-15  0.2835E-15  0.1749E-15  0.7381E-16  0.2375E-16  0.5574E-17  0.8741E-18  0.1764E-18  0.3384E-19  0.1008E-18  0.3904E-18  0.2198E-18  0.5223E-19  0.4272E-19  0.3069E-19  0.5948E-19  0.3254E-19  0.9076E-20  0.1445E-20  0.1113E-21  0.3843E-21  0.2532E-23  0.6873E-29  0.2112E-18  0.4233E-13  0.2707E-15  0.1096E-15  0.3067E-16  0.9810E-17  0.3446E-16  0.3548E-17  0.1758E-17  0.2362E-17  0.1784E-17  0.4664E-21  0.4591E-24  0.6485E-21
         135   40.85       1.142      0.7785E-13  0.2591E-14  0.1259E-14  0.7469E-15  0.3030E-15  0.1885E-15  0.8179E-16  0.2680E-16  0.6462E-17  0.1031E-17  0.2115E-18  0.4332E-19  0.1303E-18  0.5056E-18  0.2852E-18  0.6873E-19  0.5632E-19  0.4065E-19  0.7916E-19  0.4367E-19  0.1322E-19  0.2056E-20  0.1665E-21  0.5953E-21  0.4425E-23  0.1345E-28  0.2616E-18  0.4243E-13  0.2702E-15  0.1095E-15  0.3071E-16  0.9875E-17  0.3582E-16  0.3859E-17  0.2189E-17  0.2974E-17  0.2340E-17  0.6465E-21  0.7697E-24  0.9669E-21
         136   42.00       1.151      0.7850E-13  0.2666E-14  0.1306E-14  0.7813E-15  0.3234E-15  0.2029E-15  0.9042E-16  0.3015E-16  0.7464E-17  0.1211E-17  0.2522E-18  0.5513E-19  0.1675E-18  0.6507E-18  0.3677E-18  0.8985E-19  0.7375E-19  0.5350E-19  0.1046E-18  0.5817E-19  0.1907E-19  0.2898E-20  0.2467E-21  0.9124E-21  0.7625E-23  0.2586E-28  0.3220E-18  0.4254E-13  0.2699E-15  0.1094E-15  0.3079E-16  0.9960E-17  0.3735E-16  0.4214E-17  0.2710E-17  0.3723E-17  0.3048E-17  0.8892E-21  0.1274E-23  0.1428E-20
         137   43.18       1.161      0.7919E-13  0.2742E-14  0.1354E-14  0.8165E-15  0.3446E-15  0.2181E-15  0.9972E-16  0.3384E-16  0.8589E-17  0.1416E-17  0.2994E-18  0.6974E-19  0.2139E-18  0.8323E-18  0.4712E-18  0.1167E-18  0.9597E-19  0.6995E-19  0.1374E-18  0.7695E-19  0.2728E-19  0.4046E-20  0.3620E-21  0.1384E-20  0.1296E-22  0.4881E-28  0.3940E-18  0.4265E-13  0.2698E-15  0.1094E-15  0.3090E-16  0.1007E-16  0.3909E-16  0.4618E-17  0.3335E-17  0.4633E-17  0.3943E-17  0.1214E-20  0.2082E-23  0.2089E-20
         138   44.39       1.172      0.7995E-13  0.2821E-14  0.1403E-14  0.8543E-15  0.3687E-15  0.2351E-15  0.1101E-15  0.3804E-16  0.9916E-17  0.1663E-17  0.3577E-18  0.8886E-19  0.2751E-18  0.1072E-17  0.6081E-18  0.1526E-18  0.1257E-18  0.9204E-19  0.1815E-18  0.1024E-18  0.3920E-19  0.5668E-20  0.5335E-21  0.2109E-20  0.2236E-22  0.1721E-25  0.4856E-18  0.4279E-13  0.2700E-15  0.1095E-15  0.3109E-16  0.1022E-16  0.4119E-16  0.5109E-17  0.4133E-17  0.5806E-17  0.5133E-17  0.1666E-20  0.3423E-23  0.3071E-20
         139   45.64       1.184      0.8071E-13  0.2900E-14  0.1453E-14  0.8910E-15  0.3916E-15  0.2518E-15  0.1208E-15  0.4243E-16  0.1132E-16  0.1928E-17  0.4201E-18  0.1111E-18  0.3469E-18  0.1353E-17  0.7696E-18  0.1955E-18  0.1614E-18  0.1187E-18  0.2351E-18  0.1335E-18  0.5507E-19  0.7761E-20  0.7678E-21  0.3134E-20  0.3703E-22  0.3282E-25  0.5870E-18  0.4293E-13  0.2703E-15  0.1097E-15  0.3131E-16  0.1040E-16  0.4343E-16  0.5636E-17  0.5026E-17  0.7137E-17  0.6550E-17  0.2238E-20  0.5455E-23  0.4409E-20
         140   46.92       1.197      0.8151E-13  0.2980E-14  0.1503E-14  0.9285E-15  0.4154E-15  0.2692E-15  0.1322E-15  0.4721E-16  0.1288E-16  0.2226E-17  0.4911E-18  0.1381E-18  0.4351E-18  0.1699E-17  0.9684E-18  0.2491E-18  0.2061E-18  0.1522E-18  0.3026E-18  0.1730E-18  0.7672E-19  0.1053E-19  0.1095E-20  0.4613E-20  0.6057E-22  0.6156E-25  0.7057E-18  0.4308E-13  0.2709E-15  0.1101E-15  0.3160E-16  0.1061E-16  0.4596E-16  0.6234E-17  0.6079E-17  0.8724E-17  0.8306E-17  0.2987E-20  0.8593E-23  0.6276E-20
         141   48.24       1.212      0.8236E-13  0.3062E-14  0.1555E-14  0.9666E-15  0.4400E-15  0.2873E-15  0.1444E-15  0.5239E-16  0.1460E-16  0.2560E-17  0.5714E-18  0.1707E-18  0.5426E-18  0.2121E-17  0.1212E-17  0.3154E-18  0.2615E-18  0.1940E-18  0.3871E-18  0.2226E-18  0.1060E-18  0.1417E-19  0.1549E-20  0.6726E-20  0.9787E-22  0.1136E-24  0.8440E-18  0.4324E-13  0.2718E-15  0.1105E-15  0.3197E-16  0.1088E-16  0.4881E-16  0.6910E-17  0.7313E-17  0.1061E-16  0.1047E-16  0.3958E-20  0.1338E-22  0.8858E-20
         142   49.59       1.229      0.8325E-13  0.3144E-14  0.1607E-14  0.1005E-14  0.4653E-15  0.3062E-15  0.1573E-15  0.5797E-16  0.1650E-16  0.2932E-17  0.6619E-18  0.2100E-18  0.6730E-18  0.2634E-17  0.1508E-17  0.3971E-18  0.3299E-18  0.2458E-18  0.4923E-18  0.2847E-18  0.1453E-18  0.1891E-19  0.2172E-20  0.9720E-20  0.1563E-21  0.2065E-24  0.1004E-17  0.4342E-13  0.2731E-15  0.1112E-15  0.3243E-16  0.1119E-16  0.5203E-16  0.7673E-17  0.8752E-17  0.1283E-16  0.1311E-16  0.5209E-20  0.2061E-22  0.1240E-19
         143   50.98       1.247      0.8418E-13  0.3227E-14  0.1660E-14  0.1044E-14  0.4913E-15  0.3258E-15  0.1710E-15  0.6397E-16  0.1857E-16  0.3344E-17  0.7631E-18  0.2569E-18  0.8302E-18  0.3251E-17  0.1867E-17  0.4971E-18  0.4140E-18  0.3096E-18  0.6224E-18  0.3619E-18  0.1977E-18  0.2503E-19  0.3022E-20  0.1392E-19  0.2467E-21  0.3695E-24  0.1188E-17  0.4362E-13  0.2747E-15  0.1120E-15  0.3299E-16  0.1157E-16  0.5563E-16  0.8531E-17  0.1042E-16  0.1543E-16  0.1633E-16  0.6811E-20  0.3140E-22  0.1722E-19
         144   52.41       1.268      0.8517E-13  0.3311E-14  0.1713E-14  0.1084E-14  0.5179E-15  0.3460E-15  0.1854E-15  0.7039E-16  0.2083E-16  0.3800E-17  0.8759E-18  0.3128E-18  0.1019E-17  0.3993E-17  0.2300E-17  0.6187E-18  0.5165E-18  0.3877E-18  0.7824E-18  0.4572E-18  0.2668E-18  0.3286E-19  0.4169E-20  0.1977E-19  0.3850E-21  0.6513E-24  0.1399E-17  0.4384E-13  0.2769E-15  0.1130E-15  0.3367E-16  0.1202E-16  0.5967E-16  0.9494E-17  0.1235E-16  0.1847E-16  0.2022E-16  0.8848E-20  0.4734E-22  0.2373E-19
         145   53.88       1.290      0.8621E-13  0.3395E-14  0.1767E-14  0.1123E-14  0.5451E-15  0.3669E-15  0.2006E-15  0.7725E-16  0.2328E-16  0.4301E-17  0.1001E-17  0.3788E-18  0.1244E-17  0.4877E-17  0.2818E-17  0.7659E-18  0.6410E-18  0.4829E-18  0.9780E-18  0.5741E-18  0.3575E-18  0.4279E-19  0.5706E-20  0.2783E-19  0.5942E-21  0.1132E-23  0.1639E-17  0.4408E-13  0.2795E-15  0.1143E-15  0.3449E-16  0.1255E-16  0.6417E-16  0.1057E-16  0.1456E-16  0.2199E-16  0.2490E-16  0.1142E-19  0.7063E-22  0.3246E-19
         146   55.40       1.316      0.8735E-13  0.3479E-14  0.1821E-14  0.1162E-14  0.5720E-15  0.3882E-15  0.2169E-15  0.8472E-16  0.2602E-16  0.4878E-17  0.1147E-17  0.4604E-18  0.1523E-17  0.5975E-17  0.3463E-17  0.9506E-18  0.7976E-18  0.6031E-18  0.1226E-17  0.7226E-18  0.4792E-18  0.5575E-19  0.7818E-20  0.3922E-19  0.9178E-21  0.2012E-23  0.1926E-17  0.4437E-13  0.2830E-15  0.1159E-15  0.3551E-16  0.1320E-16  0.6945E-16  0.1183E-16  0.1722E-16  0.2627E-16  0.3073E-16  0.1477E-19  0.1054E-21  0.4443E-19
         147   56.95       1.344      0.8850E-13  0.3563E-14  0.1874E-14  0.1202E-14  0.6001E-15  0.4101E-15  0.2334E-15  0.9242E-16  0.2887E-16  0.5475E-17  0.1299E-17  0.5520E-18  0.1839E-17  0.7218E-17  0.4198E-17  0.1163E-17  0.9787E-18  0.7426E-18  0.1514E-17  0.8963E-18  0.6321E-18  0.7146E-19  0.1053E-19  0.5428E-19  0.1385E-20  0.3404E-23  0.2233E-17  0.4465E-13  0.2869E-15  0.1177E-15  0.3664E-16  0.1391E-16  0.7501E-16  0.1316E-16  0.2010E-16  0.3096E-16  0.3739E-16  0.1882E-19  0.1540E-21  0.5982E-19
         148   58.55       1.375      0.8971E-13  0.3646E-14  0.1928E-14  0.1241E-14  0.6285E-15  0.4325E-15  0.2506E-15  0.1005E-15  0.3192E-16  0.6122E-17  0.1464E-17  0.6586E-18  0.2210E-17  0.8676E-17  0.5065E-17  0.1416E-17  0.1195E-17  0.9096E-18  0.1861E-17  0.1105E-17  0.8277E-18  0.9093E-19  0.1408E-19  0.7453E-19  0.2070E-20  0.5681E-23  0.2576E-17  0.4497E-13  0.2916E-15  0.1199E-15  0.3796E-16  0.1473E-16  0.8115E-16  0.1463E-16  0.2334E-16  0.3631E-16  0.4525E-16  0.2383E-19  0.2229E-21  0.7996E-19
         149   60.19       1.408      0.9097E-13  0.3729E-14  0.1981E-14  0.1281E-14  0.6572E-15  0.4553E-15  0.2683E-15  0.1091E-15  0.3517E-16  0.6818E-17  0.1643E-17  0.7822E-18  0.2643E-17  0.1038E-16  0.6080E-17  0.1715E-17  0.1451E-17  0.1108E-17  0.2275E-17  0.1356E-17  0.1076E-17  0.1149E-18  0.1869E-19  0.1016E-18  0.3062E-20  0.9358E-23  0.2959E-17  0.4532E-13  0.2970E-15  0.1224E-15  0.3948E-16  0.1567E-16  0.8790E-16  0.1625E-16  0.2699E-16  0.4238E-16  0.5447E-16  0.3000E-19  0.3195E-21  0.1061E-18
         150   61.88       1.445      0.9230E-13  0.3811E-14  0.2034E-14  0.1320E-14  0.6859E-15  0.4784E-15  0.2866E-15  0.1180E-15  0.3863E-16  0.7566E-17  0.1837E-17  0.9248E-18  0.3146E-17  0.1235E-16  0.7266E-17  0.2067E-17  0.1753E-17  0.1343E-17  0.2768E-17  0.1654E-17  0.1390E-17  0.1441E-18  0.2464E-19  0.1373E-18  0.4485E-20  0.1522E-22  0.3383E-17  0.4569E-13  0.3032E-15  0.1253E-15  0.4121E-16  0.1674E-16  0.9530E-16  0.1802E-16  0.3107E-16  0.4924E-16  0.6525E-16  0.3756E-19  0.4538E-21  0.1400E-18
         151   63.62       1.484      0.9368E-13  0.3891E-14  0.2085E-14  0.1358E-14  0.7147E-15  0.5017E-15  0.3054E-15  0.1273E-15  0.4227E-16  0.8363E-17  0.2045E-17  0.1088E-17  0.3726E-17  0.1463E-16  0.8641E-17  0.2478E-17  0.2108E-17  0.1620E-17  0.3349E-17  0.2006E-17  0.1782E-17  0.1795E-18  0.3225E-19  0.1843E-18  0.6506E-20  0.2444E-22  0.3849E-17  0.4610E-13  0.3104E-15  0.1286E-15  0.4318E-16  0.1795E-16  0.1034E-15  0.1996E-16  0.3559E-16  0.5695E-16  0.7773E-16  0.4674E-19  0.6386E-21  0.1833E-18
         152   65.41       1.528      0.9512E-13  0.3970E-14  0.2136E-14  0.1395E-14  0.7433E-15  0.5251E-15  0.3246E-15  0.1369E-15  0.4609E-16  0.9208E-17  0.2267E-17  0.1275E-17  0.4393E-17  0.1724E-16  0.1023E-16  0.2955E-17  0.2522E-17  0.1944E-17  0.4031E-17  0.2420E-17  0.2270E-17  0.2220E-18  0.4192E-19  0.2456E-18  0.9346E-20  0.3877E-22  0.4360E-17  0.4655E-13  0.3186E-15  0.1324E-15  0.4541E-16  0.1930E-16  0.1121E-15  0.2205E-16  0.4060E-16  0.6555E-16  0.9213E-16  0.5785E-19  0.8907E-21  0.2384E-18
         153   67.24       1.573      0.9661E-13  0.4045E-14  0.2185E-14  0.1431E-14  0.7704E-15  0.5474E-15  0.3438E-15  0.1468E-15  0.5005E-16  0.1008E-16  0.2496E-17  0.1483E-17  0.5142E-17  0.2017E-16  0.1202E-16  0.3498E-17  0.2995E-17  0.2315E-17  0.4817E-17  0.2897E-17  0.2865E-17  0.2722E-18  0.5400E-19  0.3242E-18  0.1330E-19  0.6091E-22  0.4903E-17  0.4703E-13  0.3276E-15  0.1366E-15  0.4785E-16  0.2078E-16  0.1213E-15  0.2427E-16  0.4598E-16  0.7493E-16  0.1084E-15  0.7103E-19  0.1230E-20  0.3075E-18
         154   69.13       1.623      0.9816E-13  0.4119E-14  0.2233E-14  0.1466E-14  0.7983E-15  0.5708E-15  0.3636E-15  0.1569E-15  0.5421E-16  0.1101E-16  0.2744E-17  0.1722E-17  0.6006E-17  0.2355E-16  0.1410E-16  0.4132E-17  0.3549E-17  0.2750E-17  0.5742E-17  0.3458E-17  0.3601E-17  0.3323E-18  0.6925E-19  0.4259E-18  0.1876E-19  0.9432E-22  0.5505E-17  0.4754E-13  0.3378E-15  0.1413E-15  0.5062E-16  0.2246E-16  0.1315E-15  0.2670E-16  0.5199E-16  0.8549E-16  0.1272E-15  0.8695E-19  0.1686E-20  0.3948E-18
         155   71.07       1.677      0.9976E-13  0.4189E-14  0.2279E-14  0.1500E-14  0.8256E-15  0.5939E-15  0.3836E-15  0.1673E-15  0.5851E-16  0.1199E-16  0.3005E-17  0.1991E-17  0.6985E-17  0.2737E-16  0.1647E-16  0.4858E-17  0.4186E-17  0.3252E-17  0.6813E-17  0.4107E-17  0.4497E-17  0.4031E-18  0.8824E-19  0.5556E-18  0.2622E-19  0.1444E-21  0.6154E-17  0.4810E-13  0.3492E-15  0.1465E-15  0.5369E-16  0.2431E-16  0.1424E-15  0.2931E-16  0.5853E-16  0.9712E-16  0.1486E-15  0.1059E-18  0.2292E-20  0.5039E-18
         156   73.07       1.735      0.1014E-12  0.4257E-14  0.2323E-14  0.1533E-14  0.8522E-15  0.6167E-15  0.4036E-15  0.1779E-15  0.6292E-16  0.1301E-16  0.3277E-17  0.2292E-17  0.8088E-17  0.3167E-16  0.1915E-16  0.5684E-17  0.4914E-17  0.3827E-17  0.8045E-17  0.4854E-17  0.5581E-17  0.4859E-18  0.1117E-18  0.7200E-18  0.3634E-19  0.2186E-21  0.6849E-17  0.4869E-13  0.3618E-15  0.1522E-15  0.5707E-16  0.2633E-16  0.1540E-15  0.3210E-16  0.6563E-16  0.1099E-15  0.1727E-15  0.1283E-18  0.3090E-20  0.6392E-18
         157   75.12       1.796      0.1031E-12  0.4321E-14  0.2365E-14  0.1563E-14  0.8782E-15  0.6391E-15  0.4236E-15  0.1886E-15  0.6746E-16  0.1406E-16  0.3560E-17  0.2627E-17  0.9323E-17  0.3647E-16  0.2217E-16  0.6620E-17  0.5742E-17  0.4483E-17  0.9455E-17  0.5707E-17  0.6882E-17  0.5821E-18  0.1406E-18  0.9268E-18  0.4994E-19  0.3273E-21  0.7591E-17  0.4932E-13  0.3756E-15  0.1585E-15  0.6077E-16  0.2855E-16  0.1663E-15  0.3505E-16  0.7327E-16  0.1237E-15  0.1998E-15  0.1546E-18  0.4134E-20  0.8061E-18
         158   77.23       1.862      0.1049E-12  0.4381E-14  0.2404E-14  0.1592E-14  0.9032E-15  0.6610E-15  0.4434E-15  0.1994E-15  0.7208E-16  0.1514E-16  0.3853E-17  0.2999E-17  0.1070E-16  0.4182E-16  0.2557E-16  0.7675E-17  0.6679E-17  0.5226E-17  0.1106E-16  0.6677E-17  0.8435E-17  0.6931E-18  0.1758E-18  0.1185E-17  0.6806E-19  0.4849E-21  0.8379E-17  0.4999E-13  0.3906E-15  0.1654E-15  0.6480E-16  0.3096E-16  0.1793E-15  0.3818E-16  0.8148E-16  0.1388E-15  0.2301E-15  0.1854E-18  0.5486E-20  0.1010E-17
         159   79.40       1.931      0.1066E-12  0.4436E-14  0.2440E-14  0.1619E-14  0.9272E-15  0.6822E-15  0.4630E-15  0.2102E-15  0.7677E-16  0.1625E-16  0.4155E-17  0.3411E-17  0.1223E-16  0.4775E-16  0.2936E-16  0.8859E-17  0.7736E-17  0.6066E-17  0.1289E-16  0.7775E-17  0.1028E-16  0.8205E-18  0.2185E-18  0.1506E-17  0.9200E-19  0.7109E-21  0.9211E-17  0.5070E-13  0.4069E-15  0.1729E-15  0.6917E-16  0.3356E-16  0.1930E-15  0.4147E-16  0.9024E-16  0.1550E-15  0.2638E-15  0.2213E-18  0.7225E-20  0.1260E-17
         160   81.63       2.003      0.1085E-12  0.4487E-14  0.2474E-14  0.1644E-14  0.9501E-15  0.7027E-15  0.4823E-15  0.2209E-15  0.8150E-16  0.1738E-16  0.4463E-17  0.3863E-17  0.1393E-16  0.5428E-16  0.3357E-16  0.1018E-16  0.8921E-17  0.7010E-17  0.1494E-16  0.9012E-17  0.1245E-16  0.9657E-18  0.2701E-18  0.1903E-17  0.1234E-18  0.1032E-20  0.1008E-16  0.5145E-13  0.4244E-15  0.1809E-15  0.7387E-16  0.3636E-16  0.2074E-15  0.4492E-16  0.9955E-16  0.1725E-15  0.3012E-15  0.2628E-18  0.9445E-20  0.1561E-17
         161   83.92       2.081      0.1103E-12  0.4533E-14  0.2505E-14  0.1667E-14  0.9714E-15  0.7218E-15  0.5007E-15  0.2316E-15  0.8634E-16  0.1854E-16  0.4783E-17  0.4365E-17  0.1581E-16  0.6154E-16  0.3830E-16  0.1167E-16  0.1026E-16  0.8077E-17  0.1729E-16  0.1041E-16  0.1501E-16  0.1132E-17  0.3324E-18  0.2393E-17  0.1647E-18  0.1489E-20  0.1102E-16  0.5226E-13  0.4436E-15  0.1896E-15  0.7901E-16  0.3941E-16  0.2227E-15  0.4858E-16  0.1096E-15  0.1915E-15  0.3428E-15  0.3112E-18  0.1229E-19  0.1928E-17
         162   86.27       2.160      0.1122E-12  0.4574E-14  0.2533E-14  0.1687E-14  0.9916E-15  0.7404E-15  0.5190E-15  0.2421E-15  0.9107E-16  0.1969E-16  0.5100E-17  0.4905E-17  0.1786E-16  0.6937E-16  0.4344E-16  0.1329E-16  0.1173E-16  0.9252E-17  0.1987E-16  0.1196E-16  0.1797E-16  0.1317E-17  0.4061E-18  0.2986E-17  0.2174E-18  0.2118E-20  0.1197E-16  0.5309E-13  0.4636E-15  0.1988E-15  0.8440E-16  0.4261E-16  0.2382E-15  0.5232E-16  0.1200E-15  0.2113E-15  0.3880E-15  0.3662E-18  0.1583E-19  0.2365E-17
         163   88.69       2.243      0.1141E-12  0.4610E-14  0.2557E-14  0.1705E-14  0.1010E-14  0.7580E-15  0.5366E-15  0.2524E-15  0.9576E-16  0.2084E-16  0.5419E-17  0.5491E-17  0.2008E-16  0.7789E-16  0.4910E-16  0.1508E-16  0.1336E-16  0.1055E-16  0.2276E-16  0.1367E-16  0.2140E-16  0.1525E-17  0.4934E-18  0.3705E-17  0.2850E-18  0.2985E-20  0.1295E-16  0.5395E-13  0.4849E-15  0.2085E-15  0.9011E-16  0.4599E-16  0.2544E-15  0.5618E-16  0.1308E-15  0.2324E-15  0.4372E-15  0.4290E-18  0.2026E-19  0.2884E-17
         164   91.18       2.329      0.1160E-12  0.4640E-14  0.2578E-14  0.1721E-14  0.1027E-14  0.7745E-15  0.5535E-15  0.2624E-15  0.1004E-15  0.2198E-16  0.5738E-17  0.6126E-17  0.2251E-16  0.8712E-16  0.5528E-16  0.1705E-16  0.1515E-16  0.1199E-16  0.2596E-16  0.1556E-16  0.2534E-16  0.1756E-17  0.5962E-18  0.4571E-17  0.3710E-18  0.4168E-20  0.1397E-16  0.5485E-13  0.5073E-15  0.2187E-15  0.9615E-16  0.4956E-16  0.2710E-15  0.6017E-16  0.1422E-15  0.2546E-15  0.4908E-15  0.5005E-18  0.2575E-19  0.3501E-17
         165   93.74       2.418      0.1179E-12  0.4665E-14  0.2596E-14  0.1734E-14  0.1043E-14  0.7898E-15  0.5696E-15  0.2721E-15  0.1049E-15  0.2312E-16  0.6056E-17  0.6809E-17  0.2513E-16  0.9707E-16  0.6203E-16  0.1919E-16  0.1711E-16  0.1357E-16  0.2949E-16  0.1763E-16  0.2985E-16  0.2013E-17  0.7168E-18  0.5609E-17  0.4796E-18  0.5769E-20  0.1500E-16  0.5578E-13  0.5308E-15  0.2294E-15  0.1025E-15  0.5331E-16  0.2880E-15  0.6425E-16  0.1540E-15  0.2780E-15  0.5488E-15  0.5813E-18  0.3251E-19  0.4228E-17
         166   96.38       2.510      0.1198E-12  0.4684E-14  0.2610E-14  0.1744E-14  0.1057E-14  0.8039E-15  0.5849E-15  0.2814E-15  0.1094E-15  0.2424E-16  0.6370E-17  0.7543E-17  0.2796E-16  0.1078E-15  0.6934E-16  0.2153E-16  0.1926E-16  0.1529E-16  0.3338E-16  0.1990E-16  0.3498E-16  0.2295E-17  0.8574E-18  0.6847E-17  0.6157E-18  0.7916E-20  0.1607E-16  0.5675E-13  0.5554E-15  0.2407E-15  0.1091E-15  0.5723E-16  0.3055E-15  0.6843E-16  0.1662E-15  0.3024E-15  0.6113E-15  0.6726E-18  0.4079E-19  0.5083E-17
         167   99.08       2.605      0.1217E-12  0.4698E-14  0.2621E-14  0.1753E-14  0.1069E-14  0.8167E-15  0.5992E-15  0.2904E-15  0.1137E-15  0.2533E-16  0.6680E-17  0.8328E-17  0.3100E-16  0.1192E-15  0.7726E-16  0.2406E-16  0.2160E-16  0.1717E-16  0.3765E-16  0.2238E-16  0.4079E-16  0.2605E-17  0.1020E-17  0.8314E-17  0.7854E-18  0.1077E-19  0.1714E-16  0.5774E-13  0.5811E-15  0.2524E-15  0.1161E-15  0.6132E-16  0.3232E-15  0.7268E-16  0.1787E-15  0.3279E-15  0.6784E-15  0.7751E-18  0.5087E-19  0.6083E-17
         168   101.9       2.701      0.1236E-12  0.4706E-14  0.2628E-14  0.1758E-14  0.1080E-14  0.8282E-15  0.6126E-15  0.2989E-15  0.1178E-15  0.2640E-16  0.6983E-17  0.9165E-17  0.3425E-16  0.1314E-15  0.8580E-16  0.2679E-16  0.2413E-16  0.1921E-16  0.4231E-16  0.2506E-16  0.4734E-16  0.2944E-17  0.1209E-17  0.1005E-16  0.9954E-18  0.1453E-19  0.1823E-16  0.5876E-13  0.6076E-15  0.2645E-15  0.1233E-15  0.6556E-16  0.3412E-15  0.7700E-16  0.1917E-15  0.3544E-15  0.7503E-15  0.8898E-18  0.6306E-19  0.7246E-17
         169   104.7       2.806      0.1257E-12  0.4714E-14  0.2635E-14  0.1763E-14  0.1090E-14  0.8394E-15  0.6257E-15  0.3074E-15  0.1220E-15  0.2751E-16  0.7302E-17  0.1009E-16  0.3786E-16  0.1448E-15  0.9533E-16  0.2983E-16  0.2696E-16  0.2149E-16  0.4756E-16  0.2807E-16  0.5488E-16  0.3324E-17  0.1431E-17  0.1213E-16  0.1259E-17  0.1956E-19  0.1940E-16  0.5988E-13  0.6364E-15  0.2776E-15  0.1311E-15  0.7016E-16  0.3606E-15  0.8164E-16  0.2056E-15  0.3832E-15  0.8300E-15  0.1022E-17  0.7805E-19  0.8628E-17
         170   107.7       2.906      0.1275E-12  0.4712E-14  0.2636E-14  0.1764E-14  0.1097E-14  0.8482E-15  0.6369E-15  0.3149E-15  0.1258E-15  0.2851E-16  0.7587E-17  0.1103E-16  0.4156E-16  0.1585E-15  0.1052E-15  0.3299E-16  0.2991E-16  0.2387E-16  0.5308E-16  0.3119E-16  0.6308E-16  0.3722E-17  0.1679E-17  0.1451E-16  0.1577E-17  0.2598E-19  0.2051E-16  0.6095E-13  0.6646E-15  0.2904E-15  0.1388E-15  0.7466E-16  0.3789E-15  0.8603E-16  0.2191E-15  0.4114E-15  0.9115E-15  0.1164E-17  0.9564E-19  0.1019E-16
         171   110.7       3.009      0.1294E-12  0.4704E-14  0.2633E-14  0.1763E-14  0.1102E-14  0.8557E-15  0.6471E-15  0.3219E-15  0.1294E-15  0.2946E-16  0.7862E-17  0.1203E-16  0.4549E-16  0.1730E-15  0.1157E-15  0.3636E-16  0.3308E-16  0.2643E-16  0.5905E-16  0.3455E-16  0.7219E-16  0.4152E-17  0.1961E-17  0.1728E-16  0.1962E-17  0.3424E-19  0.2161E-16  0.6204E-13  0.6934E-15  0.3036E-15  0.1467E-15  0.7928E-16  0.3973E-15  0.9044E-16  0.2328E-15  0.4404E-15  0.9978E-15  0.1322E-17  0.1166E-18  0.1199E-16
         172   113.8       3.112      0.1312E-12  0.4692E-14  0.2628E-14  0.1760E-14  0.1106E-14  0.8619E-15  0.6562E-15  0.3283E-15  0.1328E-15  0.3037E-16  0.8125E-17  0.1308E-16  0.4964E-16  0.1882E-15  0.1269E-15  0.3995E-16  0.3646E-16  0.2916E-16  0.6548E-16  0.3813E-16  0.8227E-16  0.4612E-17  0.2281E-17  0.2049E-16  0.2428E-17  0.4481E-19  0.2270E-16  0.6316E-13  0.7228E-15  0.3170E-15  0.1547E-15  0.8399E-16  0.4158E-15  0.9486E-16  0.2466E-15  0.4702E-15  0.1089E-14  0.1496E-17  0.1413E-18  0.1404E-16
         173   117.0       3.217      0.1330E-12  0.4675E-14  0.2620E-14  0.1754E-14  0.1109E-14  0.8668E-15  0.6642E-15  0.3342E-15  0.1359E-15  0.3123E-16  0.8376E-17  0.1418E-16  0.5401E-16  0.2041E-15  0.1388E-15  0.4377E-16  0.4007E-16  0.3207E-16  0.7241E-16  0.4196E-16  0.9336E-16  0.5105E-17  0.2643E-17  0.2420E-16  0.2989E-17  0.5825E-19  0.2379E-16  0.6429E-13  0.7527E-15  0.3307E-15  0.1629E-15  0.8880E-16  0.4342E-15  0.9927E-16  0.2606E-15  0.5005E-15  0.1185E-14  0.1688E-17  0.1705E-18  0.1640E-16
         174   120.3       3.324      0.1347E-12  0.4654E-14  0.2609E-14  0.1747E-14  0.1109E-14  0.8705E-15  0.6711E-15  0.3396E-15  0.1388E-15  0.3204E-16  0.8613E-17  0.1534E-16  0.5862E-16  0.2208E-15  0.1514E-15  0.4781E-16  0.4391E-16  0.3517E-16  0.7984E-16  0.4601E-16  0.1055E-15  0.5629E-17  0.3050E-17  0.2846E-16  0.3661E-17  0.7519E-19  0.2486E-16  0.6543E-13  0.7830E-15  0.3445E-15  0.1713E-15  0.9367E-16  0.4525E-15  0.1037E-15  0.2747E-15  0.5314E-15  0.1286E-14  0.1899E-17  0.2046E-18  0.1907E-16
         175   123.6       3.430      0.1364E-12  0.4628E-14  0.2595E-14  0.1738E-14  0.1109E-14  0.8730E-15  0.6770E-15  0.3444E-15  0.1415E-15  0.3280E-16  0.8836E-17  0.1655E-16  0.6346E-16  0.2381E-15  0.1648E-15  0.5208E-16  0.4798E-16  0.3846E-16  0.8779E-16  0.5031E-16  0.1188E-15  0.6185E-17  0.3506E-17  0.3333E-16  0.4460E-17  0.9644E-19  0.2591E-16  0.6659E-13  0.8135E-15  0.3585E-15  0.1797E-15  0.9860E-16  0.4707E-15  0.1080E-15  0.2888E-15  0.5628E-15  0.1391E-14  0.2130E-17  0.2445E-18  0.2211E-16
         176   127.1       3.538      0.1381E-12  0.4599E-14  0.2579E-14  0.1727E-14  0.1107E-14  0.8743E-15  0.6819E-15  0.3486E-15  0.1439E-15  0.3350E-16  0.9045E-17  0.1781E-16  0.6852E-16  0.2562E-15  0.1788E-15  0.5659E-16  0.5228E-16  0.4194E-16  0.9627E-16  0.5485E-16  0.1333E-15  0.6774E-17  0.4015E-17  0.3889E-16  0.5407E-17  0.1229E-18  0.2694E-16  0.6776E-13  0.8443E-15  0.3725E-15  0.1882E-15  0.1036E-15  0.4887E-15  0.1123E-15  0.3029E-15  0.5946E-15  0.1502E-14  0.2382E-17  0.2908E-18  0.2554E-16
         177   130.7       3.640      0.1396E-12  0.4560E-14  0.2558E-14  0.1711E-14  0.1101E-14  0.8722E-15  0.6838E-15  0.3512E-15  0.1457E-15  0.3405E-16  0.9211E-17  0.1908E-16  0.7365E-16  0.2743E-15  0.1932E-15  0.6119E-16  0.5669E-16  0.4550E-16  0.1051E-15  0.5950E-16  0.1486E-15  0.7378E-17  0.4571E-17  0.4512E-16  0.6514E-17  0.1555E-18  0.2789E-16  0.6889E-13  0.8739E-15  0.3860E-15  0.1964E-15  0.1083E-15  0.5054E-15  0.1163E-15  0.3162E-15  0.6254E-15  0.1613E-14  0.2651E-17  0.3437E-18  0.2935E-16
         178   134.4       3.749      0.1413E-12  0.4524E-14  0.2538E-14  0.1698E-14  0.1097E-14  0.8715E-15  0.6868E-15  0.3543E-15  0.1476E-15  0.3464E-16  0.9391E-17  0.2045E-16  0.7916E-16  0.2936E-15  0.2087E-15  0.6616E-16  0.6146E-16  0.4936E-16  0.1147E-15  0.6451E-16  0.1656E-15  0.8031E-17  0.5198E-17  0.5227E-16  0.7826E-17  0.1958E-18  0.2887E-16  0.7008E-13  0.9049E-15  0.4002E-15  0.2051E-15  0.1134E-15  0.5230E-15  0.1205E-15  0.3303E-15  0.6578E-15  0.1733E-14  0.2950E-17  0.4053E-18  0.3371E-16
         179   138.1       3.858      0.1428E-12  0.4486E-14  0.2516E-14  0.1683E-14  0.1092E-14  0.8698E-15  0.6888E-15  0.3570E-15  0.1494E-15  0.3518E-16  0.9555E-17  0.2187E-16  0.8491E-16  0.3137E-15  0.2250E-15  0.7137E-16  0.6648E-16  0.5340E-16  0.1249E-15  0.6977E-16  0.1838E-15  0.8714E-17  0.5892E-17  0.6034E-16  0.9361E-17  0.2452E-18  0.2983E-16  0.7128E-13  0.9358E-15  0.4144E-15  0.2137E-15  0.1184E-15  0.5403E-15  0.1247E-15  0.3442E-15  0.6904E-15  0.1857E-14  0.3275E-17  0.4761E-18  0.3859E-16
         180   142.0       3.967      0.1444E-12  0.4444E-14  0.2492E-14  0.1666E-14  0.1085E-14  0.8671E-15  0.6900E-15  0.3591E-15  0.1509E-15  0.3567E-16  0.9704E-17  0.2334E-16  0.9088E-16  0.3343E-15  0.2421E-15  0.7682E-16  0.7173E-16  0.5764E-16  0.1357E-15  0.7526E-16  0.2034E-15  0.9431E-17  0.6656E-17  0.6944E-16  0.1115E-16  0.3054E-18  0.3076E-16  0.7248E-13  0.9666E-15  0.4285E-15  0.2223E-15  0.1234E-15  0.5572E-15  0.1288E-15  0.3580E-15  0.7231E-15  0.1986E-14  0.3627E-17  0.5571E-18  0.4406E-16
         181   146.0       4.077      0.1459E-12  0.4401E-14  0.2467E-14  0.1649E-14  0.1078E-14  0.8636E-15  0.6903E-15  0.3608E-15  0.1522E-15  0.3610E-16  0.9837E-17  0.2485E-16  0.9708E-16  0.3555E-15  0.2599E-15  0.8250E-16  0.7721E-16  0.6207E-16  0.1471E-15  0.8100E-16  0.2244E-15  0.1018E-16  0.7495E-17  0.7965E-16  0.1323E-16  0.3783E-18  0.3165E-16  0.7370E-13  0.9972E-15  0.4425E-15  0.2309E-15  0.1283E-15  0.5739E-15  0.1328E-15  0.3717E-15  0.7559E-15  0.2119E-14  0.4008E-17  0.6493E-18  0.5017E-16
         182   150.1       4.187      0.1474E-12  0.4354E-14  0.2440E-14  0.1631E-14  0.1070E-14  0.8593E-15  0.6897E-15  0.3619E-15  0.1533E-15  0.3647E-16  0.9956E-17  0.2642E-16  0.1035E-15  0.3774E-15  0.2785E-15  0.8842E-16  0.8294E-16  0.6669E-16  0.1591E-15  0.8696E-16  0.2469E-15  0.1096E-16  0.8415E-17  0.9108E-16  0.1563E-16  0.4662E-18  0.3250E-16  0.7492E-13  0.1028E-14  0.4564E-15  0.2395E-15  0.1333E-15  0.5902E-15  0.1367E-15  0.3852E-15  0.7887E-15  0.2257E-14  0.4420E-17  0.7542E-18  0.5697E-16
         183   154.3       4.296      0.1488E-12  0.4306E-14  0.2412E-14  0.1612E-14  0.1061E-14  0.8541E-15  0.6884E-15  0.3626E-15  0.1541E-15  0.3679E-16  0.1006E-16  0.2804E-16  0.1101E-15  0.3997E-15  0.2979E-15  0.9458E-16  0.8891E-16  0.7150E-16  0.1718E-15  0.9317E-16  0.2708E-15  0.1177E-16  0.9420E-17  0.1038E-15  0.1840E-16  0.5716E-18  0.3332E-16  0.7614E-13  0.1058E-14  0.4701E-15  0.2480E-15  0.1382E-15  0.6061E-15  0.1405E-15  0.3985E-15  0.8214E-15  0.2400E-14  0.4863E-17  0.8729E-18  0.6454E-16
         184   158.6       4.410      0.1503E-12  0.4263E-14  0.2387E-14  0.1595E-14  0.1053E-14  0.8500E-15  0.6874E-15  0.3633E-15  0.1550E-15  0.3711E-16  0.1016E-16  0.2974E-16  0.1171E-15  0.4230E-15  0.3184E-15  0.1011E-15  0.9520E-16  0.7657E-16  0.1853E-15  0.9968E-16  0.2964E-15  0.1262E-16  0.1052E-16  0.1182E-15  0.2161E-16  0.6987E-18  0.3414E-16  0.7741E-13  0.1088E-14  0.4841E-15  0.2566E-15  0.1431E-15  0.6223E-15  0.1444E-15  0.4120E-15  0.8549E-15  0.2549E-14  0.5346E-17  0.1008E-17  0.7302E-16
         185   163.1       4.520      0.1517E-12  0.4211E-14  0.2357E-14  0.1574E-14  0.1043E-14  0.8434E-15  0.6846E-15  0.3632E-15  0.1554E-15  0.3733E-16  0.1023E-16  0.3146E-16  0.1242E-15  0.4465E-15  0.3393E-15  0.1077E-15  0.1016E-15  0.8175E-16  0.1993E-15  0.1063E-15  0.3232E-15  0.1349E-16  0.1171E-16  0.1339E-15  0.2525E-16  0.8486E-18  0.3488E-16  0.7863E-13  0.1117E-14  0.4975E-15  0.2649E-15  0.1479E-15  0.6374E-15  0.1481E-15  0.4248E-15  0.8873E-15  0.2700E-14  0.5860E-17  0.1159E-17  0.8232E-16
         186   167.7       4.629      0.1530E-12  0.4158E-14  0.2325E-14  0.1553E-14  0.1031E-14  0.8362E-15  0.6812E-15  0.3626E-15  0.1557E-15  0.3750E-16  0.1029E-16  0.3322E-16  0.1315E-15  0.4704E-15  0.3610E-15  0.1146E-15  0.1083E-15  0.8711E-16  0.2139E-15  0.1132E-15  0.3516E-15  0.1440E-16  0.1300E-16  0.1514E-15  0.2941E-16  0.1026E-17  0.3559E-16  0.7987E-13  0.1146E-14  0.5106E-15  0.2730E-15  0.1526E-15  0.6521E-15  0.1516E-15  0.4373E-15  0.9195E-15  0.2855E-14  0.6411E-17  0.1328E-17  0.9261E-16
         187   172.4       4.740      0.1543E-12  0.4104E-14  0.2293E-14  0.1531E-14  0.1020E-14  0.8285E-15  0.6772E-15  0.3616E-15  0.1557E-15  0.3762E-16  0.1034E-16  0.3503E-16  0.1390E-15  0.4948E-15  0.3834E-15  0.1217E-15  0.1152E-15  0.9265E-16  0.2293E-15  0.1203E-15  0.3815E-15  0.1532E-16  0.1439E-16  0.1708E-15  0.3415E-16  0.1235E-17  0.3625E-16  0.8110E-13  0.1174E-14  0.5235E-15  0.2811E-15  0.1572E-15  0.6664E-15  0.1551E-15  0.4496E-15  0.9515E-15  0.3015E-14  0.7003E-17  0.1518E-17  0.1040E-15
         188   177.2       4.850      0.1556E-12  0.4049E-14  0.2261E-14  0.1508E-14  0.1007E-14  0.8202E-15  0.6727E-15  0.3603E-15  0.1556E-15  0.3770E-16  0.1038E-16  0.3689E-16  0.1467E-15  0.5196E-15  0.4067E-15  0.1290E-15  0.1223E-15  0.9837E-16  0.2454E-15  0.1276E-15  0.4130E-15  0.1628E-16  0.1590E-16  0.1921E-15  0.3952E-16  0.1481E-17  0.3688E-16  0.8234E-13  0.1201E-14  0.5362E-15  0.2890E-15  0.1617E-15  0.6803E-15  0.1585E-15  0.4616E-15  0.9831E-15  0.3179E-14  0.7637E-17  0.1730E-17  0.1165E-15
         189   182.2       4.960      0.1568E-12  0.3993E-14  0.2228E-14  0.1485E-14  0.9948E-15  0.8115E-15  0.6676E-15  0.3587E-15  0.1554E-15  0.3773E-16  0.1040E-16  0.3879E-16  0.1547E-15  0.5448E-15  0.4307E-15  0.1366E-15  0.1297E-15  0.1043E-15  0.2622E-15  0.1351E-15  0.4460E-15  0.1727E-16  0.1751E-16  0.2155E-15  0.4559E-16  0.1769E-17  0.3746E-16  0.8358E-13  0.1228E-14  0.5485E-15  0.2967E-15  0.1661E-15  0.6938E-15  0.1617E-15  0.4734E-15  0.1014E-14  0.3347E-14  0.8316E-17  0.1965E-17  0.1302E-15
         190   187.3       5.071      0.1580E-12  0.3936E-14  0.2194E-14  0.1462E-14  0.9818E-15  0.8024E-15  0.6621E-15  0.3567E-15  0.1549E-15  0.3773E-16  0.1041E-16  0.4074E-16  0.1628E-15  0.5705E-15  0.4554E-15  0.1443E-15  0.1372E-15  0.1103E-15  0.2797E-15  0.1428E-15  0.4806E-15  0.1828E-16  0.1925E-16  0.2413E-15  0.5245E-16  0.2104E-17  0.3801E-16  0.8482E-13  0.1254E-14  0.5606E-15  0.3042E-15  0.1704E-15  0.7068E-15  0.1649E-15  0.4848E-15  0.1045E-14  0.3519E-14  0.9041E-17  0.2227E-17  0.1453E-15
         191   192.6       5.180      0.1592E-12  0.3876E-14  0.2158E-14  0.1437E-14  0.9668E-15  0.7916E-15  0.6552E-15  0.3542E-15  0.1543E-15  0.3766E-16  0.1040E-16  0.4272E-16  0.1711E-15  0.5964E-15  0.4809E-15  0.1523E-15  0.1450E-15  0.1165E-15  0.2979E-15  0.1507E-15  0.5166E-15  0.1932E-16  0.2110E-16  0.2695E-15  0.6017E-16  0.2495E-17  0.3851E-16  0.8606E-13  0.1280E-14  0.5722E-15  0.3116E-15  0.1746E-15  0.7192E-15  0.1679E-15  0.4958E-15  0.1076E-14  0.3695E-14  0.9814E-17  0.2517E-17  0.1619E-15
         192   198.0       5.292      0.1604E-12  0.3819E-14  0.2124E-14  0.1414E-14  0.9533E-15  0.7819E-15  0.6489E-15  0.3518E-15  0.1536E-15  0.3758E-16  0.1039E-16  0.4476E-16  0.1797E-15  0.6228E-15  0.5071E-15  0.1606E-15  0.1529E-15  0.1229E-15  0.3169E-15  0.1588E-15  0.5543E-15  0.2039E-16  0.2309E-16  0.3003E-15  0.6882E-16  0.2946E-17  0.3897E-16  0.8731E-13  0.1305E-14  0.5836E-15  0.3187E-15  0.1786E-15  0.7315E-15  0.1709E-15  0.5066E-15  0.1106E-14  0.3875E-14  0.1064E-16  0.2838E-17  0.1800E-15
         193   203.5       5.403      0.1615E-12  0.3762E-14  0.2089E-14  0.1391E-14  0.9395E-15  0.7719E-15  0.6422E-15  0.3490E-15  0.1528E-15  0.3747E-16  0.1037E-16  0.4684E-16  0.1884E-15  0.6496E-15  0.5341E-15  0.1690E-15  0.1611E-15  0.1294E-15  0.3367E-15  0.1671E-15  0.5935E-15  0.2148E-16  0.2520E-16  0.3340E-15  0.7852E-16  0.3466E-17  0.3940E-16  0.8857E-13  0.1329E-14  0.5946E-15  0.3257E-15  0.1826E-15  0.7433E-15  0.1738E-15  0.5170E-15  0.1136E-14  0.4059E-14  0.1152E-16  0.3193E-17  0.1999E-15
         194   209.2       5.516      0.1627E-12  0.3705E-14  0.2055E-14  0.1367E-14  0.9255E-15  0.7616E-15  0.6353E-15  0.3461E-15  0.1519E-15  0.3732E-16  0.1034E-16  0.4896E-16  0.1973E-15  0.6766E-15  0.5618E-15  0.1777E-15  0.1695E-15  0.1361E-15  0.3572E-15  0.1756E-15  0.6343E-15  0.2260E-16  0.2746E-16  0.3708E-15  0.8936E-16  0.4064E-17  0.3979E-16  0.8983E-13  0.1352E-14  0.6053E-15  0.3325E-15  0.1864E-15  0.7547E-15  0.1766E-15  0.5271E-15  0.1165E-14  0.4248E-14  0.1246E-16  0.3583E-17  0.2215E-15
         195   215.1       5.629      0.1638E-12  0.3648E-14  0.2020E-14  0.1344E-14  0.9114E-15  0.7511E-15  0.6279E-15  0.3429E-15  0.1508E-15  0.3714E-16  0.1030E-16  0.5112E-16  0.2065E-15  0.7040E-15  0.5903E-15  0.1866E-15  0.1781E-15  0.1429E-15  0.3785E-15  0.1842E-15  0.6765E-15  0.2375E-16  0.2985E-16  0.4107E-15  0.1014E-15  0.4749E-17  0.4015E-16  0.9109E-13  0.1374E-14  0.6156E-15  0.3390E-15  0.1901E-15  0.7657E-15  0.1793E-15  0.5369E-15  0.1193E-14  0.4441E-14  0.1346E-16  0.4012E-17  0.2452E-15
         196   221.2       5.742      0.1649E-12  0.3592E-14  0.1986E-14  0.1320E-14  0.8971E-15  0.7404E-15  0.6204E-15  0.3396E-15  0.1497E-15  0.3694E-16  0.1025E-16  0.5332E-16  0.2158E-15  0.7316E-15  0.6194E-15  0.1957E-15  0.1868E-15  0.1499E-15  0.4006E-15  0.1930E-15  0.7203E-15  0.2492E-16  0.3239E-16  0.4541E-15  0.1149E-15  0.5533E-17  0.4046E-16  0.9236E-13  0.1395E-14  0.6256E-15  0.3453E-15  0.1936E-15  0.7764E-15  0.1820E-15  0.5464E-15  0.1222E-14  0.4637E-14  0.1452E-16  0.4482E-17  0.2709E-15
         197   227.4       5.857      0.1660E-12  0.3535E-14  0.1951E-14  0.1297E-14  0.8826E-15  0.7296E-15  0.6126E-15  0.3360E-15  0.1484E-15  0.3670E-16  0.1020E-16  0.5556E-16  0.2253E-15  0.7595E-15  0.6492E-15  0.2050E-15  0.1958E-15  0.1570E-15  0.4234E-15  0.2019E-15  0.7655E-15  0.2611E-16  0.3507E-16  0.5011E-15  0.1298E-15  0.6425E-17  0.4074E-16  0.9364E-13  0.1416E-14  0.6351E-15  0.3514E-15  0.1970E-15  0.7866E-15  0.1845E-15  0.5555E-15  0.1249E-14  0.4838E-14  0.1565E-16  0.4997E-17  0.2990E-15
         198   233.7       5.972      0.1671E-12  0.3478E-14  0.1916E-14  0.1273E-14  0.8676E-15  0.7183E-15  0.6041E-15  0.3319E-15  0.1467E-15  0.3641E-16  0.1014E-16  0.5785E-16  0.2350E-15  0.7877E-15  0.6798E-15  0.2146E-15  0.2049E-15  0.1642E-15  0.4471E-15  0.2111E-15  0.8122E-15  0.2733E-16  0.3791E-16  0.5520E-15  0.1463E-15  0.7441E-17  0.4100E-16  0.9493E-13  0.1436E-14  0.6444E-15  0.3574E-15  0.2003E-15  0.7967E-15  0.1870E-15  0.5644E-15  0.1277E-14  0.5043E-14  0.1685E-16  0.5560E-17  0.3295E-15
         199   240.3       6.089      0.1682E-12  0.3422E-14  0.1881E-14  0.1249E-14  0.8530E-15  0.7072E-15  0.5959E-15  0.3280E-15  0.1453E-15  0.3613E-16  0.1007E-16  0.6017E-16  0.2448E-15  0.8161E-15  0.7109E-15  0.2243E-15  0.2142E-15  0.1715E-15  0.4715E-15  0.2203E-15  0.8602E-15  0.2858E-16  0.4089E-16  0.6069E-15  0.1646E-15  0.8591E-17  0.4121E-16  0.9622E-13  0.1455E-14  0.6532E-15  0.3630E-15  0.2034E-15  0.8062E-15  0.1894E-15  0.5729E-15  0.1303E-14  0.5252E-14  0.1812E-16  0.6174E-17  0.3625E-15
         200   247.1       6.206      0.1692E-12  0.3367E-14  0.1847E-14  0.1226E-14  0.8385E-15  0.6960E-15  0.5876E-15  0.3241E-15  0.1438E-15  0.3583E-16  0.9991E-17  0.6252E-16  0.2549E-15  0.8446E-15  0.7426E-15  0.2342E-15  0.2236E-15  0.1790E-15  0.4967E-15  0.2297E-15  0.9096E-15  0.2984E-16  0.4403E-16  0.6662E-15  0.1847E-15  0.9889E-17  0.4139E-16  0.9751E-13  0.1473E-14  0.6615E-15  0.3683E-15  0.2064E-15  0.8154E-15  0.1917E-15  0.5809E-15  0.1329E-14  0.5464E-14  0.1946E-16  0.6842E-17  0.3984E-15
         201   254.0       6.325      0.1703E-12  0.3312E-14  0.1813E-14  0.1203E-14  0.8238E-15  0.6847E-15  0.5791E-15  0.3200E-15  0.1423E-15  0.3550E-16  0.9908E-17  0.6490E-16  0.2650E-15  0.8733E-15  0.7749E-15  0.2443E-15  0.2331E-15  0.1865E-15  0.5227E-15  0.2392E-15  0.9602E-15  0.3113E-16  0.4733E-16  0.7301E-15  0.2069E-15  0.1135E-16  0.4154E-16  0.9881E-13  0.1490E-14  0.6695E-15  0.3734E-15  0.2092E-15  0.8242E-15  0.1939E-15  0.5887E-15  0.1354E-14  0.5681E-14  0.2089E-16  0.7568E-17  0.4372E-15
         202   261.1       6.445      0.1713E-12  0.3258E-14  0.1779E-14  0.1180E-14  0.8093E-15  0.6734E-15  0.5705E-15  0.3158E-15  0.1406E-15  0.3516E-16  0.9820E-17  0.6731E-16  0.2754E-15  0.9021E-15  0.8078E-15  0.2546E-15  0.2428E-15  0.1941E-15  0.5495E-15  0.2488E-15  0.1012E-14  0.3245E-16  0.5078E-16  0.7987E-15  0.2312E-15  0.1300E-16  0.4165E-16  0.1001E-12  0.1506E-14  0.6770E-15  0.3783E-15  0.2119E-15  0.8326E-15  0.1960E-15  0.5961E-15  0.1379E-14  0.5901E-14  0.2240E-16  0.8357E-17  0.4793E-15
         203   268.4       6.566      0.1724E-12  0.3205E-14  0.1746E-14  0.1158E-14  0.7947E-15  0.6620E-15  0.5618E-15  0.3115E-15  0.1390E-15  0.3480E-16  0.9726E-17  0.6976E-16  0.2858E-15  0.9311E-15  0.8412E-15  0.2650E-15  0.2526E-15  0.2018E-15  0.5771E-15  0.2586E-15  0.1065E-14  0.3378E-16  0.5439E-16  0.8724E-15  0.2579E-15  0.1484E-16  0.4173E-16  0.1014E-12  0.1522E-14  0.6841E-15  0.3829E-15  0.2144E-15  0.8407E-15  0.1981E-15  0.6031E-15  0.1403E-14  0.6126E-14  0.2400E-16  0.9211E-17  0.5247E-15
         204   276.0       6.688      0.1734E-12  0.3152E-14  0.1713E-14  0.1136E-14  0.7808E-15  0.6510E-15  0.5534E-15  0.3075E-15  0.1374E-15  0.3445E-16  0.9622E-17  0.7222E-16  0.2964E-15  0.9600E-15  0.8750E-15  0.2755E-15  0.2625E-15  0.2096E-15  0.6054E-15  0.2684E-15  0.1119E-14  0.3513E-16  0.5816E-16  0.9514E-15  0.2872E-15  0.1691E-16  0.4178E-16  0.1027E-12  0.1536E-14  0.6906E-15  0.3872E-15  0.2167E-15  0.8483E-15  0.2001E-15  0.6098E-15  0.1426E-14  0.6353E-14  0.2569E-16  0.1014E-16  0.5738E-15
         205   283.7       6.812      0.1745E-12  0.3100E-14  0.1680E-14  0.1113E-14  0.7663E-15  0.6396E-15  0.5445E-15  0.3030E-15  0.1356E-15  0.3406E-16  0.9519E-17  0.7472E-16  0.3071E-15  0.9892E-15  0.9094E-15  0.2863E-15  0.2726E-15  0.2174E-15  0.6345E-15  0.2783E-15  0.1175E-14  0.3651E-16  0.6209E-16  0.1036E-14  0.3192E-15  0.1921E-16  0.4180E-16  0.1041E-12  0.1549E-14  0.6969E-15  0.3912E-15  0.2189E-15  0.8558E-15  0.2020E-15  0.6161E-15  0.1448E-14  0.6586E-14  0.2748E-16  0.1113E-16  0.6267E-15
         206   291.7       6.938      0.1755E-12  0.3049E-14  0.1647E-14  0.1091E-14  0.7519E-15  0.6282E-15  0.5355E-15  0.2985E-15  0.1338E-15  0.3365E-16  0.9412E-17  0.7724E-16  0.3180E-15  0.1018E-14  0.9442E-15  0.2972E-15  0.2827E-15  0.2253E-15  0.6643E-15  0.2883E-15  0.1231E-14  0.3791E-16  0.6618E-16  0.1126E-14  0.3541E-15  0.2177E-16  0.4179E-16  0.1054E-12  0.1561E-14  0.7027E-15  0.3950E-15  0.2209E-15  0.8629E-15  0.2038E-15  0.6222E-15  0.1470E-14  0.6822E-14  0.2937E-16  0.1221E-16  0.6837E-15
         207   299.9       7.067      0.1766E-12  0.2999E-14  0.1615E-14  0.1069E-14  0.7376E-15  0.6169E-15  0.5266E-15  0.2939E-15  0.1319E-15  0.3324E-16  0.9302E-17  0.7979E-16  0.3290E-15  0.1048E-14  0.9794E-15  0.3082E-15  0.2929E-15  0.2333E-15  0.6949E-15  0.2984E-15  0.1288E-14  0.3932E-16  0.7043E-16  0.1223E-14  0.3922E-15  0.2462E-16  0.4176E-16  0.1068E-12  0.1573E-14  0.7081E-15  0.3986E-15  0.2228E-15  0.8697E-15  0.2056E-15  0.6279E-15  0.1491E-14  0.7062E-14  0.3137E-16  0.1337E-16  0.7451E-15
         208   308.3       7.197      0.1776E-12  0.2949E-14  0.1582E-14  0.1048E-14  0.7234E-15  0.6055E-15  0.5175E-15  0.2893E-15  0.1300E-15  0.3281E-16  0.9188E-17  0.8236E-16  0.3400E-15  0.1077E-14  0.1015E-14  0.3194E-15  0.3032E-15  0.2413E-15  0.7263E-15  0.3085E-15  0.1346E-14  0.4076E-16  0.7483E-16  0.1326E-14  0.4335E-15  0.2777E-16  0.4170E-16  0.1081E-12  0.1583E-14  0.7131E-15  0.4019E-15  0.2245E-15  0.8762E-15  0.2073E-15  0.6332E-15  0.1512E-14  0.7306E-14  0.3347E-16  0.1462E-16  0.8111E-15
         209   317.0       7.329      0.1787E-12  0.2900E-14  0.1550E-14  0.1026E-14  0.7092E-15  0.5942E-15  0.5085E-15  0.2846E-15  0.1281E-15  0.3237E-16  0.9071E-17  0.8494E-16  0.3512E-15  0.1106E-14  0.1051E-14  0.3306E-15  0.3135E-15  0.2493E-15  0.7583E-15  0.3187E-15  0.1405E-14  0.4221E-16  0.7939E-16  0.1435E-14  0.4785E-15  0.3126E-16  0.4162E-16  0.1095E-12  0.1593E-14  0.7177E-15  0.4049E-15  0.2261E-15  0.8824E-15  0.2090E-15  0.6383E-15  0.1532E-14  0.7553E-14  0.3569E-16  0.1596E-16  0.8821E-15
         210   325.9       7.464      0.1798E-12  0.2851E-14  0.1518E-14  0.1004E-14  0.6947E-15  0.5825E-15  0.4989E-15  0.2797E-15  0.1260E-15  0.3190E-16  0.8954E-17  0.8757E-16  0.3625E-15  0.1135E-14  0.1087E-14  0.3421E-15  0.3240E-15  0.2574E-15  0.7913E-15  0.3290E-15  0.1465E-14  0.4370E-16  0.8412E-16  0.1552E-14  0.5274E-15  0.3513E-16  0.4153E-16  0.1109E-12  0.1602E-14  0.7221E-15  0.4077E-15  0.2276E-15  0.8885E-15  0.2106E-15  0.6432E-15  0.1551E-14  0.7807E-14  0.3805E-16  0.1740E-16  0.9586E-15
         211   335.0       7.600      0.1808E-12  0.2803E-14  0.1486E-14  0.9829E-15  0.6808E-15  0.5713E-15  0.4899E-15  0.2750E-15  0.1241E-15  0.3145E-16  0.8832E-17  0.9018E-16  0.3739E-15  0.1165E-14  0.1124E-14  0.3535E-15  0.3345E-15  0.2654E-15  0.8248E-15  0.3392E-15  0.1526E-14  0.4519E-16  0.8898E-16  0.1676E-14  0.5802E-15  0.3937E-16  0.4140E-16  0.1123E-12  0.1610E-14  0.7258E-15  0.4102E-15  0.2288E-15  0.8941E-15  0.2121E-15  0.6475E-15  0.1570E-14  0.8063E-14  0.4051E-16  0.1894E-16  0.1040E-14
         212   344.4       7.739      0.1819E-12  0.2757E-14  0.1456E-14  0.9622E-15  0.6670E-15  0.5602E-15  0.4809E-15  0.2702E-15  0.1221E-15  0.3099E-16  0.8707E-17  0.9281E-16  0.3852E-15  0.1194E-14  0.1160E-14  0.3651E-15  0.3449E-15  0.2735E-15  0.8590E-15  0.3495E-15  0.1587E-14  0.4669E-16  0.9399E-16  0.1807E-14  0.6372E-15  0.4404E-16  0.4124E-16  0.1137E-12  0.1617E-14  0.7291E-15  0.4124E-15  0.2299E-15  0.8994E-15  0.2136E-15  0.6516E-15  0.1587E-14  0.8322E-14  0.4311E-16  0.2058E-16  0.1128E-14
         213   354.1       7.881      0.1829E-12  0.2712E-14  0.1425E-14  0.9417E-15  0.6533E-15  0.5491E-15  0.4719E-15  0.2655E-15  0.1201E-15  0.3052E-16  0.8580E-17  0.9544E-16  0.3967E-15  0.1222E-14  0.1197E-14  0.3767E-15  0.3554E-15  0.2815E-15  0.8938E-15  0.3598E-15  0.1648E-14  0.4821E-16  0.9914E-16  0.1946E-14  0.6988E-15  0.4915E-16  0.4107E-16  0.1151E-12  0.1623E-14  0.7319E-15  0.4144E-15  0.2309E-15  0.9044E-15  0.2150E-15  0.6553E-15  0.1604E-14  0.8585E-14  0.4585E-16  0.2234E-16  0.1222E-14
         214   364.0       8.025      0.1840E-12  0.2667E-14  0.1395E-14  0.9215E-15  0.6397E-15  0.5381E-15  0.4629E-15  0.2607E-15  0.1180E-15  0.3005E-16  0.8452E-17  0.9808E-16  0.4081E-15  0.1251E-14  0.1234E-14  0.3884E-15  0.3658E-15  0.2895E-15  0.9293E-15  0.3701E-15  0.1710E-14  0.4974E-16  0.1044E-15  0.2094E-14  0.7652E-15  0.5476E-16  0.4087E-16  0.1165E-12  0.1628E-14  0.7344E-15  0.4160E-15  0.2317E-15  0.9091E-15  0.2163E-15  0.6587E-15  0.1620E-14  0.8851E-14  0.4873E-16  0.2422E-16  0.1322E-14
         215   374.2       8.171      0.1851E-12  0.2624E-14  0.1365E-14  0.9015E-15  0.6262E-15  0.5273E-15  0.4538E-15  0.2559E-15  0.1159E-15  0.2957E-16  0.8322E-17  0.1007E-15  0.4196E-15  0.1280E-14  0.1270E-14  0.4001E-15  0.3763E-15  0.2974E-15  0.9653E-15  0.3804E-15  0.1772E-14  0.5129E-16  0.1098E-15  0.2249E-14  0.8367E-15  0.6088E-16  0.4066E-16  0.1179E-12  0.1632E-14  0.7365E-15  0.4175E-15  0.2324E-15  0.9136E-15  0.2176E-15  0.6618E-15  0.1636E-14  0.9121E-14  0.5175E-16  0.2621E-16  0.1429E-14
         216   384.7       8.321      0.1862E-12  0.2581E-14  0.1335E-14  0.8818E-15  0.6129E-15  0.5165E-15  0.4449E-15  0.2511E-15  0.1139E-15  0.2909E-16  0.8190E-17  0.1034E-15  0.4312E-15  0.1308E-14  0.1307E-14  0.4118E-15  0.3867E-15  0.3054E-15  0.1002E-14  0.3906E-15  0.1834E-14  0.5285E-16  0.1154E-15  0.2413E-14  0.9136E-15  0.6756E-16  0.4042E-16  0.1194E-12  0.1635E-14  0.7382E-15  0.4187E-15  0.2329E-15  0.9178E-15  0.2188E-15  0.6646E-15  0.1651E-14  0.9395E-14  0.5494E-16  0.2834E-16  0.1543E-14
         217   395.5       8.473      0.1873E-12  0.2539E-14  0.1306E-14  0.8624E-15  0.5998E-15  0.5058E-15  0.4360E-15  0.2464E-15  0.1118E-15  0.2861E-16  0.8058E-17  0.1060E-15  0.4427E-15  0.1336E-14  0.1344E-14  0.4236E-15  0.3971E-15  0.3132E-15  0.1039E-14  0.4009E-15  0.1896E-14  0.5442E-16  0.1210E-15  0.2586E-14  0.9961E-15  0.7484E-16  0.4017E-16  0.1208E-12  0.1637E-14  0.7394E-15  0.4196E-15  0.2332E-15  0.9217E-15  0.2199E-15  0.6670E-15  0.1664E-14  0.9673E-14  0.5829E-16  0.3060E-16  0.1665E-14
         218   406.6       8.629      0.1884E-12  0.2498E-14  0.1277E-14  0.8432E-15  0.5869E-15  0.4952E-15  0.4273E-15  0.2417E-15  0.1098E-15  0.2812E-16  0.7924E-17  0.1087E-15  0.4542E-15  0.1364E-14  0.1381E-14  0.4354E-15  0.4075E-15  0.3210E-15  0.1077E-14  0.4111E-15  0.1959E-14  0.5599E-16  0.1268E-15  0.2768E-14  0.1085E-14  0.8275E-16  0.3990E-16  0.1223E-12  0.1638E-14  0.7402E-15  0.4202E-15  0.2335E-15  0.9253E-15  0.2210E-15  0.6692E-15  0.1678E-14  0.9955E-14  0.6181E-16  0.3300E-16  0.1795E-14
         219   418.1       8.788      0.1895E-12  0.2458E-14  0.1249E-14  0.8243E-15  0.5741E-15  0.4847E-15  0.4185E-15  0.2370E-15  0.1078E-15  0.2763E-16  0.7790E-17  0.1113E-15  0.4657E-15  0.1392E-14  0.1417E-14  0.4471E-15  0.4178E-15  0.3288E-15  0.1115E-14  0.4212E-15  0.2022E-14  0.5758E-16  0.1327E-15  0.2960E-14  0.1179E-14  0.9134E-16  0.3961E-16  0.1238E-12  0.1639E-14  0.7407E-15  0.4206E-15  0.2335E-15  0.9287E-15  0.2221E-15  0.6710E-15  0.1690E-14  0.1024E-13  0.6550E-16  0.3555E-16  0.1934E-14
         220   429.8       8.950      0.1906E-12  0.2419E-14  0.1221E-14  0.8057E-15  0.5614E-15  0.4743E-15  0.4099E-15  0.2323E-15  0.1057E-15  0.2714E-16  0.7655E-17  0.1139E-15  0.4771E-15  0.1420E-14  0.1454E-14  0.4589E-15  0.4280E-15  0.3365E-15  0.1154E-14  0.4313E-15  0.2084E-14  0.5917E-16  0.1387E-15  0.3161E-14  0.1281E-14  0.1006E-15  0.3930E-16  0.1253E-12  0.1639E-14  0.7408E-15  0.4208E-15  0.2335E-15  0.9318E-15  0.2230E-15  0.6726E-15  0.1702E-14  0.1053E-13  0.6939E-16  0.3825E-16  0.2081E-14
         221   441.9       9.114      0.1918E-12  0.2382E-14  0.1195E-14  0.7882E-15  0.5495E-15  0.4644E-15  0.4016E-15  0.2278E-15  0.1038E-15  0.2666E-16  0.7515E-17  0.1165E-15  0.4885E-15  0.1447E-14  0.1489E-14  0.4706E-15  0.4382E-15  0.3440E-15  0.1193E-14  0.4413E-15  0.2146E-14  0.6077E-16  0.1448E-15  0.3372E-14  0.1389E-14  0.1107E-15  0.3898E-16  0.1268E-12  0.1637E-14  0.7404E-15  0.4206E-15  0.2332E-15  0.9345E-15  0.2239E-15  0.6737E-15  0.1713E-14  0.1082E-13  0.7346E-16  0.4110E-16  0.2238E-14
         222   454.3       9.284      0.1929E-12  0.2344E-14  0.1168E-14  0.7700E-15  0.5371E-15  0.4542E-15  0.3931E-15  0.2231E-15  0.1017E-15  0.2617E-16  0.7380E-17  0.1191E-15  0.4999E-15  0.1473E-14  0.1525E-14  0.4823E-15  0.4483E-15  0.3515E-15  0.1233E-14  0.4513E-15  0.2208E-14  0.6237E-16  0.1510E-15  0.3594E-14  0.1505E-14  0.1216E-15  0.3864E-16  0.1283E-12  0.1635E-14  0.7397E-15  0.4203E-15  0.2329E-15  0.9371E-15  0.2248E-15  0.6747E-15  0.1723E-14  0.1112E-13  0.7773E-16  0.4412E-16  0.2404E-14
         223   467.0       9.457      0.1941E-12  0.2308E-14  0.1141E-14  0.7522E-15  0.5249E-15  0.4442E-15  0.3846E-15  0.2185E-15  0.9970E-16  0.2568E-16  0.7245E-17  0.1217E-15  0.5112E-15  0.1500E-14  0.1561E-14  0.4939E-15  0.4582E-15  0.3589E-15  0.1273E-14  0.4612E-15  0.2269E-14  0.6397E-16  0.1572E-15  0.3826E-14  0.1628E-14  0.1333E-15  0.3830E-16  0.1298E-12  0.1632E-14  0.7386E-15  0.4197E-15  0.2324E-15  0.9395E-15  0.2256E-15  0.6754E-15  0.1732E-14  0.1141E-13  0.8222E-16  0.4730E-16  0.2581E-14
         224   480.1       9.634      0.1952E-12  0.2272E-14  0.1114E-14  0.7346E-15  0.5129E-15  0.4342E-15  0.3763E-15  0.2139E-15  0.9769E-16  0.2519E-16  0.7109E-17  0.1242E-15  0.5224E-15  0.1526E-14  0.1596E-14  0.5055E-15  0.4681E-15  0.3661E-15  0.1314E-14  0.4710E-15  0.2331E-14  0.6557E-16  0.1636E-15  0.4069E-14  0.1759E-14  0.1459E-15  0.3793E-16  0.1313E-12  0.1629E-14  0.7372E-15  0.4189E-15  0.2318E-15  0.9416E-15  0.2263E-15  0.6758E-15  0.1741E-14  0.1172E-13  0.8693E-16  0.5067E-16  0.2769E-14
         225   493.6       9.816      0.1964E-12  0.2236E-14  0.1088E-14  0.7173E-15  0.5011E-15  0.4244E-15  0.3680E-15  0.2094E-15  0.9570E-16  0.2470E-16  0.6974E-17  0.1268E-15  0.5335E-15  0.1552E-14  0.1630E-14  0.5170E-15  0.4778E-15  0.3733E-15  0.1355E-14  0.4807E-15  0.2391E-14  0.6717E-16  0.1700E-15  0.4323E-14  0.1899E-14  0.1595E-15  0.3756E-16  0.1329E-12  0.1624E-14  0.7354E-15  0.4179E-15  0.2311E-15  0.9434E-15  0.2270E-15  0.6759E-15  0.1749E-14  0.1202E-13  0.9186E-16  0.5422E-16  0.2967E-14
         226   507.5       9.999      0.1976E-12  0.2203E-14  0.1063E-14  0.7007E-15  0.4896E-15  0.4149E-15  0.3599E-15  0.2049E-15  0.9373E-16  0.2422E-16  0.6841E-17  0.1293E-15  0.5445E-15  0.1577E-14  0.1664E-14  0.5284E-15  0.4874E-15  0.3803E-15  0.1396E-14  0.4903E-15  0.2451E-14  0.6877E-16  0.1764E-15  0.4588E-14  0.2047E-14  0.1741E-15  0.3718E-16  0.1344E-12  0.1619E-14  0.7333E-15  0.4166E-15  0.2302E-15  0.9451E-15  0.2276E-15  0.6757E-15  0.1756E-14  0.1233E-13  0.9703E-16  0.5795E-16  0.3178E-14
         227   521.7       10.19      0.1988E-12  0.2169E-14  0.1038E-14  0.6840E-15  0.4781E-15  0.4053E-15  0.3518E-15  0.2005E-15  0.9176E-16  0.2373E-16  0.6706E-17  0.1317E-15  0.5554E-15  0.1602E-14  0.1698E-14  0.5396E-15  0.4969E-15  0.3871E-15  0.1437E-14  0.4997E-15  0.2510E-14  0.7036E-16  0.1829E-15  0.4865E-14  0.2204E-14  0.1897E-15  0.3678E-16  0.1360E-12  0.1613E-14  0.7308E-15  0.4151E-15  0.2293E-15  0.9464E-15  0.2282E-15  0.6753E-15  0.1763E-14  0.1265E-13  0.1024E-15  0.6188E-16  0.3400E-14
         228   536.4       10.38      0.2000E-12  0.2136E-14  0.1013E-14  0.6675E-15  0.4668E-15  0.3959E-15  0.3438E-15  0.1961E-15  0.8980E-16  0.2325E-16  0.6572E-17  0.1342E-15  0.5662E-15  0.1626E-14  0.1731E-14  0.5508E-15  0.5062E-15  0.3938E-15  0.1479E-14  0.5091E-15  0.2568E-14  0.7194E-16  0.1895E-15  0.5154E-14  0.2371E-14  0.2064E-15  0.3637E-16  0.1376E-12  0.1606E-14  0.7280E-15  0.4134E-15  0.2282E-15  0.9475E-15  0.2287E-15  0.6746E-15  0.1769E-14  0.1296E-13  0.1081E-15  0.6602E-16  0.3636E-14
         229   551.4       10.58      0.2013E-12  0.2104E-14  0.9889E-15  0.6512E-15  0.4556E-15  0.3866E-15  0.3359E-15  0.1917E-15  0.8786E-16  0.2277E-16  0.6439E-17  0.1366E-15  0.5768E-15  0.1650E-14  0.1763E-14  0.5618E-15  0.5154E-15  0.4004E-15  0.1521E-14  0.5183E-15  0.2626E-14  0.7351E-16  0.1961E-15  0.5455E-14  0.2547E-14  0.2243E-15  0.3596E-16  0.1392E-12  0.1599E-14  0.7249E-15  0.4115E-15  0.2270E-15  0.9484E-15  0.2291E-15  0.6736E-15  0.1774E-14  0.1328E-13  0.1141E-15  0.7036E-16  0.3884E-14
         230   566.9       10.79      0.2025E-12  0.2073E-14  0.9649E-15  0.6353E-15  0.4446E-15  0.3774E-15  0.3281E-15  0.1874E-15  0.8594E-16  0.2229E-16  0.6307E-17  0.1390E-15  0.5873E-15  0.1674E-14  0.1795E-14  0.5727E-15  0.5244E-15  0.4068E-15  0.1563E-14  0.5273E-15  0.2682E-14  0.7507E-16  0.2027E-15  0.5768E-14  0.2734E-14  0.2434E-15  0.3553E-16  0.1408E-12  0.1590E-14  0.7214E-15  0.4094E-15  0.2257E-15  0.9490E-15  0.2295E-15  0.6724E-15  0.1778E-14  0.1361E-13  0.1203E-15  0.7492E-16  0.4147E-14
         231   582.8       10.99      0.2038E-12  0.2042E-14  0.9416E-15  0.6197E-15  0.4336E-15  0.3683E-15  0.3204E-15  0.1831E-15  0.8402E-16  0.2182E-16  0.6175E-17  0.1413E-15  0.5977E-15  0.1697E-14  0.1826E-14  0.5835E-15  0.5333E-15  0.4131E-15  0.1606E-14  0.5363E-15  0.2738E-14  0.7662E-16  0.2093E-15  0.6094E-14  0.2932E-14  0.2639E-15  0.3511E-16  0.1425E-12  0.1582E-14  0.7178E-15  0.4072E-15  0.2243E-15  0.9496E-15  0.2298E-15  0.6711E-15  0.1783E-14  0.1394E-13  0.1268E-15  0.7971E-16  0.4424E-14
         232   599.2       11.21      0.2050E-12  0.2013E-14  0.9184E-15  0.6043E-15  0.4230E-15  0.3594E-15  0.3128E-15  0.1788E-15  0.8214E-16  0.2135E-16  0.6045E-17  0.1436E-15  0.6078E-15  0.1719E-14  0.1856E-14  0.5941E-15  0.5419E-15  0.4191E-15  0.1648E-14  0.5450E-15  0.2793E-14  0.7815E-16  0.2160E-15  0.6432E-14  0.3140E-14  0.2856E-15  0.3466E-16  0.1441E-12  0.1572E-14  0.7137E-15  0.4046E-15  0.2227E-15  0.9498E-15  0.2301E-15  0.6694E-15  0.1785E-14  0.1426E-13  0.1337E-15  0.8472E-16  0.4716E-14
         233   616.0       11.43      0.2063E-12  0.1983E-14  0.8955E-15  0.5892E-15  0.4125E-15  0.3506E-15  0.3053E-15  0.1747E-15  0.8027E-16  0.2089E-16  0.5915E-17  0.1459E-15  0.6177E-15  0.1741E-14  0.1886E-14  0.6045E-15  0.5503E-15  0.4250E-15  0.1690E-14  0.5536E-15  0.2846E-14  0.7965E-16  0.2226E-15  0.6784E-14  0.3360E-14  0.3086E-15  0.3421E-16  0.1457E-12  0.1562E-14  0.7093E-15  0.4019E-15  0.2211E-15  0.9497E-15  0.2302E-15  0.6674E-15  0.1788E-14  0.1460E-13  0.1408E-15  0.8996E-16  0.5024E-14
         234   633.3       11.65      0.2076E-12  0.1955E-14  0.8731E-15  0.5743E-15  0.4023E-15  0.3420E-15  0.2979E-15  0.1705E-15  0.7843E-16  0.2043E-16  0.5786E-17  0.1481E-15  0.6275E-15  0.1762E-14  0.1914E-14  0.6146E-15  0.5585E-15  0.4307E-15  0.1733E-14  0.5620E-15  0.2898E-14  0.8114E-16  0.2292E-15  0.7148E-14  0.3592E-14  0.3331E-15  0.3376E-16  0.1474E-12  0.1551E-14  0.7046E-15  0.3990E-15  0.2193E-15  0.9494E-15  0.2304E-15  0.6652E-15  0.1789E-14  0.1493E-13  0.1483E-15  0.9544E-16  0.5348E-14
         235   651.1       11.88      0.2089E-12  0.1927E-14  0.8511E-15  0.5597E-15  0.3922E-15  0.3336E-15  0.2907E-15  0.1665E-15  0.7661E-16  0.1997E-16  0.5658E-17  0.1502E-15  0.6370E-15  0.1783E-14  0.1942E-14  0.6246E-15  0.5665E-15  0.4361E-15  0.1775E-14  0.5703E-15  0.2949E-14  0.8260E-16  0.2358E-15  0.7526E-14  0.3836E-14  0.3591E-15  0.3329E-16  0.1491E-12  0.1539E-14  0.6996E-15  0.3959E-15  0.2175E-15  0.9488E-15  0.2304E-15  0.6628E-15  0.1790E-14  0.1527E-13  0.1561E-15  0.1012E-15  0.5689E-14
         236   669.3       12.12      0.2102E-12  0.1900E-14  0.8297E-15  0.5451E-15  0.3820E-15  0.3251E-15  0.2834E-15  0.1625E-15  0.7481E-16  0.1952E-16  0.5533E-17  0.1523E-15  0.6464E-15  0.1803E-14  0.1969E-14  0.6345E-15  0.5743E-15  0.4414E-15  0.1818E-14  0.5784E-15  0.2998E-14  0.8404E-16  0.2424E-15  0.7917E-14  0.4092E-14  0.3867E-15  0.3283E-16  0.1508E-12  0.1527E-14  0.6944E-15  0.3927E-15  0.2156E-15  0.9482E-15  0.2304E-15  0.6603E-15  0.1791E-14  0.1562E-13  0.1642E-15  0.1072E-15  0.6047E-14
         237   688.1       12.36      0.2116E-12  0.1873E-14  0.8084E-15  0.5311E-15  0.3723E-15  0.3169E-15  0.2764E-15  0.1585E-15  0.7303E-16  0.1907E-16  0.5408E-17  0.1544E-15  0.6555E-15  0.1822E-14  0.1995E-14  0.6440E-15  0.5819E-15  0.4465E-15  0.1860E-14  0.5862E-15  0.3046E-14  0.8546E-16  0.2489E-15  0.8322E-14  0.4362E-14  0.4158E-15  0.3236E-16  0.1525E-12  0.1514E-14  0.6889E-15  0.3893E-15  0.2135E-15  0.9472E-15  0.2304E-15  0.6574E-15  0.1790E-14  0.1596E-13  0.1728E-15  0.1134E-15  0.6423E-14
         238   707.5       12.61      0.2129E-12  0.1847E-14  0.7876E-15  0.5173E-15  0.3627E-15  0.3089E-15  0.2695E-15  0.1546E-15  0.7128E-16  0.1863E-16  0.5284E-17  0.1564E-15  0.6643E-15  0.1841E-14  0.2020E-14  0.6533E-15  0.5892E-15  0.4513E-15  0.1903E-14  0.5939E-15  0.3092E-14  0.8684E-16  0.2554E-15  0.8740E-14  0.4645E-14  0.4467E-15  0.3188E-16  0.1542E-12  0.1501E-14  0.6831E-15  0.3857E-15  0.2114E-15  0.9460E-15  0.2302E-15  0.6544E-15  0.1789E-14  0.1631E-13  0.1817E-15  0.1199E-15  0.6818E-14
         239   727.3       12.86      0.2143E-12  0.1822E-14  0.7671E-15  0.5038E-15  0.3533E-15  0.3010E-15  0.2627E-15  0.1508E-15  0.6956E-16  0.1819E-16  0.5161E-17  0.1583E-15  0.6729E-15  0.1859E-14  0.2043E-14  0.6624E-15  0.5963E-15  0.4560E-15  0.1945E-14  0.6014E-15  0.3137E-14  0.8819E-16  0.2619E-15  0.9173E-14  0.4942E-14  0.4792E-15  0.3140E-16  0.1560E-12  0.1487E-14  0.6771E-15  0.3819E-15  0.2092E-15  0.9445E-15  0.2300E-15  0.6511E-15  0.1788E-14  0.1666E-13  0.1910E-15  0.1267E-15  0.7233E-14
         240   747.7       13.12      0.2157E-12  0.1796E-14  0.7463E-15  0.4899E-15  0.3441E-15  0.2931E-15  0.2559E-15  0.1470E-15  0.6784E-16  0.1776E-16  0.5041E-17  0.1602E-15  0.6814E-15  0.1876E-14  0.2067E-14  0.6713E-15  0.6032E-15  0.4605E-15  0.1987E-14  0.6087E-15  0.3181E-14  0.8952E-16  0.2683E-15  0.9620E-14  0.5255E-14  0.5137E-15  0.3091E-16  0.1577E-12  0.1472E-14  0.6709E-15  0.3780E-15  0.2070E-15  0.9429E-15  0.2298E-15  0.6477E-15  0.1786E-14  0.1702E-13  0.2008E-15  0.1338E-15  0.7668E-14
         241   768.7       13.39      0.2171E-12  0.1772E-14  0.7267E-15  0.4770E-15  0.3350E-15  0.2855E-15  0.2493E-15  0.1433E-15  0.6616E-16  0.1734E-16  0.4921E-17  0.1620E-15  0.6895E-15  0.1893E-14  0.2088E-14  0.6799E-15  0.6097E-15  0.4647E-15  0.2029E-14  0.6158E-15  0.3222E-14  0.9079E-16  0.2747E-15  0.1008E-13  0.5581E-14  0.5499E-15  0.3042E-16  0.1595E-12  0.1457E-14  0.6644E-15  0.3740E-15  0.2046E-15  0.9410E-15  0.2294E-15  0.6441E-15  0.1783E-14  0.1737E-13  0.2109E-15  0.1412E-15  0.8123E-14
         242   790.3       13.67      0.2185E-12  0.1748E-14  0.7074E-15  0.4643E-15  0.3262E-15  0.2780E-15  0.2428E-15  0.1397E-15  0.6451E-16  0.1692E-16  0.4803E-17  0.1638E-15  0.6973E-15  0.1909E-14  0.2109E-14  0.6882E-15  0.6160E-15  0.4686E-15  0.2071E-14  0.6226E-15  0.3262E-14  0.9204E-16  0.2809E-15  0.1056E-13  0.5923E-14  0.5880E-15  0.2993E-16  0.1613E-12  0.1442E-14  0.6576E-15  0.3698E-15  0.2022E-15  0.9389E-15  0.2290E-15  0.6402E-15  0.1779E-14  0.1773E-13  0.2215E-15  0.1489E-15  0.8600E-14
         243   812.5       13.95      0.2199E-12  0.1725E-14  0.6886E-15  0.4519E-15  0.3175E-15  0.2707E-15  0.2365E-15  0.1361E-15  0.6289E-16  0.1650E-16  0.4687E-17  0.1655E-15  0.7048E-15  0.1924E-14  0.2128E-14  0.6962E-15  0.6221E-15  0.4724E-15  0.2112E-14  0.6292E-15  0.3300E-14  0.9324E-16  0.2871E-15  0.1105E-13  0.6280E-14  0.6282E-15  0.2943E-16  0.1631E-12  0.1426E-14  0.6507E-15  0.3655E-15  0.1997E-15  0.9366E-15  0.2285E-15  0.6362E-15  0.1775E-14  0.1810E-13  0.2326E-15  0.1569E-15  0.9099E-14
         244   835.3       14.24      0.2213E-12  0.1702E-14  0.6701E-15  0.4397E-15  0.3090E-15  0.2635E-15  0.2303E-15  0.1326E-15  0.6129E-16  0.1609E-16  0.4572E-17  0.1671E-15  0.7121E-15  0.1938E-14  0.2147E-14  0.7040E-15  0.6278E-15  0.4759E-15  0.2153E-14  0.6356E-15  0.3336E-14  0.9440E-16  0.2932E-15  0.1155E-13  0.6654E-14  0.6703E-15  0.2894E-16  0.1649E-12  0.1409E-14  0.6436E-15  0.3610E-15  0.1971E-15  0.9340E-15  0.2280E-15  0.6320E-15  0.1770E-14  0.1846E-13  0.2441E-15  0.1652E-15  0.9620E-14
         245   858.8       14.54      0.2228E-12  0.1680E-14  0.6523E-15  0.4283E-15  0.3011E-15  0.2567E-15  0.2243E-15  0.1292E-15  0.5976E-16  0.1570E-16  0.4459E-17  0.1687E-15  0.7191E-15  0.1952E-14  0.2164E-14  0.7114E-15  0.6333E-15  0.4792E-15  0.2194E-14  0.6417E-15  0.3371E-14  0.9552E-16  0.2992E-15  0.1207E-13  0.7045E-14  0.7146E-15  0.2845E-16  0.1667E-12  0.1393E-14  0.6363E-15  0.3565E-15  0.1945E-15  0.9314E-15  0.2274E-15  0.6277E-15  0.1765E-14  0.1883E-13  0.2562E-15  0.1738E-15  0.1017E-13
         246   882.9       14.85      0.2243E-12  0.1658E-14  0.6345E-15  0.4166E-15  0.2929E-15  0.2497E-15  0.2183E-15  0.1258E-15  0.5821E-16  0.1530E-16  0.4348E-17  0.1702E-15  0.7257E-15  0.1965E-14  0.2180E-14  0.7185E-15  0.6385E-15  0.4821E-15  0.2234E-14  0.6476E-15  0.3403E-14  0.9658E-16  0.3051E-15  0.1260E-13  0.7452E-14  0.7609E-15  0.2795E-16  0.1685E-12  0.1375E-14  0.6288E-15  0.3518E-15  0.1919E-15  0.9284E-15  0.2267E-15  0.6232E-15  0.1760E-14  0.1920E-13  0.2687E-15  0.1827E-15  0.1073E-13
         247   907.6       15.17      0.2258E-12  0.1636E-14  0.6171E-15  0.4051E-15  0.2848E-15  0.2429E-15  0.2124E-15  0.1225E-15  0.5669E-16  0.1491E-16  0.4238E-17  0.1716E-15  0.7320E-15  0.1977E-14  0.2195E-14  0.7254E-15  0.6433E-15  0.4849E-15  0.2274E-14  0.6533E-15  0.3433E-14  0.9760E-16  0.3109E-15  0.1315E-13  0.7877E-14  0.8095E-15  0.2745E-16  0.1704E-12  0.1358E-14  0.6211E-15  0.3470E-15  0.1891E-15  0.9252E-15  0.2259E-15  0.6186E-15  0.1753E-14  0.1957E-13  0.2818E-15  0.1920E-15  0.1133E-13
         248   933.1       15.49      0.2273E-12  0.1615E-14  0.6001E-15  0.3938E-15  0.2770E-15  0.2363E-15  0.2067E-15  0.1192E-15  0.5519E-16  0.1453E-16  0.4129E-17  0.1729E-15  0.7380E-15  0.1988E-14  0.2208E-14  0.7318E-15  0.6479E-15  0.4874E-15  0.2313E-14  0.6587E-15  0.3462E-14  0.9857E-16  0.3165E-15  0.1371E-13  0.8320E-14  0.8604E-15  0.2696E-16  0.1723E-12  0.1340E-14  0.6133E-15  0.3421E-15  0.1863E-15  0.9218E-15  0.2251E-15  0.6138E-15  0.1746E-14  0.1995E-13  0.2954E-15  0.2016E-15  0.1195E-13
         249   959.3       15.82      0.2288E-12  0.1595E-14  0.5842E-15  0.3832E-15  0.2692E-15  0.2298E-15  0.2013E-15  0.1160E-15  0.5372E-16  0.1414E-16  0.4022E-17  0.1742E-15  0.7437E-15  0.1998E-14  0.2220E-14  0.7380E-15  0.6521E-15  0.4896E-15  0.2352E-14  0.6638E-15  0.3488E-14  0.9948E-16  0.3220E-15  0.1429E-13  0.8781E-14  0.9135E-15  0.2646E-16  0.1741E-12  0.1321E-14  0.6053E-15  0.3372E-15  0.1835E-15  0.9182E-15  0.2242E-15  0.6089E-15  0.1739E-14  0.2032E-13  0.3095E-15  0.2115E-15  0.1259E-13
         250   986.3       16.17      0.2303E-12  0.1574E-14  0.5678E-15  0.3724E-15  0.2617E-15  0.2235E-15  0.1957E-15  0.1129E-15  0.5227E-16  0.1377E-16  0.3917E-17  0.1754E-15  0.7490E-15  0.2007E-14  0.2231E-14  0.7438E-15  0.6561E-15  0.4916E-15  0.2390E-14  0.6688E-15  0.3512E-14  0.1003E-15  0.3274E-15  0.1488E-13  0.9262E-14  0.9691E-15  0.2596E-16  0.1760E-12  0.1303E-14  0.5971E-15  0.3321E-15  0.1806E-15  0.9143E-15  0.2232E-15  0.6038E-15  0.1731E-14  0.2070E-13  0.3243E-15  0.2218E-15  0.1327E-13
         251   1014.       16.52      0.2318E-12  0.1554E-14  0.5517E-15  0.3618E-15  0.2543E-15  0.2172E-15  0.1902E-15  0.1098E-15  0.5085E-16  0.1341E-16  0.3814E-17  0.1765E-15  0.7540E-15  0.2016E-14  0.2241E-14  0.7493E-15  0.6597E-15  0.4934E-15  0.2427E-14  0.6735E-15  0.3534E-14  0.1011E-15  0.3327E-15  0.1549E-13  0.9761E-14  0.1027E-14  0.2547E-16  0.1779E-12  0.1284E-14  0.5888E-15  0.3269E-15  0.1777E-15  0.9103E-15  0.2221E-15  0.5986E-15  0.1723E-14  0.2108E-13  0.3396E-15  0.2325E-15  0.1397E-13
         252   1042.       16.89      0.2334E-12  0.1534E-14  0.5359E-15  0.3514E-15  0.2470E-15  0.2110E-15  0.1849E-15  0.1067E-15  0.4946E-16  0.1305E-16  0.3712E-17  0.1775E-15  0.7586E-15  0.2023E-14  0.2249E-14  0.7544E-15  0.6630E-15  0.4949E-15  0.2464E-14  0.6780E-15  0.3554E-14  0.1019E-15  0.3378E-15  0.1611E-13  0.1028E-13  0.1088E-14  0.2497E-16  0.1798E-12  0.1264E-14  0.5803E-15  0.3216E-15  0.1747E-15  0.9059E-15  0.2210E-15  0.5932E-15  0.1714E-14  0.2146E-13  0.3555E-15  0.2435E-15  0.1469E-13
         253   1072.       17.27      0.2350E-12  0.1513E-14  0.5197E-15  0.3406E-15  0.2398E-15  0.2049E-15  0.1794E-15  0.1036E-15  0.4805E-16  0.1269E-16  0.3612E-17  0.1785E-15  0.7631E-15  0.2031E-14  0.2256E-14  0.7594E-15  0.6662E-15  0.4963E-15  0.2501E-14  0.6823E-15  0.3572E-14  0.1026E-15  0.3429E-15  0.1675E-13  0.1082E-13  0.1152E-14  0.2448E-16  0.1818E-12  0.1245E-14  0.5719E-15  0.3164E-15  0.1718E-15  0.9016E-15  0.2198E-15  0.5879E-15  0.1705E-14  0.2185E-13  0.3722E-15  0.2550E-15  0.1546E-13
         254   1102.       17.66      0.2366E-12  0.1494E-14  0.5048E-15  0.3308E-15  0.2329E-15  0.1991E-15  0.1744E-15  0.1007E-15  0.4672E-16  0.1235E-16  0.3514E-17  0.1794E-15  0.7672E-15  0.2037E-14  0.2263E-14  0.7639E-15  0.6690E-15  0.4973E-15  0.2537E-14  0.6862E-15  0.3588E-14  0.1032E-15  0.3477E-15  0.1740E-13  0.1138E-13  0.1217E-14  0.2399E-16  0.1838E-12  0.1225E-14  0.5633E-15  0.3110E-15  0.1688E-15  0.8971E-15  0.2185E-15  0.5823E-15  0.1695E-14  0.2224E-13  0.3895E-15  0.2667E-15  0.1624E-13
         255   1133.       18.05      0.2382E-12  0.1475E-14  0.4902E-15  0.3212E-15  0.2261E-15  0.1933E-15  0.1694E-15  0.9785E-16  0.4541E-16  0.1201E-16  0.3418E-17  0.1803E-15  0.7709E-15  0.2042E-14  0.2267E-14  0.7681E-15  0.6714E-15  0.4981E-15  0.2573E-14  0.6899E-15  0.3602E-14  0.1038E-15  0.3525E-15  0.1807E-13  0.1196E-13  0.1286E-14  0.2351E-16  0.1858E-12  0.1205E-14  0.5546E-15  0.3056E-15  0.1657E-15  0.8923E-15  0.2172E-15  0.5767E-15  0.1685E-14  0.2263E-13  0.4073E-15  0.2789E-15  0.1706E-13
         256   1164.       18.46      0.2398E-12  0.1456E-14  0.4759E-15  0.3118E-15  0.2196E-15  0.1877E-15  0.1645E-15  0.9506E-16  0.4413E-16  0.1168E-16  0.3324E-17  0.1810E-15  0.7743E-15  0.2047E-14  0.2271E-14  0.7720E-15  0.6735E-15  0.4986E-15  0.2607E-14  0.6932E-15  0.3614E-14  0.1043E-15  0.3570E-15  0.1875E-13  0.1257E-13  0.1356E-14  0.2302E-16  0.1878E-12  0.1185E-14  0.5458E-15  0.3002E-15  0.1627E-15  0.8874E-15  0.2158E-15  0.5710E-15  0.1675E-14  0.2303E-13  0.4259E-15  0.2915E-15  0.1791E-13
         257   1197.       18.88      0.2414E-12  0.1438E-14  0.4624E-15  0.3031E-15  0.2132E-15  0.1822E-15  0.1597E-15  0.9241E-16  0.4291E-16  0.1135E-16  0.3233E-17  0.1817E-15  0.7773E-15  0.2050E-14  0.2273E-14  0.7754E-15  0.6753E-15  0.4989E-15  0.2640E-14  0.6964E-15  0.3624E-14  0.1048E-15  0.3614E-15  0.1944E-13  0.1319E-13  0.1430E-14  0.2255E-16  0.1898E-12  0.1165E-14  0.5371E-15  0.2948E-15  0.1597E-15  0.8823E-15  0.2144E-15  0.5653E-15  0.1665E-14  0.2342E-13  0.4450E-15  0.3044E-15  0.1879E-13
         258   1231.       19.32      0.2430E-12  0.1420E-14  0.4487E-15  0.2941E-15  0.2069E-15  0.1769E-15  0.1551E-15  0.8973E-16  0.4168E-16  0.1103E-16  0.3143E-17  0.1823E-15  0.7799E-15  0.2053E-14  0.2274E-14  0.7786E-15  0.6768E-15  0.4990E-15  0.2674E-14  0.6993E-15  0.3631E-14  0.1051E-15  0.3656E-15  0.2016E-13  0.1384E-13  0.1507E-14  0.2207E-16  0.1919E-12  0.1145E-14  0.5281E-15  0.2892E-15  0.1566E-15  0.8769E-15  0.2128E-15  0.5595E-15  0.1653E-14  0.2381E-13  0.4650E-15  0.3177E-15  0.1970E-13
         259   1265.       19.77      0.2446E-12  0.1402E-14  0.4354E-15  0.2854E-15  0.2008E-15  0.1717E-15  0.1505E-15  0.8712E-16  0.4048E-16  0.1072E-16  0.3054E-17  0.1828E-15  0.7823E-15  0.2054E-14  0.2273E-14  0.7814E-15  0.6780E-15  0.4988E-15  0.2706E-14  0.7019E-15  0.3636E-14  0.1055E-15  0.3697E-15  0.2088E-13  0.1451E-13  0.1586E-14  0.2160E-16  0.1940E-12  0.1124E-14  0.5192E-15  0.2837E-15  0.1535E-15  0.8714E-15  0.2112E-15  0.5536E-15  0.1642E-14  0.2421E-13  0.4856E-15  0.3314E-15  0.2065E-13
         260   1301.       20.23      0.2463E-12  0.1384E-14  0.4224E-15  0.2768E-15  0.1947E-15  0.1666E-15  0.1460E-15  0.8456E-16  0.3930E-16  0.1041E-16  0.2967E-17  0.1832E-15  0.7842E-15  0.2055E-14  0.2272E-14  0.7838E-15  0.6788E-15  0.4983E-15  0.2737E-14  0.7043E-15  0.3640E-14  0.1057E-15  0.3736E-15  0.2162E-13  0.1520E-13  0.1668E-14  0.2113E-16  0.1960E-12  0.1104E-14  0.5101E-15  0.2781E-15  0.1504E-15  0.8657E-15  0.2095E-15  0.5476E-15  0.1630E-14  0.2461E-13  0.5070E-15  0.3456E-15  0.2163E-13
         261   1337.       20.71      0.2480E-12  0.1366E-14  0.4096E-15  0.2683E-15  0.1890E-15  0.1617E-15  0.1419E-15  0.8208E-16  0.3813E-16  0.1011E-16  0.2880E-17  0.1836E-15  0.7858E-15  0.2055E-14  0.2269E-14  0.7859E-15  0.6793E-15  0.4977E-15  0.2768E-14  0.7064E-15  0.3641E-14  0.1059E-15  0.3774E-15  0.2237E-13  0.1592E-13  0.1753E-14  0.2067E-16  0.1982E-12  0.1083E-14  0.5011E-15  0.2725E-15  0.1473E-15  0.8598E-15  0.2078E-15  0.5416E-15  0.1618E-14  0.2501E-13  0.5292E-15  0.3602E-15  0.2265E-13
         262   1375.       21.20      0.2496E-12  0.1348E-14  0.3972E-15  0.2602E-15  0.1832E-15  0.1568E-15  0.1376E-15  0.7963E-16  0.3700E-16  0.9813E-17  0.2796E-17  0.1839E-15  0.7871E-15  0.2054E-14  0.2264E-14  0.7876E-15  0.6795E-15  0.4968E-15  0.2797E-14  0.7082E-15  0.3640E-14  0.1061E-15  0.3810E-15  0.2314E-13  0.1666E-13  0.1841E-14  0.2021E-16  0.2003E-12  0.1062E-14  0.4920E-15  0.2669E-15  0.1442E-15  0.8538E-15  0.2060E-15  0.5355E-15  0.1606E-14  0.2541E-13  0.5520E-15  0.3752E-15  0.2370E-13
         263   1414.       21.71      0.2513E-12  0.1331E-14  0.3851E-15  0.2522E-15  0.1776E-15  0.1521E-15  0.1334E-15  0.7723E-16  0.3590E-16  0.9524E-17  0.2714E-17  0.1841E-15  0.7880E-15  0.2052E-14  0.2259E-14  0.7890E-15  0.6794E-15  0.4956E-15  0.2826E-14  0.7098E-15  0.3636E-14  0.1061E-15  0.3844E-15  0.2392E-13  0.1743E-13  0.1932E-14  0.1975E-16  0.2024E-12  0.1041E-14  0.4828E-15  0.2613E-15  0.1410E-15  0.8475E-15  0.2042E-15  0.5293E-15  0.1593E-14  0.2582E-13  0.5756E-15  0.3906E-15  0.2478E-13
         264   1453.       22.24      0.2530E-12  0.1313E-14  0.3731E-15  0.2444E-15  0.1720E-15  0.1472E-15  0.1291E-15  0.7483E-16  0.3481E-16  0.9243E-17  0.2635E-17  0.1842E-15  0.7886E-15  0.2050E-14  0.2253E-14  0.7900E-15  0.6790E-15  0.4943E-15  0.2854E-14  0.7112E-15  0.3631E-14  0.1062E-15  0.3876E-15  0.2472E-13  0.1823E-13  0.2026E-14  0.1931E-16  0.2046E-12  0.1021E-14  0.4737E-15  0.2557E-15  0.1380E-15  0.8412E-15  0.2022E-15  0.5232E-15  0.1581E-14  0.2622E-13  0.6001E-15  0.4065E-15  0.2591E-13
         265   1494.       22.78      0.2547E-12  0.1296E-14  0.3615E-15  0.2368E-15  0.1667E-15  0.1427E-15  0.1252E-15  0.7255E-16  0.3376E-16  0.8966E-17  0.2556E-17  0.1842E-15  0.7888E-15  0.2046E-14  0.2245E-14  0.7907E-15  0.6782E-15  0.4926E-15  0.2881E-14  0.7123E-15  0.3624E-14  0.1061E-15  0.3907E-15  0.2553E-13  0.1904E-13  0.2123E-14  0.1886E-16  0.2068E-12  0.9997E-15  0.4646E-15  0.2501E-15  0.1349E-15  0.8346E-15  0.2003E-15  0.5170E-15  0.1568E-14  0.2663E-13  0.6252E-15  0.4227E-15  0.2707E-13
         266   1536.       23.34      0.2563E-12  0.1279E-14  0.3503E-15  0.2294E-15  0.1615E-15  0.1382E-15  0.1213E-15  0.7032E-16  0.3273E-16  0.8696E-17  0.2479E-17  0.1842E-15  0.7886E-15  0.2041E-14  0.2236E-14  0.7910E-15  0.6772E-15  0.4908E-15  0.2906E-14  0.7131E-15  0.3614E-14  0.1060E-15  0.3935E-15  0.2635E-13  0.1988E-13  0.2223E-14  0.1842E-16  0.2090E-12  0.9789E-15  0.4555E-15  0.2445E-15  0.1318E-15  0.8279E-15  0.1982E-15  0.5108E-15  0.1554E-14  0.2703E-13  0.6510E-15  0.4394E-15  0.2826E-13
         267   1579.       23.92      0.2580E-12  0.1262E-14  0.3393E-15  0.2222E-15  0.1564E-15  0.1339E-15  0.1175E-15  0.6814E-16  0.3172E-16  0.8431E-17  0.2404E-17  0.1841E-15  0.7881E-15  0.2036E-14  0.2226E-14  0.7909E-15  0.6758E-15  0.4888E-15  0.2931E-14  0.7137E-15  0.3603E-14  0.1058E-15  0.3962E-15  0.2718E-13  0.2075E-13  0.2326E-14  0.1798E-16  0.2113E-12  0.9582E-15  0.4463E-15  0.2390E-15  0.1287E-15  0.8209E-15  0.1961E-15  0.5045E-15  0.1541E-14  0.2744E-13  0.6776E-15  0.4564E-15  0.2950E-13
         268   1623.       24.51      0.2597E-12  0.1246E-14  0.3289E-15  0.2153E-15  0.1517E-15  0.1300E-15  0.1141E-15  0.6610E-16  0.3075E-16  0.8174E-17  0.2330E-17  0.1839E-15  0.7873E-15  0.2030E-14  0.2215E-14  0.7905E-15  0.6741E-15  0.4865E-15  0.2955E-14  0.7141E-15  0.3590E-14  0.1055E-15  0.3987E-15  0.2802E-13  0.2164E-13  0.2432E-14  0.1756E-16  0.2136E-12  0.9377E-15  0.4373E-15  0.2335E-15  0.1257E-15  0.8140E-15  0.1940E-15  0.4984E-15  0.1527E-14  0.2785E-13  0.7050E-15  0.4739E-15  0.3077E-13
         269   1669.       25.13      0.2614E-12  0.1229E-14  0.3184E-15  0.2085E-15  0.1469E-15  0.1258E-15  0.1105E-15  0.6402E-16  0.2979E-16  0.7922E-17  0.2258E-17  0.1836E-15  0.7861E-15  0.2022E-14  0.2202E-14  0.7898E-15  0.6721E-15  0.4841E-15  0.2977E-14  0.7141E-15  0.3574E-14  0.1052E-15  0.4010E-15  0.2888E-13  0.2256E-13  0.2541E-14  0.1714E-16  0.2158E-12  0.9170E-15  0.4282E-15  0.2280E-15  0.1226E-15  0.8067E-15  0.1918E-15  0.4921E-15  0.1513E-14  0.2826E-13  0.7331E-15  0.4919E-15  0.3207E-13
         270   1716.       25.77      0.2631E-12  0.1213E-14  0.3082E-15  0.2018E-15  0.1422E-15  0.1218E-15  0.1070E-15  0.6199E-16  0.2885E-16  0.7675E-17  0.2188E-17  0.1833E-15  0.7846E-15  0.2014E-14  0.2189E-14  0.7887E-15  0.6698E-15  0.4814E-15  0.2999E-14  0.7139E-15  0.3557E-14  0.1048E-15  0.4032E-15  0.2974E-13  0.2351E-13  0.2654E-14  0.1672E-16  0.2182E-12  0.8965E-15  0.4192E-15  0.2225E-15  0.1196E-15  0.7993E-15  0.1895E-15  0.4858E-15  0.1499E-14  0.2866E-13  0.7619E-15  0.5102E-15  0.3342E-13
         271   1764.       26.42      0.2649E-12  0.1196E-14  0.2980E-15  0.1950E-15  0.1373E-15  0.1176E-15  0.1033E-15  0.5996E-16  0.2793E-16  0.7434E-17  0.2121E-17  0.1829E-15  0.7828E-15  0.2005E-14  0.2174E-14  0.7872E-15  0.6672E-15  0.4785E-15  0.3019E-14  0.7136E-15  0.3537E-14  0.1044E-15  0.4052E-15  0.3063E-13  0.2449E-13  0.2770E-14  0.1631E-16  0.2205E-12  0.8762E-15  0.4102E-15  0.2170E-15  0.1167E-15  0.7918E-15  0.1872E-15  0.4796E-15  0.1485E-14  0.2907E-13  0.7917E-15  0.5291E-15  0.3481E-13
         272   1813.       27.11      0.2665E-12  0.1179E-14  0.2883E-15  0.1887E-15  0.1329E-15  0.1138E-15  0.9999E-16  0.5803E-16  0.2704E-16  0.7198E-17  0.2054E-17  0.1824E-15  0.7806E-15  0.1996E-14  0.2159E-14  0.7855E-15  0.6643E-15  0.4754E-15  0.3039E-14  0.7129E-15  0.3516E-14  0.1039E-15  0.4070E-15  0.3152E-13  0.2549E-13  0.2888E-14  0.1590E-16  0.2229E-12  0.8558E-15  0.4013E-15  0.2116E-15  0.1137E-15  0.7841E-15  0.1849E-15  0.4733E-15  0.1471E-14  0.2948E-13  0.8220E-15  0.5482E-15  0.3624E-13
         273   1864.       27.81      0.2682E-12  0.1163E-14  0.2789E-15  0.1825E-15  0.1285E-15  0.1101E-15  0.9674E-16  0.5615E-16  0.2617E-16  0.6968E-17  0.1988E-17  0.1818E-15  0.7780E-15  0.1985E-14  0.2142E-14  0.7833E-15  0.6611E-15  0.4722E-15  0.3057E-14  0.7120E-15  0.3493E-14  0.1033E-15  0.4086E-15  0.3242E-13  0.2651E-13  0.3010E-14  0.1550E-16  0.2253E-12  0.8357E-15  0.3924E-15  0.2062E-15  0.1107E-15  0.7763E-15  0.1825E-15  0.4671E-15  0.1456E-14  0.2989E-13  0.8530E-15  0.5678E-15  0.3770E-13
         274   1917.       28.54      0.2699E-12  0.1147E-14  0.2697E-15  0.1765E-15  0.1243E-15  0.1065E-15  0.9358E-16  0.5432E-16  0.2532E-16  0.6744E-17  0.1924E-17  0.1811E-15  0.7752E-15  0.1973E-14  0.2124E-14  0.7809E-15  0.6576E-15  0.4687E-15  0.3074E-14  0.7109E-15  0.3468E-14  0.1027E-15  0.4100E-15  0.3333E-13  0.2757E-13  0.3134E-14  0.1511E-16  0.2277E-12  0.8157E-15  0.3835E-15  0.2009E-15  0.1078E-15  0.7683E-15  0.1801E-15  0.4608E-15  0.1441E-14  0.3030E-13  0.8847E-15  0.5878E-15  0.3920E-13
         275   1971.       29.29      0.2717E-12  0.1131E-14  0.2609E-15  0.1708E-15  0.1204E-15  0.1031E-15  0.9054E-16  0.5253E-16  0.2448E-16  0.6523E-17  0.1861E-17  0.1804E-15  0.7721E-15  0.1961E-14  0.2106E-14  0.7782E-15  0.6539E-15  0.4652E-15  0.3090E-14  0.7097E-15  0.3442E-14  0.1020E-15  0.4113E-15  0.3425E-13  0.2865E-13  0.3263E-14  0.1472E-16  0.2301E-12  0.7960E-15  0.3748E-15  0.1957E-15  0.1050E-15  0.7602E-15  0.1776E-15  0.4547E-15  0.1427E-14  0.3071E-13  0.9172E-15  0.6083E-15  0.4075E-13
         276   2026.       30.07      0.2733E-12  0.1115E-14  0.2522E-15  0.1651E-15  0.1164E-15  0.9971E-16  0.8753E-16  0.5080E-16  0.2368E-16  0.6310E-17  0.1800E-17  0.1797E-15  0.7686E-15  0.1948E-14  0.2087E-14  0.7751E-15  0.6499E-15  0.4613E-15  0.3104E-14  0.7081E-15  0.3414E-14  0.1013E-15  0.4123E-15  0.3518E-13  0.2976E-13  0.3393E-14  0.1434E-16  0.2326E-12  0.7763E-15  0.3661E-15  0.1905E-15  0.1021E-15  0.7519E-15  0.1751E-15  0.4485E-15  0.1412E-14  0.3111E-13  0.9502E-15  0.6290E-15  0.4233E-13
         277   2083.       30.88      0.2750E-12  0.1098E-14  0.2437E-15  0.1595E-15  0.1125E-15  0.9637E-16  0.8461E-16  0.4911E-16  0.2289E-16  0.6102E-17  0.1741E-17  0.1788E-15  0.7648E-15  0.1934E-14  0.2066E-14  0.7716E-15  0.6456E-15  0.4573E-15  0.3118E-14  0.7062E-15  0.3384E-14  0.1005E-15  0.4132E-15  0.3612E-13  0.3090E-13  0.3527E-14  0.1396E-16  0.2351E-12  0.7568E-15  0.3575E-15  0.1853E-15  0.9933E-16  0.7435E-15  0.1726E-15  0.4424E-15  0.1397E-14  0.3152E-13  0.9839E-15  0.6502E-15  0.4395E-13
         278   2141.       31.71      0.2767E-12  0.1083E-14  0.2356E-15  0.1542E-15  0.1087E-15  0.9315E-16  0.8186E-16  0.4754E-16  0.2216E-16  0.5906E-17  0.1685E-17  0.1779E-15  0.7607E-15  0.1920E-14  0.2045E-14  0.7680E-15  0.6411E-15  0.4533E-15  0.3130E-14  0.7043E-15  0.3353E-14  0.9966E-16  0.4140E-15  0.3707E-13  0.3206E-13  0.3665E-14  0.1360E-16  0.2376E-12  0.7377E-15  0.3490E-15  0.1803E-15  0.9657E-16  0.7351E-15  0.1700E-15  0.4363E-15  0.1382E-14  0.3193E-13  0.1018E-14  0.6718E-15  0.4562E-13
         279   2201.       32.58      0.2784E-12  0.1067E-14  0.2276E-15  0.1489E-15  0.1050E-15  0.8998E-16  0.7907E-16  0.4593E-16  0.2142E-16  0.5709E-17  0.1629E-17  0.1769E-15  0.7563E-15  0.1904E-14  0.2023E-14  0.7639E-15  0.6362E-15  0.4490E-15  0.3142E-14  0.7021E-15  0.3320E-14  0.9876E-16  0.4146E-15  0.3802E-13  0.3326E-13  0.3804E-14  0.1324E-16  0.2402E-12  0.7186E-15  0.3405E-15  0.1752E-15  0.9384E-16  0.7264E-15  0.1674E-15  0.4302E-15  0.1367E-14  0.3233E-13  0.1053E-14  0.6937E-15  0.4731E-13
         280   2263.       33.48      0.2800E-12  0.1051E-14  0.2198E-15  0.1438E-15  0.1014E-15  0.8690E-16  0.7637E-16  0.4436E-16  0.2069E-16  0.5516E-17  0.1574E-17  0.1758E-15  0.7516E-15  0.1888E-14  0.2001E-14  0.7596E-15  0.6311E-15  0.4445E-15  0.3151E-14  0.6996E-15  0.3286E-14  0.9782E-16  0.4149E-15  0.3898E-13  0.3447E-13  0.3947E-14  0.1288E-16  0.2428E-12  0.6997E-15  0.3321E-15  0.1703E-15  0.9114E-16  0.7177E-15  0.1648E-15  0.4241E-15  0.1352E-14  0.3273E-13  0.1088E-14  0.7160E-15  0.4905E-13
         281   2327.       34.41      0.2817E-12  0.1035E-14  0.2122E-15  0.1388E-15  0.9786E-16  0.8390E-16  0.7374E-16  0.4284E-16  0.1998E-16  0.5329E-17  0.1521E-17  0.1747E-15  0.7467E-15  0.1871E-14  0.1977E-14  0.7549E-15  0.6258E-15  0.4399E-15  0.3160E-14  0.6969E-15  0.3250E-14  0.9682E-16  0.4152E-15  0.3995E-13  0.3572E-13  0.4093E-14  0.1253E-16  0.2454E-12  0.6811E-15  0.3239E-15  0.1654E-15  0.8848E-16  0.7088E-15  0.1622E-15  0.4181E-15  0.1337E-14  0.3314E-13  0.1124E-14  0.7387E-15  0.5083E-13
         282   2392.       35.37      0.2834E-12  0.1019E-14  0.2046E-15  0.1339E-15  0.9432E-16  0.8086E-16  0.7106E-16  0.4129E-16  0.1926E-16  0.5141E-17  0.1468E-17  0.1735E-15  0.7415E-15  0.1853E-14  0.1953E-14  0.7501E-15  0.6203E-15  0.4353E-15  0.3168E-14  0.6942E-15  0.3213E-14  0.9578E-16  0.4153E-15  0.4093E-13  0.3701E-13  0.4244E-14  0.1219E-16  0.2481E-12  0.6628E-15  0.3157E-15  0.1606E-15  0.8588E-16  0.6998E-15  0.1595E-15  0.4122E-15  0.1322E-14  0.3354E-13  0.1161E-14  0.7618E-15  0.5266E-13
         283   2459.       36.37      0.2850E-12  0.1004E-14  0.1975E-15  0.1292E-15  0.9103E-16  0.7804E-16  0.6859E-16  0.3985E-16  0.1859E-16  0.4964E-17  0.1417E-17  0.1723E-15  0.7359E-15  0.1835E-14  0.1928E-14  0.7449E-15  0.6145E-15  0.4304E-15  0.3174E-14  0.6911E-15  0.3175E-14  0.9469E-16  0.4152E-15  0.4191E-13  0.3831E-13  0.4395E-14  0.1185E-16  0.2508E-12  0.6447E-15  0.3076E-15  0.1558E-15  0.8331E-16  0.6907E-15  0.1569E-15  0.4063E-15  0.1307E-14  0.3394E-13  0.1197E-14  0.7851E-15  0.5451E-13
         284   2528.       37.40      0.2866E-12  0.9881E-15  0.1905E-15  0.1246E-15  0.8783E-16  0.7530E-16  0.6618E-16  0.3846E-16  0.1794E-16  0.4792E-17  0.1368E-17  0.1709E-15  0.7301E-15  0.1816E-14  0.1903E-14  0.7394E-15  0.6084E-15  0.4254E-15  0.3179E-14  0.6879E-15  0.3135E-14  0.9356E-16  0.4149E-15  0.4289E-13  0.3963E-13  0.4550E-14  0.1152E-16  0.2535E-12  0.6268E-15  0.2996E-15  0.1512E-15  0.8078E-16  0.6814E-15  0.1542E-15  0.4004E-15  0.1291E-14  0.3434E-13  0.1234E-14  0.8087E-15  0.5640E-13
         285   2599.       38.47      0.2883E-12  0.9731E-15  0.1840E-15  0.1204E-15  0.8490E-16  0.7279E-16  0.6394E-16  0.3714E-16  0.1733E-16  0.4627E-17  0.1321E-17  0.1696E-15  0.7242E-15  0.1796E-14  0.1877E-14  0.7338E-15  0.6023E-15  0.4204E-15  0.3183E-14  0.6846E-15  0.3094E-14  0.9241E-16  0.4146E-15  0.4388E-13  0.4099E-13  0.4708E-14  0.1120E-16  0.2563E-12  0.6094E-15  0.2918E-15  0.1466E-15  0.7833E-16  0.6722E-15  0.1515E-15  0.3946E-15  0.1276E-14  0.3474E-13  0.1272E-14  0.8326E-15  0.5833E-13
         286   2672.       39.59      0.2899E-12  0.9578E-15  0.1775E-15  0.1161E-15  0.8186E-16  0.7019E-16  0.6167E-16  0.3583E-16  0.1671E-16  0.4464E-17  0.1274E-17  0.1682E-15  0.7179E-15  0.1776E-14  0.1850E-14  0.7278E-15  0.5958E-15  0.4152E-15  0.3186E-14  0.6810E-15  0.3052E-14  0.9120E-16  0.4140E-15  0.4488E-13  0.4238E-13  0.4868E-14  0.1088E-16  0.2590E-12  0.5920E-15  0.2841E-15  0.1421E-15  0.7589E-16  0.6628E-15  0.1488E-15  0.3889E-15  0.1261E-14  0.3513E-13  0.1310E-14  0.8568E-15  0.6029E-13
         287   2747.       40.74      0.2914E-12  0.9425E-15  0.1711E-15  0.1119E-15  0.7892E-16  0.6767E-16  0.5946E-16  0.3454E-16  0.1612E-16  0.4305E-17  0.1229E-17  0.1667E-15  0.7114E-15  0.1755E-14  0.1823E-14  0.7216E-15  0.5892E-15  0.4099E-15  0.3187E-14  0.6772E-15  0.3009E-14  0.8995E-16  0.4134E-15  0.4587E-13  0.4378E-13  0.5031E-14  0.1057E-16  0.2619E-12  0.5750E-15  0.2764E-15  0.1377E-15  0.7350E-16  0.6533E-15  0.1461E-15  0.3831E-15  0.1246E-14  0.3552E-13  0.1347E-14  0.8812E-15  0.6229E-13
         288   2824.       41.93      0.2931E-12  0.9274E-15  0.1648E-15  0.1078E-15  0.7603E-16  0.6520E-16  0.5732E-16  0.3332E-16  0.1555E-16  0.4154E-17  0.1186E-17  0.1652E-15  0.7048E-15  0.1734E-14  0.1796E-14  0.7152E-15  0.5825E-15  0.4046E-15  0.3188E-14  0.6734E-15  0.2966E-14  0.8868E-16  0.4126E-15  0.4688E-13  0.4523E-13  0.5197E-14  0.1027E-16  0.2648E-12  0.5583E-15  0.2690E-15  0.1334E-15  0.7118E-16  0.6439E-15  0.1434E-15  0.3776E-15  0.1231E-14  0.3592E-13  0.1386E-14  0.9060E-15  0.6434E-13
         289   2904.       43.18      0.2946E-12  0.9123E-15  0.1588E-15  0.1039E-15  0.7326E-16  0.6283E-16  0.5524E-16  0.3211E-16  0.1499E-16  0.4004E-17  0.1143E-17  0.1636E-15  0.6978E-15  0.1712E-14  0.1768E-14  0.7085E-15  0.5755E-15  0.3991E-15  0.3187E-14  0.6693E-15  0.2921E-14  0.8736E-16  0.4116E-15  0.4788E-13  0.4668E-13  0.5365E-14  0.9968E-17  0.2677E-12  0.5418E-15  0.2615E-15  0.1291E-15  0.6888E-16  0.6342E-15  0.1407E-15  0.3720E-15  0.1216E-14  0.3630E-13  0.1424E-14  0.9309E-15  0.6641E-13
         290   2985.       44.47      0.2961E-12  0.8973E-15  0.1530E-15  0.1001E-15  0.7057E-16  0.6053E-16  0.5321E-16  0.3094E-16  0.1444E-16  0.3859E-17  0.1102E-17  0.1619E-15  0.6906E-15  0.1689E-14  0.1739E-14  0.7016E-15  0.5683E-15  0.3935E-15  0.3185E-14  0.6650E-15  0.2876E-14  0.8602E-16  0.4105E-15  0.4888E-13  0.4817E-13  0.5535E-14  0.9674E-17  0.2706E-12  0.5256E-15  0.2542E-15  0.1250E-15  0.6662E-16  0.6245E-15  0.1381E-15  0.3664E-15  0.1201E-14  0.3669E-13  0.1462E-14  0.9560E-15  0.6851E-13
         291   3069.       45.81      0.2977E-12  0.8824E-15  0.1472E-15  0.9630E-16  0.6790E-16  0.5824E-16  0.5119E-16  0.2977E-16  0.1390E-16  0.3716E-17  0.1061E-17  0.1603E-15  0.6833E-15  0.1667E-14  0.1711E-14  0.6945E-15  0.5610E-15  0.3879E-15  0.3182E-14  0.6607E-15  0.2829E-14  0.8465E-16  0.4094E-15  0.4990E-13  0.4969E-13  0.5710E-14  0.9386E-17  0.2736E-12  0.5098E-15  0.2471E-15  0.1209E-15  0.6443E-16  0.6148E-15  0.1354E-15  0.3610E-15  0.1186E-14  0.3708E-13  0.1501E-14  0.9815E-15  0.7066E-13
         292   3155.       47.20      0.2992E-12  0.8676E-15  0.1418E-15  0.9272E-16  0.6538E-16  0.5608E-16  0.4930E-16  0.2867E-16  0.1338E-16  0.3579E-17  0.1022E-17  0.1586E-15  0.6757E-15  0.1643E-14  0.1682E-14  0.6872E-15  0.5535E-15  0.3821E-15  0.3178E-14  0.6561E-15  0.2782E-14  0.8325E-16  0.4080E-15  0.5090E-13  0.5122E-13  0.5885E-14  0.9105E-17  0.2766E-12  0.4941E-15  0.2400E-15  0.1169E-15  0.6227E-16  0.6049E-15  0.1327E-15  0.3556E-15  0.1171E-14  0.3745E-13  0.1539E-14  0.1007E-14  0.7282E-13
         293   3244.       48.65      0.3007E-12  0.8530E-15  0.1365E-15  0.8926E-16  0.6294E-16  0.5398E-16  0.4746E-16  0.2760E-16  0.1289E-16  0.3446E-17  0.9845E-18  0.1568E-15  0.6679E-15  0.1619E-14  0.1652E-14  0.6796E-15  0.5458E-15  0.3763E-15  0.3172E-14  0.6514E-15  0.2734E-14  0.8183E-16  0.4065E-15  0.5190E-13  0.5278E-13  0.6063E-14  0.8829E-17  0.2796E-12  0.4788E-15  0.2330E-15  0.1130E-15  0.6016E-16  0.5950E-15  0.1301E-15  0.3503E-15  0.1155E-14  0.3783E-13  0.1577E-14  0.1032E-14  0.7502E-13
         294   3335.       50.14      0.3022E-12  0.8388E-15  0.1315E-15  0.8603E-16  0.6064E-16  0.5201E-16  0.4572E-16  0.2658E-16  0.1241E-16  0.3318E-17  0.9474E-18  0.1550E-15  0.6601E-15  0.1595E-14  0.1623E-14  0.6720E-15  0.5382E-15  0.3706E-15  0.3166E-14  0.6466E-15  0.2687E-14  0.8041E-16  0.4050E-15  0.5291E-13  0.5436E-13  0.6242E-14  0.8565E-17  0.2828E-12  0.4641E-15  0.2263E-15  0.1092E-15  0.5814E-16  0.5853E-15  0.1275E-15  0.3451E-15  0.1141E-14  0.3820E-13  0.1615E-14  0.1058E-14  0.7724E-13
         295   3428.       51.70      0.3036E-12  0.8244E-15  0.1265E-15  0.8277E-16  0.5834E-16  0.5004E-16  0.4399E-16  0.2558E-16  0.1194E-16  0.3194E-17  0.9118E-18  0.1531E-15  0.6520E-15  0.1570E-14  0.1593E-14  0.6641E-15  0.5303E-15  0.3647E-15  0.3158E-14  0.6416E-15  0.2638E-14  0.7895E-16  0.4033E-15  0.5391E-13  0.5596E-13  0.6424E-14  0.8301E-17  0.2859E-12  0.4493E-15  0.2196E-15  0.1054E-15  0.5613E-16  0.5753E-15  0.1248E-15  0.3399E-15  0.1126E-14  0.3857E-13  0.1652E-14  0.1083E-14  0.7949E-13
         296   3524.       53.33      0.3050E-12  0.8101E-15  0.1217E-15  0.7961E-16  0.5612E-16  0.4813E-16  0.4231E-16  0.2461E-16  0.1149E-16  0.3073E-17  0.8773E-18  0.1512E-15  0.6437E-15  0.1545E-14  0.1563E-14  0.6560E-15  0.5223E-15  0.3587E-15  0.3149E-14  0.6364E-15  0.2588E-14  0.7747E-16  0.4014E-15  0.5490E-13  0.5758E-13  0.6607E-14  0.8042E-17  0.2890E-12  0.4349E-15  0.2131E-15  0.1018E-15  0.5416E-16  0.5652E-15  0.1222E-15  0.3348E-15  0.1111E-14  0.3893E-13  0.1689E-14  0.1109E-14  0.8177E-13
         297   3623.       55.02      0.3065E-12  0.7962E-15  0.1171E-15  0.7656E-16  0.5399E-16  0.4632E-16  0.4072E-16  0.2368E-16  0.1106E-16  0.2956E-17  0.8442E-18  0.1493E-15  0.6354E-15  0.1520E-14  0.1533E-14  0.6479E-15  0.5143E-15  0.3528E-15  0.3139E-14  0.6314E-15  0.2539E-14  0.7599E-16  0.3996E-15  0.5591E-13  0.5923E-13  0.6794E-14  0.7792E-17  0.2923E-12  0.4209E-15  0.2067E-15  0.9824E-16  0.5226E-16  0.5553E-15  0.1197E-15  0.3298E-15  0.1096E-14  0.3930E-13  0.1727E-14  0.1135E-14  0.8408E-13
         298   3725.       56.78      0.3078E-12  0.7821E-15  0.1125E-15  0.7360E-16  0.5190E-16  0.4452E-16  0.3915E-16  0.2276E-16  0.1063E-16  0.2843E-17  0.8118E-18  0.1474E-15  0.6268E-15  0.1494E-14  0.1503E-14  0.6395E-15  0.5060E-15  0.3468E-15  0.3128E-14  0.6260E-15  0.2489E-14  0.7448E-16  0.3976E-15  0.5690E-13  0.6089E-13  0.6982E-14  0.7545E-17  0.2955E-12  0.4071E-15  0.2004E-15  0.9476E-16  0.5039E-16  0.5453E-15  0.1171E-15  0.3248E-15  0.1082E-14  0.3966E-13  0.1763E-14  0.1160E-14  0.8641E-13
         299   3830.       58.61      0.3092E-12  0.7682E-15  0.1081E-15  0.7072E-16  0.4987E-16  0.4279E-16  0.3762E-16  0.2188E-16  0.1022E-16  0.2732E-17  0.7804E-18  0.1453E-15  0.6181E-15  0.1468E-14  0.1472E-14  0.6309E-15  0.4977E-15  0.3407E-15  0.3116E-14  0.6205E-15  0.2439E-14  0.7296E-16  0.3954E-15  0.5789E-13  0.6257E-13  0.7171E-14  0.7303E-17  0.2987E-12  0.3936E-15  0.1942E-15  0.9135E-16  0.4857E-16  0.5352E-15  0.1146E-15  0.3199E-15  0.1067E-14  0.4001E-13  0.1799E-14  0.1186E-14  0.8875E-13
         300   3937.       60.52      0.3106E-12  0.7545E-15  0.1039E-15  0.6791E-16  0.4789E-16  0.4108E-16  0.3612E-16  0.2102E-16  0.9817E-17  0.2627E-17  0.7506E-18  0.1433E-15  0.6093E-15  0.1442E-14  0.1442E-14  0.6223E-15  0.4893E-15  0.3347E-15  0.3103E-14  0.6150E-15  0.2388E-14  0.7145E-16  0.3933E-15  0.5889E-13  0.6429E-13  0.7364E-14  0.7068E-17  0.3021E-12  0.3805E-15  0.1882E-15  0.8808E-16  0.4681E-16  0.5252E-15  0.1121E-15  0.3152E-15  0.1053E-14  0.4037E-13  0.1835E-14  0.1212E-14  0.9116E-13
         301   4048.       62.51      0.3118E-12  0.7409E-15  0.9975E-16  0.6522E-16  0.4599E-16  0.3946E-16  0.3470E-16  0.2019E-16  0.9430E-17  0.2524E-17  0.7211E-18  0.1413E-15  0.6003E-15  0.1415E-14  0.1411E-14  0.6134E-15  0.4808E-15  0.3285E-15  0.3088E-14  0.6092E-15  0.2337E-14  0.6991E-16  0.3910E-15  0.5987E-13  0.6601E-13  0.7556E-14  0.6838E-17  0.3054E-12  0.3676E-15  0.1822E-15  0.8485E-16  0.4508E-16  0.5151E-15  0.1097E-15  0.3104E-15  0.1038E-14  0.4071E-13  0.1870E-14  0.1237E-14  0.9354E-13
         302   4161.       64.59      0.3131E-12  0.7274E-15  0.9578E-16  0.6263E-16  0.4416E-16  0.3789E-16  0.3332E-16  0.1938E-16  0.9055E-17  0.2424E-17  0.6925E-18  0.1392E-15  0.5912E-15  0.1388E-14  0.1381E-14  0.6044E-15  0.4723E-15  0.3224E-15  0.3073E-14  0.6034E-15  0.2286E-14  0.6837E-16  0.3885E-15  0.6084E-13  0.6774E-13  0.7749E-14  0.6613E-17  0.3088E-12  0.3550E-15  0.1764E-15  0.8170E-16  0.4340E-16  0.5050E-15  0.1073E-15  0.3058E-15  0.1024E-14  0.4104E-13  0.1904E-14  0.1262E-14  0.9595E-13
         303   4278.       66.75      0.3145E-12  0.7141E-15  0.9189E-16  0.6009E-16  0.4237E-16  0.3635E-16  0.3196E-16  0.1859E-16  0.8686E-17  0.2325E-17  0.6645E-18  0.1371E-15  0.5821E-15  0.1362E-14  0.1350E-14  0.5955E-15  0.4637E-15  0.3163E-15  0.3057E-14  0.5976E-15  0.2236E-14  0.6682E-16  0.3861E-15  0.6183E-13  0.6951E-13  0.7946E-14  0.6395E-17  0.3122E-12  0.3428E-15  0.1707E-15  0.7865E-16  0.4177E-16  0.4951E-15  0.1049E-15  0.3012E-15  0.1010E-14  0.4139E-13  0.1937E-14  0.1287E-14  0.9840E-13
         304   4398.       69.00      0.3157E-12  0.7010E-15  0.8818E-16  0.5766E-16  0.4066E-16  0.3489E-16  0.3068E-16  0.1785E-16  0.8336E-17  0.2232E-17  0.6377E-18  0.1349E-15  0.5728E-15  0.1335E-14  0.1320E-14  0.5863E-15  0.4551E-15  0.3102E-15  0.3040E-14  0.5916E-15  0.2185E-14  0.6528E-16  0.3836E-15  0.6279E-13  0.7127E-13  0.8142E-14  0.6180E-17  0.3156E-12  0.3308E-15  0.1652E-15  0.7567E-16  0.4018E-16  0.4850E-15  0.1025E-15  0.2967E-15  0.9953E-15  0.4171E-13  0.1970E-14  0.1311E-14  0.1008E-12
         305   4522.       71.35      0.3168E-12  0.6880E-15  0.8460E-16  0.5532E-16  0.3901E-16  0.3347E-16  0.2943E-16  0.1712E-16  0.7998E-17  0.2142E-17  0.6119E-18  0.1327E-15  0.5634E-15  0.1307E-14  0.1289E-14  0.5770E-15  0.4464E-15  0.3040E-15  0.3022E-14  0.5855E-15  0.2134E-14  0.6373E-16  0.3809E-15  0.6374E-13  0.7304E-13  0.8338E-14  0.5971E-17  0.3191E-12  0.3191E-15  0.1597E-15  0.7278E-16  0.3864E-16  0.4750E-15  0.1002E-15  0.2923E-15  0.9811E-15  0.4203E-13  0.2002E-14  0.1335E-14  0.1033E-12
         306   4649.       73.80      0.3181E-12  0.6754E-15  0.8118E-16  0.5309E-16  0.3744E-16  0.3212E-16  0.2824E-16  0.1643E-16  0.7674E-17  0.2054E-17  0.5867E-18  0.1306E-15  0.5542E-15  0.1281E-14  0.1260E-14  0.5678E-15  0.4378E-15  0.2980E-15  0.3004E-14  0.5795E-15  0.2084E-14  0.6222E-16  0.3783E-15  0.6470E-13  0.7485E-13  0.8537E-14  0.5769E-17  0.3226E-12  0.3078E-15  0.1545E-15  0.7000E-16  0.3715E-16  0.4652E-15  0.9798E-16  0.2881E-15  0.9674E-15  0.4235E-13  0.2033E-14  0.1359E-14  0.1058E-12
         307   4779.       76.37      0.3192E-12  0.6628E-15  0.7784E-16  0.5090E-16  0.3589E-16  0.3079E-16  0.2708E-16  0.1575E-16  0.7358E-17  0.1970E-17  0.5626E-18  0.1284E-15  0.5446E-15  0.1253E-14  0.1230E-14  0.5584E-15  0.4290E-15  0.2918E-15  0.2984E-14  0.5732E-15  0.2033E-14  0.6067E-16  0.3756E-15  0.6564E-13  0.7664E-13  0.8735E-14  0.5569E-17  0.3261E-12  0.2967E-15  0.1493E-15  0.6727E-16  0.3569E-16  0.4553E-15  0.9574E-16  0.2838E-15  0.9535E-15  0.4266E-13  0.2062E-14  0.1382E-14  0.1082E-12
         308   4913.       79.05      0.3203E-12  0.6503E-15  0.7461E-16  0.4879E-16  0.3440E-16  0.2952E-16  0.2595E-16  0.1510E-16  0.7053E-17  0.1888E-17  0.5393E-18  0.1262E-15  0.5350E-15  0.1226E-14  0.1200E-14  0.5488E-15  0.4202E-15  0.2857E-15  0.2963E-14  0.5668E-15  0.1983E-14  0.5914E-16  0.3727E-15  0.6656E-13  0.7844E-13  0.8934E-14  0.5375E-17  0.3296E-12  0.2858E-15  0.1442E-15  0.6461E-16  0.3428E-16  0.4455E-15  0.9355E-16  0.2796E-15  0.9396E-15  0.4296E-13  0.2091E-14  0.1405E-14  0.1107E-12
         309   5051.       81.83      0.3215E-12  0.6383E-15  0.7157E-16  0.4680E-16  0.3301E-16  0.2832E-16  0.2490E-16  0.1448E-16  0.6765E-17  0.1811E-17  0.5172E-18  0.1240E-15  0.5256E-15  0.1199E-14  0.1170E-14  0.5395E-15  0.4116E-15  0.2797E-15  0.2942E-14  0.5606E-15  0.1933E-14  0.5764E-16  0.3699E-15  0.6750E-13  0.8028E-13  0.9135E-14  0.5186E-17  0.3333E-12  0.2755E-15  0.1393E-15  0.6209E-16  0.3293E-16  0.4359E-15  0.9145E-16  0.2757E-15  0.9262E-15  0.4326E-13  0.2119E-14  0.1427E-14  0.1132E-12
         310   5193.       84.76      0.3225E-12  0.6261E-15  0.6855E-16  0.4483E-16  0.3161E-16  0.2712E-16  0.2385E-16  0.1387E-16  0.6480E-17  0.1735E-17  0.4955E-18  0.1217E-15  0.5159E-15  0.1172E-14  0.1141E-14  0.5298E-15  0.4028E-15  0.2736E-15  0.2919E-14  0.5541E-15  0.1883E-14  0.5612E-16  0.3670E-15  0.6841E-13  0.8209E-13  0.9334E-14  0.5001E-17  0.3368E-12  0.2653E-15  0.1345E-15  0.5959E-16  0.3160E-16  0.4261E-15  0.8934E-16  0.2717E-15  0.9125E-15  0.4355E-13  0.2145E-14  0.1448E-14  0.1157E-12
         311   5339.       87.82      0.3235E-12  0.6142E-15  0.6564E-16  0.4292E-16  0.3027E-16  0.2597E-16  0.2284E-16  0.1328E-16  0.6205E-17  0.1661E-17  0.4745E-18  0.1195E-15  0.5062E-15  0.1144E-14  0.1111E-14  0.5201E-15  0.3940E-15  0.2676E-15  0.2896E-14  0.5475E-15  0.1834E-14  0.5461E-16  0.3639E-15  0.6931E-13  0.8392E-13  0.9533E-14  0.4821E-17  0.3404E-12  0.2553E-15  0.1298E-15  0.5717E-16  0.3031E-16  0.4164E-15  0.8728E-16  0.2678E-15  0.8990E-15  0.4382E-13  0.2170E-14  0.1469E-14  0.1182E-12
         312   5489.       91.02      0.3246E-12  0.6026E-15  0.6285E-16  0.4109E-16  0.2898E-16  0.2487E-16  0.2187E-16  0.1273E-16  0.5945E-17  0.1591E-17  0.4545E-18  0.1172E-15  0.4966E-15  0.1118E-14  0.1083E-14  0.5105E-15  0.3855E-15  0.2617E-15  0.2873E-14  0.5411E-15  0.1785E-14  0.5313E-16  0.3610E-15  0.7021E-13  0.8576E-13  0.9735E-14  0.4648E-17  0.3440E-12  0.2457E-15  0.1252E-15  0.5484E-16  0.2907E-16  0.4070E-15  0.8532E-16  0.2641E-15  0.8858E-15  0.4410E-13  0.2195E-14  0.1489E-14  0.1207E-12
         313   5643.       94.38      0.3255E-12  0.5909E-15  0.6013E-16  0.3932E-16  0.2773E-16  0.2379E-16  0.2093E-16  0.1218E-16  0.5689E-17  0.1523E-17  0.4350E-18  0.1150E-15  0.4868E-15  0.1090E-14  0.1054E-14  0.5007E-15  0.3767E-15  0.2556E-15  0.2848E-14  0.5344E-15  0.1736E-14  0.5164E-16  0.3579E-15  0.7109E-13  0.8759E-13  0.9934E-14  0.4477E-17  0.3476E-12  0.2362E-15  0.1207E-15  0.5256E-16  0.2786E-16  0.3975E-15  0.8335E-16  0.2603E-15  0.8725E-15  0.4436E-13  0.2217E-14  0.1508E-14  0.1232E-12
         314   5801.       97.90      0.3264E-12  0.5795E-15  0.5752E-16  0.3761E-16  0.2652E-16  0.2276E-16  0.2002E-16  0.1165E-16  0.5441E-17  0.1457E-17  0.4161E-18  0.1127E-15  0.4769E-15  0.1063E-14  0.1025E-14  0.4909E-15  0.3680E-15  0.2497E-15  0.2822E-14  0.5276E-15  0.1688E-14  0.5016E-16  0.3547E-15  0.7196E-13  0.8942E-13  0.1013E-13  0.4311E-17  0.3512E-12  0.2271E-15  0.1164E-15  0.5036E-16  0.2669E-16  0.3881E-15  0.8142E-16  0.2567E-15  0.8592E-15  0.4460E-13  0.2239E-14  0.1526E-14  0.1257E-12
         315   5964.       101.6      0.3274E-12  0.5685E-15  0.5496E-16  0.3593E-16  0.2534E-16  0.2175E-16  0.1912E-16  0.1113E-16  0.5203E-17  0.1394E-17  0.3982E-18  0.1104E-15  0.4674E-15  0.1037E-14  0.9977E-15  0.4813E-15  0.3595E-15  0.2439E-15  0.2797E-14  0.5210E-15  0.1641E-14  0.4874E-16  0.3517E-15  0.7283E-13  0.9127E-13  0.1033E-13  0.4153E-17  0.3549E-12  0.2183E-15  0.1122E-15  0.4825E-16  0.2556E-16  0.3790E-15  0.7959E-16  0.2533E-15  0.8465E-15  0.4486E-13  0.2259E-14  0.1544E-14  0.1282E-12
         316   6132.       105.4      0.3282E-12  0.5574E-15  0.5253E-16  0.3435E-16  0.2422E-16  0.2079E-16  0.1828E-16  0.1064E-16  0.4973E-17  0.1332E-17  0.3807E-18  0.1081E-15  0.4575E-15  0.1010E-14  0.9697E-15  0.4715E-15  0.3508E-15  0.2380E-15  0.2770E-14  0.5142E-15  0.1594E-14  0.4730E-16  0.3484E-15  0.7367E-13  0.9309E-13  0.1053E-13  0.3995E-17  0.3584E-12  0.2096E-15  0.1080E-15  0.4619E-16  0.2447E-16  0.3697E-15  0.7775E-16  0.2498E-15  0.8335E-15  0.4508E-13  0.2278E-14  0.1560E-14  0.1306E-12
         317   6304.       109.5      0.3290E-12  0.5465E-15  0.5019E-16  0.3282E-16  0.2314E-16  0.1986E-16  0.1746E-16  0.1016E-16  0.4752E-17  0.1273E-17  0.3637E-18  0.1058E-15  0.4477E-15  0.9833E-15  0.9421E-15  0.4616E-15  0.3422E-15  0.2321E-15  0.2742E-14  0.5073E-15  0.1547E-14  0.4587E-16  0.3451E-15  0.7450E-13  0.9491E-13  0.1073E-13  0.3841E-17  0.3620E-12  0.2012E-15  0.1040E-15  0.4419E-16  0.2341E-16  0.3606E-15  0.7597E-16  0.2464E-15  0.8206E-15  0.4530E-13  0.2295E-14  0.1575E-14  0.1331E-12
         318   6481.       113.8      0.3299E-12  0.5360E-15  0.4794E-16  0.3134E-16  0.2210E-16  0.1897E-16  0.1668E-16  0.9705E-17  0.4535E-17  0.1216E-17  0.3476E-18  0.1036E-15  0.4381E-15  0.9574E-15  0.9153E-15  0.4519E-15  0.3338E-15  0.2264E-15  0.2715E-14  0.5005E-15  0.1501E-14  0.4448E-16  0.3420E-15  0.7534E-13  0.9676E-13  0.1093E-13  0.3693E-17  0.3657E-12  0.1932E-15  0.1001E-15  0.4230E-16  0.2240E-16  0.3518E-15  0.7427E-16  0.2433E-15  0.8081E-15  0.4551E-13  0.2311E-14  0.1590E-14  0.1355E-12
         319   6663.       118.2      0.3306E-12  0.5255E-15  0.4577E-16  0.2992E-16  0.2110E-16  0.1811E-16  0.1592E-16  0.9266E-17  0.4330E-17  0.1161E-17  0.3318E-18  0.1013E-15  0.4282E-15  0.9311E-15  0.8883E-15  0.4420E-15  0.3252E-15  0.2207E-15  0.2686E-14  0.4935E-15  0.1456E-14  0.4309E-16  0.3386E-15  0.7614E-13  0.9857E-13  0.1112E-13  0.3547E-17  0.3692E-12  0.1853E-15  0.9629E-16  0.4044E-16  0.2141E-16  0.3430E-15  0.7258E-16  0.2401E-15  0.7954E-15  0.4570E-13  0.2325E-14  0.1603E-14  0.1380E-12
         320   6850.       123.0      0.3312E-12  0.5151E-15  0.4368E-16  0.2856E-16  0.2014E-16  0.1728E-16  0.1520E-16  0.8843E-17  0.4133E-17  0.1108E-17  0.3167E-18  0.9900E-16  0.4184E-15  0.9051E-15  0.8618E-15  0.4322E-15  0.3168E-15  0.2150E-15  0.2657E-14  0.4865E-15  0.1410E-14  0.4172E-16  0.3352E-15  0.7693E-13  0.1004E-12  0.1131E-13  0.3406E-17  0.3727E-12  0.1777E-15  0.9257E-16  0.3864E-16  0.2046E-16  0.3342E-15  0.7093E-16  0.2370E-15  0.7828E-15  0.4588E-13  0.2338E-14  0.1614E-14  0.1404E-12
         321   7042.       127.9      0.3320E-12  0.5053E-15  0.4169E-16  0.2726E-16  0.1922E-16  0.1649E-16  0.1450E-16  0.8440E-17  0.3944E-17  0.1057E-17  0.3018E-18  0.9677E-16  0.4089E-15  0.8799E-15  0.8363E-15  0.4226E-15  0.3086E-15  0.2095E-15  0.2628E-14  0.4797E-15  0.1367E-14  0.4039E-16  0.3320E-15  0.7774E-13  0.1022E-12  0.1151E-13  0.3269E-17  0.3763E-12  0.1704E-15  0.8903E-16  0.3693E-16  0.1955E-16  0.3258E-15  0.6937E-16  0.2341E-15  0.7708E-15  0.4605E-13  0.2350E-14  0.1625E-14  0.1428E-12
         322   7240.       133.1      0.3326E-12  0.4953E-15  0.3975E-16  0.2599E-16  0.1833E-16  0.1573E-16  0.1383E-16  0.8048E-17  0.3760E-17  0.1008E-17  0.2878E-18  0.9449E-16  0.3992E-15  0.8544E-15  0.8105E-15  0.4128E-15  0.3003E-15  0.2039E-15  0.2597E-14  0.4726E-15  0.1323E-14  0.3906E-16  0.3286E-15  0.7850E-13  0.1039E-12  0.1170E-13  0.3135E-17  0.3798E-12  0.1632E-15  0.8551E-16  0.3525E-16  0.1866E-16  0.3173E-15  0.6781E-16  0.2312E-15  0.7584E-15  0.4620E-13  0.2359E-14  0.1634E-14  0.1452E-12
         323   7443.       138.6      0.3331E-12  0.4855E-15  0.3790E-16  0.2478E-16  0.1748E-16  0.1500E-16  0.1319E-16  0.7673E-17  0.3585E-17  0.9606E-18  0.2744E-18  0.9223E-16  0.3896E-15  0.8294E-15  0.7854E-15  0.4031E-15  0.2921E-15  0.1984E-15  0.2566E-14  0.4656E-15  0.1281E-14  0.3777E-16  0.3252E-15  0.7925E-13  0.1057E-12  0.1188E-13  0.3007E-17  0.3832E-12  0.1563E-15  0.8212E-16  0.3364E-16  0.1780E-16  0.3091E-15  0.6631E-16  0.2284E-15  0.7462E-15  0.4633E-13  0.2367E-14  0.1641E-14  0.1475E-12
         324   7652.       144.4      0.3336E-12  0.4759E-15  0.3611E-16  0.2361E-16  0.1665E-16  0.1429E-16  0.1256E-16  0.7310E-17  0.3416E-17  0.9152E-18  0.2614E-18  0.8996E-16  0.3799E-15  0.8044E-15  0.7604E-15  0.3933E-15  0.2840E-15  0.1930E-15  0.2535E-14  0.4584E-15  0.1238E-14  0.3649E-16  0.3217E-15  0.7998E-13  0.1074E-12  0.1207E-13  0.2882E-17  0.3865E-12  0.1495E-15  0.7881E-16  0.3208E-16  0.1697E-16  0.3009E-15  0.6483E-16  0.2257E-15  0.7341E-15  0.4645E-13  0.2374E-14  0.1647E-14  0.1498E-12
         325   7867.       150.5      0.3341E-12  0.4664E-15  0.3439E-16  0.2248E-16  0.1585E-16  0.1360E-16  0.1196E-16  0.6962E-17  0.3253E-17  0.8715E-18  0.2489E-18  0.8771E-16  0.3703E-15  0.7798E-15  0.7359E-15  0.3836E-15  0.2759E-15  0.1876E-15  0.2503E-14  0.4513E-15  0.1197E-14  0.3522E-16  0.3182E-15  0.8070E-13  0.1092E-12  0.1225E-13  0.2760E-17  0.3899E-12  0.1430E-15  0.7560E-16  0.3058E-16  0.1618E-16  0.2929E-15  0.6340E-16  0.2231E-15  0.7220E-15  0.4654E-13  0.2378E-14  0.1651E-14  0.1521E-12
         326   8088.       157.0      0.3345E-12  0.4571E-15  0.3273E-16  0.2140E-16  0.1509E-16  0.1295E-16  0.1139E-16  0.6627E-17  0.3096E-17  0.8296E-18  0.2369E-18  0.8547E-16  0.3608E-15  0.7556E-15  0.7118E-15  0.3740E-15  0.2679E-15  0.1822E-15  0.2471E-14  0.4441E-15  0.1156E-14  0.3399E-16  0.3147E-15  0.8140E-13  0.1109E-12  0.1243E-13  0.2642E-17  0.3931E-12  0.1367E-15  0.7248E-16  0.2913E-16  0.1541E-16  0.2850E-15  0.6200E-16  0.2206E-15  0.7101E-15  0.4662E-13  0.2381E-14  0.1654E-14  0.1543E-12
         327   8315.       163.8      0.3348E-12  0.4479E-15  0.3114E-16  0.2036E-16  0.1436E-16  0.1232E-16  0.1083E-16  0.6305E-17  0.2946E-17  0.7893E-18  0.2254E-18  0.8325E-16  0.3513E-15  0.7316E-15  0.6882E-15  0.3644E-15  0.2600E-15  0.1770E-15  0.2438E-14  0.4369E-15  0.1116E-14  0.3277E-16  0.3112E-15  0.8208E-13  0.1125E-12  0.1261E-13  0.2528E-17  0.3963E-12  0.1307E-15  0.6946E-16  0.2773E-16  0.1467E-16  0.2773E-15  0.6064E-16  0.2181E-15  0.6983E-15  0.4667E-13  0.2383E-14  0.1655E-14  0.1565E-12
         328   8548.       171.0      0.3351E-12  0.4389E-15  0.2961E-16  0.1936E-16  0.1365E-16  0.1172E-16  0.1030E-16  0.5995E-17  0.2801E-17  0.7506E-18  0.2144E-18  0.8104E-16  0.3419E-15  0.7081E-15  0.6650E-15  0.3549E-15  0.2523E-15  0.1718E-15  0.2405E-14  0.4297E-15  0.1076E-14  0.3158E-16  0.3077E-15  0.8275E-13  0.1142E-12  0.1278E-13  0.2417E-17  0.3994E-12  0.1248E-15  0.6653E-16  0.2639E-16  0.1396E-16  0.2697E-15  0.5931E-16  0.2158E-15  0.6865E-15  0.4671E-13  0.2383E-14  0.1654E-14  0.1587E-12
         329   8788.       178.7      0.3353E-12  0.4300E-15  0.2815E-16  0.1840E-16  0.1298E-16  0.1114E-16  0.9793E-17  0.5699E-17  0.2663E-17  0.7134E-18  0.2038E-18  0.7884E-16  0.3326E-15  0.6849E-15  0.6422E-15  0.3454E-15  0.2446E-15  0.1667E-15  0.2371E-14  0.4225E-15  0.1038E-14  0.3042E-16  0.3042E-15  0.8341E-13  0.1158E-12  0.1295E-13  0.2310E-17  0.4024E-12  0.1191E-15  0.6370E-16  0.2510E-16  0.1327E-16  0.2624E-15  0.5802E-16  0.2135E-15  0.6749E-15  0.4673E-13  0.2381E-14  0.1652E-14  0.1608E-12
         330   9035.       186.8      0.3355E-12  0.4213E-15  0.2674E-16  0.1748E-16  0.1233E-16  0.1058E-16  0.9303E-17  0.5414E-17  0.2529E-17  0.6777E-18  0.1936E-18  0.7667E-16  0.3233E-15  0.6620E-15  0.6199E-15  0.3360E-15  0.2370E-15  0.1616E-15  0.2338E-14  0.4153E-15  0.1000E-14  0.2928E-16  0.3006E-15  0.8404E-13  0.1174E-12  0.1312E-13  0.2206E-17  0.4054E-12  0.1136E-15  0.6095E-16  0.2386E-16  0.1262E-16  0.2552E-15  0.5677E-16  0.2113E-15  0.6634E-15  0.4672E-13  0.2377E-14  0.1648E-14  0.1629E-12
         331   9288.       195.3      0.3357E-12  0.4126E-15  0.2539E-16  0.1660E-16  0.1171E-16  0.1004E-16  0.8833E-17  0.5140E-17  0.2402E-17  0.6435E-18  0.1838E-18  0.7451E-16  0.3142E-15  0.6396E-15  0.5981E-15  0.3267E-15  0.2296E-15  0.1567E-15  0.2304E-14  0.4081E-15  0.9635E-15  0.2817E-16  0.2971E-15  0.8466E-13  0.1189E-12  0.1328E-13  0.2106E-17  0.4082E-12  0.1084E-15  0.5829E-16  0.2267E-16  0.1199E-16  0.2482E-15  0.5554E-16  0.2093E-15  0.6520E-15  0.4669E-13  0.2372E-14  0.1642E-14  0.1649E-12
         332   9549.       204.4      0.3357E-12  0.4042E-15  0.2409E-16  0.1575E-16  0.1111E-16  0.9532E-17  0.8382E-17  0.4878E-17  0.2279E-17  0.6106E-18  0.1744E-18  0.7237E-16  0.3051E-15  0.6175E-15  0.5767E-15  0.3175E-15  0.2222E-15  0.1518E-15  0.2269E-14  0.4009E-15  0.9275E-15  0.2708E-16  0.2935E-15  0.8526E-13  0.1204E-12  0.1344E-13  0.2009E-17  0.4110E-12  0.1033E-15  0.5572E-16  0.2152E-16  0.1138E-16  0.2413E-15  0.5434E-16  0.2073E-15  0.6407E-15  0.4663E-13  0.2365E-14  0.1634E-14  0.1669E-12
         333   9817.       214.0      0.3358E-12  0.3958E-15  0.2285E-16  0.1494E-16  0.1054E-16  0.9041E-17  0.7950E-17  0.4626E-17  0.2162E-17  0.5792E-18  0.1654E-18  0.7026E-16  0.2961E-15  0.5959E-15  0.5558E-15  0.3084E-15  0.2150E-15  0.1470E-15  0.2235E-14  0.3937E-15  0.8923E-15  0.2602E-16  0.2900E-15  0.8584E-13  0.1219E-12  0.1360E-13  0.1915E-17  0.4136E-12  0.9836E-16  0.5324E-16  0.2042E-16  0.1080E-16  0.2346E-15  0.5317E-16  0.2053E-15  0.6295E-15  0.4655E-13  0.2357E-14  0.1624E-14  0.1689E-12
         334  0.1009E+05   224.3      0.3357E-12  0.3875E-15  0.2166E-16  0.1416E-16  0.9987E-17  0.8570E-17  0.7536E-17  0.4385E-17  0.2049E-17  0.5490E-18  0.1568E-18  0.6817E-16  0.2873E-15  0.5747E-15  0.5353E-15  0.2993E-15  0.2079E-15  0.1422E-15  0.2200E-14  0.3865E-15  0.8579E-15  0.2499E-16  0.2864E-15  0.8640E-13  0.1234E-12  0.1375E-13  0.1825E-17  0.4162E-12  0.9363E-16  0.5083E-16  0.1937E-16  0.1024E-16  0.2281E-15  0.5203E-16  0.2035E-15  0.6184E-15  0.4644E-13  0.2347E-14  0.1613E-14  0.1707E-12
         335  0.1038E+05   235.2      0.3356E-12  0.3793E-15  0.2052E-16  0.1342E-16  0.9461E-17  0.8119E-17  0.7139E-17  0.4154E-17  0.1941E-17  0.5201E-18  0.1486E-18  0.6610E-16  0.2785E-15  0.5539E-15  0.5153E-15  0.2903E-15  0.2009E-15  0.1376E-15  0.2165E-14  0.3794E-15  0.8244E-15  0.2398E-16  0.2828E-15  0.8694E-13  0.1248E-12  0.1389E-13  0.1737E-17  0.4186E-12  0.8908E-16  0.4851E-16  0.1836E-16  0.9703E-17  0.2218E-15  0.5091E-16  0.2018E-15  0.6074E-15  0.4631E-13  0.2335E-14  0.1600E-14  0.1725E-12
         336  0.1067E+05   246.8      0.3354E-12  0.3712E-15  0.1943E-16  0.1270E-16  0.8958E-17  0.7687E-17  0.6759E-17  0.3933E-17  0.1838E-17  0.4924E-18  0.1406E-18  0.6405E-16  0.2698E-15  0.5335E-15  0.4958E-15  0.2815E-15  0.1940E-15  0.1330E-15  0.2130E-14  0.3722E-15  0.7917E-15  0.2300E-16  0.2793E-15  0.8747E-13  0.1261E-12  0.1403E-13  0.1653E-17  0.4208E-12  0.8470E-16  0.4627E-16  0.1739E-16  0.9190E-17  0.2157E-15  0.4981E-16  0.2001E-15  0.5965E-15  0.4615E-13  0.2322E-14  0.1584E-14  0.1743E-12
         337  0.1097E+05   259.1      0.3352E-12  0.3632E-15  0.1838E-16  0.1202E-16  0.8476E-17  0.7273E-17  0.6396E-17  0.3722E-17  0.1739E-17  0.4659E-18  0.1331E-18  0.6204E-16  0.2612E-15  0.5135E-15  0.4768E-15  0.2728E-15  0.1873E-15  0.1285E-15  0.2095E-14  0.3650E-15  0.7599E-15  0.2204E-16  0.2757E-15  0.8797E-13  0.1274E-12  0.1417E-13  0.1571E-17  0.4230E-12  0.8048E-16  0.4411E-16  0.1646E-16  0.8698E-17  0.2098E-15  0.4872E-16  0.1985E-15  0.5857E-15  0.4595E-13  0.2308E-14  0.1567E-14  0.1760E-12
         338  0.1127E+05   272.3      0.3348E-12  0.3553E-15  0.1738E-16  0.1136E-16  0.8015E-17  0.6877E-17  0.6048E-17  0.3519E-17  0.1644E-17  0.4405E-18  0.1258E-18  0.6004E-16  0.2528E-15  0.4940E-15  0.4582E-15  0.2641E-15  0.1807E-15  0.1241E-15  0.2059E-14  0.3579E-15  0.7289E-15  0.2111E-16  0.2721E-15  0.8845E-13  0.1286E-12  0.1430E-13  0.1493E-17  0.4249E-12  0.7643E-16  0.4202E-16  0.1557E-16  0.8227E-17  0.2040E-15  0.4766E-16  0.1970E-15  0.5749E-15  0.4573E-13  0.2292E-14  0.1549E-14  0.1776E-12
         339  0.1159E+05   286.3      0.3344E-12  0.3474E-15  0.1642E-16  0.1074E-16  0.7573E-17  0.6499E-17  0.5715E-17  0.3325E-17  0.1554E-17  0.4163E-18  0.1189E-18  0.5808E-16  0.2445E-15  0.4749E-15  0.4401E-15  0.2556E-15  0.1742E-15  0.1198E-15  0.2024E-14  0.3508E-15  0.6987E-15  0.2021E-16  0.2685E-15  0.8890E-13  0.1298E-12  0.1442E-13  0.1417E-17  0.4268E-12  0.7254E-16  0.4000E-16  0.1471E-16  0.7776E-17  0.1984E-15  0.4661E-16  0.1955E-15  0.5643E-15  0.4548E-13  0.2274E-14  0.1528E-14  0.1791E-12
         340  0.1192E+05   301.3      0.3340E-12  0.3395E-15  0.1551E-16  0.1014E-16  0.7152E-17  0.6137E-17  0.5396E-17  0.3140E-17  0.1467E-17  0.3931E-18  0.1123E-18  0.5614E-16  0.2363E-15  0.4563E-15  0.4224E-15  0.2472E-15  0.1678E-15  0.1156E-15  0.1988E-14  0.3436E-15  0.6694E-15  0.1933E-16  0.2649E-15  0.8934E-13  0.1310E-12  0.1454E-13  0.1344E-17  0.4284E-12  0.6879E-16  0.3806E-16  0.1390E-16  0.7345E-17  0.1930E-15  0.4557E-16  0.1942E-15  0.5537E-15  0.4519E-13  0.2255E-14  0.1506E-14  0.1806E-12
         341  0.1225E+05   317.4      0.3334E-12  0.3317E-15  0.1464E-16  0.9569E-17  0.6749E-17  0.5791E-17  0.5092E-17  0.2963E-17  0.1385E-17  0.3709E-18  0.1060E-18  0.5423E-16  0.2282E-15  0.4381E-15  0.4052E-15  0.2389E-15  0.1616E-15  0.1114E-15  0.1952E-14  0.3365E-15  0.6409E-15  0.1848E-16  0.2614E-15  0.8974E-13  0.1321E-12  0.1465E-13  0.1274E-17  0.4299E-12  0.6520E-16  0.3619E-16  0.1312E-16  0.6932E-17  0.1878E-15  0.4454E-16  0.1928E-15  0.5432E-15  0.4487E-13  0.2234E-14  0.1482E-14  0.1820E-12
         342  0.1260E+05   334.6      0.3328E-12  0.3239E-15  0.1380E-16  0.9024E-17  0.6364E-17  0.5460E-17  0.4802E-17  0.2794E-17  0.1306E-17  0.3498E-18  0.9991E-19  0.5235E-16  0.2202E-15  0.4203E-15  0.3884E-15  0.2307E-15  0.1555E-15  0.1074E-15  0.1916E-14  0.3295E-15  0.6132E-15  0.1765E-16  0.2578E-15  0.9013E-13  0.1331E-12  0.1475E-13  0.1207E-17  0.4312E-12  0.6175E-16  0.3439E-16  0.1237E-16  0.6538E-17  0.1827E-15  0.4352E-16  0.1916E-15  0.5328E-15  0.4452E-13  0.2212E-14  0.1456E-14  0.1833E-12
         343  0.1295E+05   353.0      0.3320E-12  0.3161E-15  0.1300E-16  0.8502E-17  0.5996E-17  0.5145E-17  0.4524E-17  0.2633E-17  0.1230E-17  0.3296E-18  0.9414E-19  0.5051E-16  0.2124E-15  0.4030E-15  0.3721E-15  0.2226E-15  0.1495E-15  0.1034E-15  0.1880E-14  0.3224E-15  0.5863E-15  0.1685E-16  0.2542E-15  0.9048E-13  0.1340E-12  0.1485E-13  0.1142E-17  0.4323E-12  0.5844E-16  0.3265E-16  0.1166E-16  0.6162E-17  0.1778E-15  0.4250E-16  0.1903E-15  0.5224E-15  0.4413E-13  0.2188E-14  0.1428E-14  0.1845E-12
         344  0.1331E+05   372.7      0.3312E-12  0.3084E-15  0.1224E-16  0.8005E-17  0.5645E-17  0.4844E-17  0.4260E-17  0.2479E-17  0.1158E-17  0.3103E-18  0.8863E-19  0.4869E-16  0.2047E-15  0.3861E-15  0.3562E-15  0.2147E-15  0.1437E-15  0.9947E-16  0.1844E-14  0.3154E-15  0.5603E-15  0.1607E-16  0.2506E-15  0.9081E-13  0.1349E-12  0.1494E-13  0.1080E-17  0.4332E-12  0.5527E-16  0.3098E-16  0.1098E-16  0.5802E-17  0.1731E-15  0.4149E-16  0.1892E-15  0.5121E-15  0.4371E-13  0.2164E-14  0.1400E-14  0.1856E-12
         345  0.1369E+05   393.9      0.3303E-12  0.3006E-15  0.1152E-16  0.7531E-17  0.5311E-17  0.4557E-17  0.4007E-17  0.2332E-17  0.1090E-17  0.2919E-18  0.8338E-19  0.4690E-16  0.1971E-15  0.3696E-15  0.3408E-15  0.2069E-15  0.1380E-15  0.9566E-16  0.1809E-14  0.3084E-15  0.5350E-15  0.1532E-16  0.2470E-15  0.9111E-13  0.1357E-12  0.1502E-13  0.1020E-17  0.4339E-12  0.5223E-16  0.2938E-16  0.1033E-16  0.5459E-17  0.1686E-15  0.4048E-16  0.1881E-15  0.5019E-15  0.4325E-13  0.2137E-14  0.1369E-14  0.1866E-12
         346  0.1407E+05   416.7      0.3292E-12  0.2928E-15  0.1083E-16  0.7079E-17  0.4992E-17  0.4284E-17  0.3767E-17  0.2192E-17  0.1024E-17  0.2744E-18  0.7838E-19  0.4515E-16  0.1897E-15  0.3536E-15  0.3258E-15  0.1993E-15  0.1324E-15  0.9193E-16  0.1773E-14  0.3014E-15  0.5106E-15  0.1459E-16  0.2434E-15  0.9137E-13  0.1365E-12  0.1510E-13  0.9631E-18  0.4343E-12  0.4932E-16  0.2784E-16  0.9715E-17  0.5132E-17  0.1642E-15  0.3948E-16  0.1870E-15  0.4918E-15  0.4276E-13  0.2110E-14  0.1337E-14  0.1876E-12
         347  0.1447E+05   441.2      0.3281E-12  0.2851E-15  0.1017E-16  0.6648E-17  0.4688E-17  0.4023E-17  0.3538E-17  0.2059E-17  0.9618E-18  0.2577E-18  0.7361E-19  0.4343E-16  0.1824E-15  0.3380E-15  0.3113E-15  0.1918E-15  0.1269E-15  0.8829E-16  0.1737E-14  0.2945E-15  0.4869E-15  0.1388E-16  0.2398E-15  0.9161E-13  0.1372E-12  0.1516E-13  0.9082E-18  0.4345E-12  0.4653E-16  0.2635E-16  0.9125E-17  0.4821E-17  0.1600E-15  0.3847E-16  0.1859E-15  0.4817E-15  0.4223E-13  0.2081E-14  0.1304E-14  0.1884E-12
         348  0.1487E+05   467.6      0.3269E-12  0.2773E-15  0.9541E-17  0.6238E-17  0.4399E-17  0.3775E-17  0.3319E-17  0.1932E-17  0.9025E-18  0.2418E-18  0.6906E-19  0.4174E-16  0.1753E-15  0.3229E-15  0.2971E-15  0.1844E-15  0.1216E-15  0.8473E-16  0.1701E-14  0.2876E-15  0.4640E-15  0.1320E-16  0.2362E-15  0.9181E-13  0.1377E-12  0.1522E-13  0.8556E-18  0.4345E-12  0.4387E-16  0.2493E-16  0.8563E-17  0.4524E-17  0.1559E-15  0.3746E-16  0.1849E-15  0.4717E-15  0.4167E-13  0.2052E-14  0.1270E-14  0.1891E-12
         349  0.1529E+05   496.1      0.3255E-12  0.2695E-15  0.8944E-17  0.5848E-17  0.4124E-17  0.3539E-17  0.3112E-17  0.1811E-17  0.8460E-18  0.2266E-18  0.6474E-19  0.4009E-16  0.1683E-15  0.3082E-15  0.2834E-15  0.1771E-15  0.1165E-15  0.8126E-16  0.1665E-14  0.2807E-15  0.4418E-15  0.1254E-16  0.2326E-15  0.9197E-13  0.1382E-12  0.1527E-13  0.8052E-18  0.4343E-12  0.4132E-16  0.2357E-16  0.8029E-17  0.4241E-17  0.1520E-15  0.3645E-16  0.1839E-15  0.4617E-15  0.4107E-13  0.2021E-14  0.1234E-14  0.1897E-12
         350  0.1572E+05   526.7      0.3241E-12  0.2616E-15  0.8376E-17  0.5477E-17  0.3862E-17  0.3314E-17  0.2914E-17  0.1696E-17  0.7923E-18  0.2122E-18  0.6063E-19  0.3847E-16  0.1614E-15  0.2939E-15  0.2702E-15  0.1700E-15  0.1114E-15  0.7787E-16  0.1629E-14  0.2739E-15  0.4204E-15  0.1191E-16  0.2290E-15  0.9210E-13  0.1387E-12  0.1531E-13  0.7570E-18  0.4338E-12  0.3889E-16  0.2226E-16  0.7520E-17  0.3972E-17  0.1483E-15  0.3543E-16  0.1829E-15  0.4518E-15  0.4044E-13  0.1989E-14  0.1198E-14  0.1902E-12
         351  0.1616E+05   559.8      0.3225E-12  0.2537E-15  0.7837E-17  0.5124E-17  0.3613E-17  0.3101E-17  0.2727E-17  0.1587E-17  0.7413E-18  0.1986E-18  0.5673E-19  0.3689E-16  0.1547E-15  0.2801E-15  0.2573E-15  0.1631E-15  0.1065E-15  0.7457E-16  0.1593E-14  0.2670E-15  0.3998E-15  0.1130E-16  0.2254E-15  0.9218E-13  0.1390E-12  0.1534E-13  0.7109E-18  0.4330E-12  0.3656E-16  0.2100E-16  0.7037E-17  0.3717E-17  0.1446E-15  0.3441E-16  0.1819E-15  0.4420E-15  0.3977E-13  0.1955E-14  0.1160E-14  0.1905E-12
         352  0.1661E+05   595.6      0.3208E-12  0.2458E-15  0.7324E-17  0.4789E-17  0.3377E-17  0.2898E-17  0.2548E-17  0.1483E-17  0.6928E-18  0.1856E-18  0.5302E-19  0.3534E-16  0.1482E-15  0.2667E-15  0.2449E-15  0.1562E-15  0.1018E-15  0.7135E-16  0.1558E-14  0.2603E-15  0.3799E-15  0.1071E-16  0.2218E-15  0.9223E-13  0.1393E-12  0.1537E-13  0.6669E-18  0.4320E-12  0.3434E-16  0.1980E-16  0.6577E-17  0.3474E-17  0.1412E-15  0.3338E-16  0.1809E-15  0.4322E-15  0.3907E-13  0.1921E-14  0.1122E-14  0.1908E-12
         353  0.1708E+05   634.2      0.3189E-12  0.2379E-15  0.6838E-17  0.4471E-17  0.3153E-17  0.2706E-17  0.2379E-17  0.1384E-17  0.6468E-18  0.1733E-18  0.4950E-19  0.3382E-16  0.1417E-15  0.2537E-15  0.2328E-15  0.1496E-15  0.9713E-16  0.6821E-16  0.1522E-14  0.2536E-15  0.3607E-15  0.1014E-16  0.2182E-15  0.9223E-13  0.1394E-12  0.1538E-13  0.6249E-18  0.4307E-12  0.3223E-16  0.1865E-16  0.6141E-17  0.3244E-17  0.1378E-15  0.3235E-16  0.1799E-15  0.4225E-15  0.3834E-13  0.1886E-14  0.1083E-14  0.1909E-12
         354  0.1756E+05   676.0      0.3170E-12  0.2299E-15  0.6377E-17  0.4169E-17  0.2940E-17  0.2523E-17  0.2219E-17  0.1291E-17  0.6032E-18  0.1616E-18  0.4616E-19  0.3234E-16  0.1355E-15  0.2412E-15  0.2212E-15  0.1431E-15  0.9263E-16  0.6516E-16  0.1487E-14  0.2469E-15  0.3422E-15  0.9593E-17  0.2146E-15  0.9219E-13  0.1395E-12  0.1538E-13  0.5848E-18  0.4291E-12  0.3021E-16  0.1755E-16  0.5727E-17  0.3025E-17  0.1346E-15  0.3131E-16  0.1789E-15  0.4128E-15  0.3757E-13  0.1850E-14  0.1044E-14  0.1909E-12
         355  0.1805E+05   721.1      0.3149E-12  0.2220E-15  0.5940E-17  0.3884E-17  0.2739E-17  0.2350E-17  0.2067E-17  0.1203E-17  0.5619E-18  0.1505E-18  0.4300E-19  0.3090E-16  0.1294E-15  0.2290E-15  0.2099E-15  0.1367E-15  0.8826E-16  0.6220E-16  0.1452E-14  0.2403E-15  0.3244E-15  0.9068E-17  0.2109E-15  0.9209E-13  0.1394E-12  0.1537E-13  0.5466E-18  0.4272E-12  0.2829E-16  0.1650E-16  0.5335E-17  0.2818E-17  0.1315E-15  0.3026E-16  0.1779E-15  0.4032E-15  0.3678E-13  0.1814E-14  0.1004E-14  0.1907E-12
         356  0.1856E+05   769.9      0.3127E-12  0.2139E-15  0.5526E-17  0.3613E-17  0.2548E-17  0.2186E-17  0.1923E-17  0.1119E-17  0.5227E-18  0.1400E-18  0.4000E-19  0.2950E-16  0.1235E-15  0.2173E-15  0.1990E-15  0.1305E-15  0.8402E-16  0.5931E-16  0.1416E-14  0.2337E-15  0.3073E-15  0.8563E-17  0.2073E-15  0.9195E-13  0.1393E-12  0.1535E-13  0.5103E-18  0.4250E-12  0.2647E-16  0.1550E-16  0.4964E-17  0.2622E-17  0.1285E-15  0.2921E-16  0.1769E-15  0.3936E-15  0.3595E-13  0.1776E-14  0.9632E-15  0.1905E-12
         357  0.1908E+05   822.7      0.3103E-12  0.2059E-15  0.5134E-17  0.3357E-17  0.2367E-17  0.2031E-17  0.1786E-17  0.1039E-17  0.4857E-18  0.1301E-18  0.3716E-19  0.2813E-16  0.1177E-15  0.2059E-15  0.1886E-15  0.1244E-15  0.7992E-16  0.5651E-16  0.1382E-14  0.2271E-15  0.2908E-15  0.8078E-17  0.2036E-15  0.9176E-13  0.1390E-12  0.1532E-13  0.4757E-18  0.4225E-12  0.2473E-16  0.1454E-16  0.4612E-17  0.2436E-17  0.1256E-15  0.2816E-16  0.1758E-15  0.3841E-15  0.3510E-13  0.1738E-14  0.9226E-15  0.1900E-12
         358  0.1961E+05   879.7      0.3078E-12  0.1979E-15  0.4764E-17  0.3115E-17  0.2197E-17  0.1885E-17  0.1658E-17  0.9646E-18  0.4507E-18  0.1207E-18  0.3449E-19  0.2680E-16  0.1120E-15  0.1950E-15  0.1785E-15  0.1185E-15  0.7594E-16  0.5380E-16  0.1347E-14  0.2207E-15  0.2750E-15  0.7613E-17  0.2000E-15  0.9152E-13  0.1387E-12  0.1528E-13  0.4429E-18  0.4198E-12  0.2308E-16  0.1363E-16  0.4280E-17  0.2260E-17  0.1228E-15  0.2710E-16  0.1747E-15  0.3747E-15  0.3422E-13  0.1699E-14  0.8819E-15  0.1895E-12
         359  0.2017E+05   941.2      0.3051E-12  0.1899E-15  0.4415E-17  0.2887E-17  0.2036E-17  0.1747E-17  0.1536E-17  0.8938E-18  0.4176E-18  0.1119E-18  0.3196E-19  0.2550E-16  0.1066E-15  0.1845E-15  0.1687E-15  0.1128E-15  0.7210E-16  0.5117E-16  0.1312E-14  0.2142E-15  0.2599E-15  0.7167E-17  0.1963E-15  0.9122E-13  0.1383E-12  0.1523E-13  0.4117E-18  0.4167E-12  0.2152E-16  0.1276E-16  0.3966E-17  0.2095E-17  0.1201E-15  0.2603E-16  0.1735E-15  0.3653E-15  0.3332E-13  0.1660E-14  0.8412E-15  0.1888E-12
         360  0.2073E+05   1008.      0.3023E-12  0.1819E-15  0.4085E-17  0.2671E-17  0.1884E-17  0.1616E-17  0.1421E-17  0.8270E-18  0.3864E-18  0.1035E-18  0.2957E-19  0.2425E-16  0.1013E-15  0.1743E-15  0.1594E-15  0.1072E-15  0.6839E-16  0.4862E-16  0.1278E-14  0.2079E-15  0.2454E-15  0.6741E-17  0.1927E-15  0.9086E-13  0.1377E-12  0.1517E-13  0.3822E-18  0.4133E-12  0.2003E-16  0.1193E-16  0.3670E-17  0.1938E-17  0.1175E-15  0.2497E-16  0.1723E-15  0.3560E-15  0.3240E-13  0.1620E-14  0.8007E-15  0.1879E-12
         361  0.2131E+05   1079.      0.2993E-12  0.1739E-15  0.3775E-17  0.2468E-17  0.1740E-17  0.1493E-17  0.1313E-17  0.7642E-18  0.3570E-18  0.9563E-19  0.2732E-19  0.2303E-16  0.9613E-16  0.1646E-15  0.1504E-15  0.1018E-15  0.6481E-16  0.4616E-16  0.1244E-14  0.2016E-15  0.2315E-15  0.6333E-17  0.1890E-15  0.9045E-13  0.1371E-12  0.1509E-13  0.3542E-18  0.4097E-12  0.1863E-16  0.1114E-16  0.3391E-17  0.1791E-17  0.1149E-15  0.2391E-16  0.1710E-15  0.3468E-15  0.3146E-13  0.1580E-14  0.7605E-15  0.1869E-12
         362  0.2191E+05   1156.      0.2962E-12  0.1659E-15  0.3482E-17  0.2277E-17  0.1606E-17  0.1378E-17  0.1212E-17  0.7050E-18  0.3294E-18  0.8822E-19  0.2520E-19  0.2185E-16  0.9116E-16  0.1553E-15  0.1417E-15  0.9659E-16  0.6136E-16  0.4378E-16  0.1210E-14  0.1954E-15  0.2182E-15  0.5943E-17  0.1853E-15  0.8998E-13  0.1363E-12  0.1501E-13  0.3278E-18  0.4057E-12  0.1730E-16  0.1040E-16  0.3129E-17  0.1652E-17  0.1125E-15  0.2284E-16  0.1697E-15  0.3376E-15  0.3050E-13  0.1540E-14  0.7207E-15  0.1858E-12
         363  0.2253E+05   1239.      0.2929E-12  0.1580E-15  0.3207E-17  0.2097E-17  0.1479E-17  0.1269E-17  0.1116E-17  0.6493E-18  0.3034E-18  0.8126E-19  0.2322E-19  0.2071E-16  0.8635E-16  0.1463E-15  0.1335E-15  0.9151E-16  0.5803E-16  0.4148E-16  0.1177E-14  0.1893E-15  0.2055E-15  0.5572E-17  0.1816E-15  0.8945E-13  0.1354E-12  0.1491E-13  0.3028E-18  0.4014E-12  0.1605E-16  0.9687E-17  0.2882E-17  0.1522E-17  0.1101E-15  0.2178E-16  0.1683E-15  0.3285E-15  0.2954E-13  0.1499E-14  0.6814E-15  0.1845E-12
         364  0.2316E+05   1328.      0.2896E-12  0.1502E-15  0.2950E-17  0.1929E-17  0.1360E-17  0.1167E-17  0.1026E-17  0.5971E-18  0.2790E-18  0.7473E-19  0.2135E-19  0.1961E-16  0.8170E-16  0.1377E-15  0.1255E-15  0.8661E-16  0.5484E-16  0.3927E-16  0.1144E-14  0.1832E-15  0.1934E-15  0.5218E-17  0.1780E-15  0.8886E-13  0.1345E-12  0.1480E-13  0.2793E-18  0.3969E-12  0.1486E-16  0.9016E-17  0.2650E-17  0.1400E-17  0.1078E-15  0.2073E-16  0.1668E-15  0.3195E-15  0.2856E-13  0.1459E-14  0.6427E-15  0.1831E-12
         365  0.2381E+05   1422.      0.2860E-12  0.1424E-15  0.2708E-17  0.1771E-17  0.1249E-17  0.1071E-17  0.9422E-18  0.5482E-18  0.2561E-18  0.6861E-19  0.1960E-19  0.1855E-16  0.7723E-16  0.1295E-15  0.1179E-15  0.8188E-16  0.5177E-16  0.3714E-16  0.1111E-14  0.1773E-15  0.1819E-15  0.4881E-17  0.1743E-15  0.8821E-13  0.1334E-12  0.1468E-13  0.2571E-18  0.3921E-12  0.1375E-16  0.8382E-17  0.2433E-17  0.1285E-17  0.1055E-15  0.1969E-16  0.1653E-15  0.3107E-15  0.2757E-13  0.1418E-14  0.6049E-15  0.1816E-12
         366  0.2448E+05   1523.      0.2824E-12  0.1348E-15  0.2482E-17  0.1623E-17  0.1144E-17  0.9820E-18  0.8635E-18  0.5025E-18  0.2348E-18  0.6288E-19  0.1796E-19  0.1752E-16  0.7293E-16  0.1217E-15  0.1107E-15  0.7732E-16  0.4884E-16  0.3510E-16  0.1079E-14  0.1714E-15  0.1710E-15  0.4562E-17  0.1706E-15  0.8751E-13  0.1322E-12  0.1456E-13  0.2363E-18  0.3871E-12  0.1270E-16  0.7783E-17  0.2230E-17  0.1178E-17  0.1033E-15  0.1866E-16  0.1636E-15  0.3019E-15  0.2658E-13  0.1377E-14  0.5679E-15  0.1799E-12
         367  0.2517E+05   1630.      0.2786E-12  0.1273E-15  0.2271E-17  0.1485E-17  0.1047E-17  0.8986E-18  0.7902E-18  0.4598E-18  0.2148E-18  0.5754E-19  0.1644E-19  0.1655E-16  0.6880E-16  0.1142E-15  0.1038E-15  0.7295E-16  0.4603E-16  0.3314E-16  0.1047E-14  0.1657E-15  0.1606E-15  0.4259E-17  0.1670E-15  0.8675E-13  0.1310E-12  0.1442E-13  0.2168E-18  0.3818E-12  0.1172E-16  0.7219E-17  0.2041E-17  0.1078E-17  0.1011E-15  0.1764E-16  0.1620E-15  0.2932E-15  0.2560E-13  0.1337E-14  0.5319E-15  0.1781E-12
         368  0.2587E+05   1744.      0.2747E-12  0.1200E-15  0.2075E-17  0.1356E-17  0.9566E-18  0.8208E-18  0.7218E-18  0.4200E-18  0.1962E-18  0.5256E-19  0.1502E-19  0.1561E-16  0.6485E-16  0.1071E-15  0.9729E-16  0.6875E-16  0.4335E-16  0.3127E-16  0.1016E-14  0.1601E-15  0.1508E-15  0.3972E-17  0.1634E-15  0.8594E-13  0.1296E-12  0.1427E-13  0.1986E-18  0.3763E-12  0.1080E-16  0.6689E-17  0.1864E-17  0.9845E-18  0.9902E-16  0.1665E-16  0.1602E-15  0.2847E-15  0.2462E-13  0.1297E-14  0.4970E-15  0.1761E-12
         369  0.2660E+05   1863.      0.2707E-12  0.1128E-15  0.1892E-17  0.1237E-17  0.8724E-18  0.7486E-18  0.6583E-18  0.3830E-18  0.1790E-18  0.4793E-19  0.1369E-19  0.1471E-16  0.6108E-16  0.1004E-15  0.9108E-16  0.6474E-16  0.4080E-16  0.2948E-16  0.9856E-15  0.1546E-15  0.1415E-15  0.3702E-17  0.1598E-15  0.8508E-13  0.1282E-12  0.1411E-13  0.1815E-18  0.3706E-12  0.9937E-17  0.6191E-17  0.1700E-17  0.8978E-18  0.9697E-16  0.1567E-16  0.1584E-15  0.2764E-15  0.2365E-13  0.1258E-14  0.4633E-15  0.1741E-12
         370  0.2734E+05   1987.      0.2667E-12  0.1059E-15  0.1723E-17  0.1126E-17  0.7943E-18  0.6816E-18  0.5994E-18  0.3488E-18  0.1629E-18  0.4364E-19  0.1247E-19  0.1386E-16  0.5749E-16  0.9404E-16  0.8521E-16  0.6093E-16  0.3838E-16  0.2778E-16  0.9559E-15  0.1493E-15  0.1327E-15  0.3448E-17  0.1562E-15  0.8417E-13  0.1267E-12  0.1395E-13  0.1657E-18  0.3648E-12  0.9135E-17  0.5726E-17  0.1548E-17  0.8175E-18  0.9496E-16  0.1472E-16  0.1565E-15  0.2682E-15  0.2269E-13  0.1219E-14  0.4310E-15  0.1720E-12
         371  0.2811E+05   2117.      0.2626E-12  0.9911E-16  0.1566E-17  0.1024E-17  0.7222E-18  0.6197E-18  0.5449E-18  0.3171E-18  0.1481E-18  0.3968E-19  0.1134E-19  0.1305E-16  0.5408E-16  0.8805E-16  0.7968E-16  0.5730E-16  0.3610E-16  0.2617E-16  0.9269E-15  0.1441E-15  0.1245E-15  0.3209E-17  0.1527E-15  0.8323E-13  0.1252E-12  0.1378E-13  0.1510E-18  0.3589E-12  0.8390E-17  0.5291E-17  0.1408E-17  0.7433E-18  0.9301E-16  0.1380E-16  0.1546E-15  0.2603E-15  0.2175E-13  0.1181E-14  0.4000E-15  0.1698E-12
         372  0.2890E+05   2251.      0.2584E-12  0.9262E-16  0.1422E-17  0.9297E-18  0.6557E-18  0.5626E-18  0.4947E-18  0.2879E-18  0.1345E-18  0.3602E-19  0.1029E-19  0.1228E-16  0.5086E-16  0.8241E-16  0.7448E-16  0.5386E-16  0.3394E-16  0.2465E-16  0.8988E-15  0.1391E-15  0.1168E-15  0.2986E-17  0.1493E-15  0.8226E-13  0.1236E-12  0.1361E-13  0.1374E-18  0.3528E-12  0.7700E-17  0.4887E-17  0.1278E-17  0.6748E-18  0.9111E-16  0.1291E-16  0.1526E-15  0.2526E-15  0.2083E-13  0.1144E-14  0.3705E-15  0.1675E-12
         373  0.2971E+05   2389.      0.2543E-12  0.8638E-16  0.1289E-17  0.8430E-18  0.5945E-18  0.5101E-18  0.4486E-18  0.2610E-18  0.1220E-18  0.3266E-19  0.9331E-20  0.1155E-16  0.4782E-16  0.7713E-16  0.6961E-16  0.5062E-16  0.3191E-16  0.2321E-16  0.8716E-15  0.1343E-15  0.1096E-15  0.2778E-17  0.1460E-15  0.8126E-13  0.1219E-12  0.1343E-13  0.1249E-18  0.3467E-12  0.7062E-17  0.4512E-17  0.1159E-17  0.6119E-18  0.8926E-16  0.1205E-16  0.1506E-15  0.2451E-15  0.1994E-13  0.1108E-14  0.3425E-15  0.1652E-12
         374  0.3055E+05   2530.      0.2501E-12  0.8044E-16  0.1168E-17  0.7636E-18  0.5385E-18  0.4621E-18  0.4063E-18  0.2364E-18  0.1105E-18  0.2959E-19  0.8452E-20  0.1087E-16  0.4497E-16  0.7220E-16  0.6506E-16  0.4757E-16  0.3001E-16  0.2186E-16  0.8454E-15  0.1297E-15  0.1028E-15  0.2584E-17  0.1427E-15  0.8024E-13  0.1203E-12  0.1325E-13  0.1134E-18  0.3407E-12  0.6474E-17  0.4165E-17  0.1050E-17  0.5542E-18  0.8747E-16  0.1123E-16  0.1486E-15  0.2378E-15  0.1908E-13  0.1073E-14  0.3161E-15  0.1629E-12
         375  0.3140E+05   2673.      0.2460E-12  0.7478E-16  0.1057E-17  0.6911E-18  0.4873E-18  0.4182E-18  0.3677E-18  0.2140E-18  0.9997E-19  0.2677E-19  0.7649E-20  0.1024E-16  0.4230E-16  0.6762E-16  0.6083E-16  0.4471E-16  0.2823E-16  0.2060E-16  0.8203E-15  0.1253E-15  0.9661E-16  0.2405E-17  0.1395E-15  0.7921E-13  0.1186E-12  0.1306E-13  0.1028E-18  0.3346E-12  0.5934E-17  0.3846E-17  0.9500E-18  0.5016E-18  0.8574E-16  0.1046E-16  0.1465E-15  0.2309E-15  0.1826E-13  0.1039E-14  0.2912E-15  0.1605E-12
         376  0.3229E+05   2817.      0.2419E-12  0.6944E-16  0.9559E-18  0.6250E-18  0.4408E-18  0.3782E-18  0.3326E-18  0.1935E-18  0.9042E-19  0.2422E-19  0.6918E-20  0.9642E-17  0.3981E-16  0.6336E-16  0.5690E-16  0.4205E-16  0.2658E-16  0.1942E-16  0.7963E-15  0.1210E-15  0.9084E-16  0.2239E-17  0.1364E-15  0.7818E-13  0.1169E-12  0.1288E-13  0.9322E-19  0.3286E-12  0.5441E-17  0.3552E-17  0.8592E-18  0.4537E-18  0.8407E-16  0.9717E-17  0.1445E-15  0.2243E-15  0.1747E-13  0.1007E-14  0.2680E-15  0.1582E-12
         377  0.3319E+05   2962.      0.2380E-12  0.6442E-16  0.8643E-18  0.5651E-18  0.3985E-18  0.3420E-18  0.3007E-18  0.1750E-18  0.8175E-19  0.2190E-19  0.6255E-20  0.9090E-17  0.3749E-16  0.5943E-16  0.5328E-16  0.3957E-16  0.2505E-16  0.1833E-16  0.7735E-15  0.1171E-15  0.8552E-16  0.2087E-17  0.1335E-15  0.7716E-13  0.1153E-12  0.1270E-13  0.8446E-19  0.3228E-12  0.4991E-17  0.3284E-17  0.7769E-18  0.4102E-18  0.8247E-16  0.9022E-17  0.1425E-15  0.2179E-15  0.1671E-13  0.9767E-15  0.2465E-15  0.1558E-12
         378  0.3412E+05   3105.      0.2341E-12  0.5971E-16  0.7815E-18  0.5110E-18  0.3603E-18  0.3092E-18  0.2719E-18  0.1582E-18  0.7392E-19  0.1980E-19  0.5656E-20  0.8579E-17  0.3535E-16  0.5581E-16  0.4994E-16  0.3728E-16  0.2364E-16  0.1732E-16  0.7519E-15  0.1133E-15  0.8062E-16  0.1947E-17  0.1307E-15  0.7614E-13  0.1136E-12  0.1252E-13  0.7651E-19  0.3171E-12  0.4581E-17  0.3039E-17  0.7025E-18  0.3709E-18  0.8095E-16  0.8371E-17  0.1406E-15  0.2119E-15  0.1600E-13  0.9476E-15  0.2265E-15  0.1536E-12
         379  0.3508E+05   3247.      0.2304E-12  0.5533E-16  0.7068E-18  0.4621E-18  0.3259E-18  0.2796E-18  0.2459E-18  0.1431E-18  0.6685E-19  0.1790E-19  0.5115E-20  0.8107E-17  0.3338E-16  0.5249E-16  0.4688E-16  0.3516E-16  0.2234E-16  0.1639E-16  0.7315E-15  0.1098E-15  0.7614E-16  0.1819E-17  0.1280E-15  0.7515E-13  0.1120E-12  0.1235E-13  0.6933E-19  0.3115E-12  0.4210E-17  0.2816E-17  0.6353E-18  0.3354E-18  0.7949E-16  0.7762E-17  0.1386E-15  0.2063E-15  0.1533E-13  0.9202E-15  0.2080E-15  0.1513E-12
         380  0.3607E+05   3386.      0.2268E-12  0.5126E-16  0.6396E-18  0.4182E-18  0.2949E-18  0.2530E-18  0.2225E-18  0.1295E-18  0.6049E-19  0.1620E-19  0.4629E-20  0.7673E-17  0.3157E-16  0.4945E-16  0.4408E-16  0.3322E-16  0.2114E-16  0.1553E-16  0.7123E-15  0.1065E-15  0.7205E-16  0.1703E-17  0.1254E-15  0.7419E-13  0.1105E-12  0.1218E-13  0.6286E-19  0.3062E-12  0.3875E-17  0.2613E-17  0.5749E-18  0.3035E-18  0.7811E-16  0.7197E-17  0.1368E-15  0.2010E-15  0.1470E-13  0.8943E-15  0.1911E-15  0.1492E-12
         381  0.3708E+05   3521.      0.2233E-12  0.4749E-16  0.5793E-18  0.3787E-18  0.2671E-18  0.2292E-18  0.2015E-18  0.1173E-18  0.5479E-19  0.1467E-19  0.4192E-20  0.7276E-17  0.2990E-16  0.4668E-16  0.4152E-16  0.3144E-16  0.2005E-16  0.1475E-16  0.6944E-15  0.1034E-15  0.6831E-16  0.1597E-17  0.1230E-15  0.7325E-13  0.1090E-12  0.1202E-13  0.5703E-19  0.3011E-12  0.3572E-17  0.2430E-17  0.5207E-18  0.2749E-18  0.7680E-16  0.6674E-17  0.1350E-15  0.1960E-15  0.1412E-13  0.8701E-15  0.1756E-15  0.1471E-12
         382  0.3812E+05   3653.      0.2200E-12  0.4402E-16  0.5252E-18  0.3434E-18  0.2422E-18  0.2078E-18  0.1827E-18  0.1063E-18  0.4968E-19  0.1331E-19  0.3801E-20  0.6912E-17  0.2838E-16  0.4416E-16  0.3919E-16  0.2980E-16  0.1905E-16  0.1403E-16  0.6776E-15  0.1005E-15  0.6492E-16  0.1501E-17  0.1208E-15  0.7235E-13  0.1076E-12  0.1186E-13  0.5180E-19  0.2962E-12  0.3300E-17  0.2265E-17  0.4722E-18  0.2493E-18  0.7556E-16  0.6191E-17  0.1332E-15  0.1913E-15  0.1357E-13  0.8475E-15  0.1614E-15  0.1451E-12
         383  0.3919E+05   3780.      0.2169E-12  0.4084E-16  0.4769E-18  0.3119E-18  0.2199E-18  0.1887E-18  0.1659E-18  0.9656E-19  0.4511E-19  0.1208E-19  0.3452E-20  0.6580E-17  0.2700E-16  0.4186E-16  0.3708E-16  0.2832E-16  0.1814E-16  0.1338E-16  0.6621E-15  0.9784E-16  0.6184E-16  0.1414E-17  0.1186E-15  0.7148E-13  0.1062E-12  0.1171E-13  0.4712E-19  0.2916E-12  0.3055E-17  0.2115E-17  0.4288E-18  0.2264E-18  0.7440E-16  0.5747E-17  0.1316E-15  0.1869E-15  0.1307E-13  0.8265E-15  0.1485E-15  0.1431E-12
         384  0.4029E+05   3902.      0.2139E-12  0.3792E-16  0.4338E-18  0.2836E-18  0.2000E-18  0.1716E-18  0.1509E-18  0.8782E-19  0.4103E-19  0.1099E-19  0.3140E-20  0.6278E-17  0.2574E-16  0.3978E-16  0.3516E-16  0.2696E-16  0.1732E-16  0.1278E-16  0.6476E-15  0.9538E-16  0.5904E-16  0.1335E-17  0.1166E-15  0.7066E-13  0.1049E-12  0.1157E-13  0.4293E-19  0.2872E-12  0.2836E-17  0.1981E-17  0.3900E-18  0.2059E-18  0.7331E-16  0.5340E-17  0.1300E-15  0.1829E-15  0.1260E-13  0.8069E-15  0.1368E-15  0.1413E-12
         385  0.4142E+05   4019.      0.2111E-12  0.3525E-16  0.3953E-18  0.2585E-18  0.1823E-18  0.1564E-18  0.1375E-18  0.8003E-19  0.3739E-19  0.1001E-19  0.2861E-20  0.6003E-17  0.2459E-16  0.3790E-16  0.3342E-16  0.2573E-16  0.1657E-16  0.1224E-16  0.6342E-15  0.9310E-16  0.5651E-16  0.1264E-17  0.1148E-15  0.6988E-13  0.1036E-12  0.1144E-13  0.3918E-19  0.2830E-12  0.2639E-17  0.1860E-17  0.3554E-18  0.1876E-18  0.7229E-16  0.4967E-17  0.1285E-15  0.1791E-15  0.1217E-13  0.7888E-15  0.1262E-15  0.1396E-12
         386  0.4259E+05   4131.      0.2085E-12  0.3281E-16  0.3610E-18  0.2360E-18  0.1665E-18  0.1428E-18  0.1256E-18  0.7308E-19  0.3414E-19  0.9145E-20  0.2613E-20  0.5753E-17  0.2355E-16  0.3619E-16  0.3185E-16  0.2461E-16  0.1589E-16  0.1174E-16  0.6218E-15  0.9100E-16  0.5422E-16  0.1200E-17  0.1130E-15  0.6913E-13  0.1025E-12  0.1131E-13  0.3583E-19  0.2792E-12  0.2462E-17  0.1752E-17  0.3246E-18  0.1714E-18  0.7133E-16  0.4626E-17  0.1271E-15  0.1757E-15  0.1177E-13  0.7721E-15  0.1166E-15  0.1380E-12
         387  0.4378E+05   4237.      0.2060E-12  0.3059E-16  0.3304E-18  0.2160E-18  0.1523E-18  0.1307E-18  0.1149E-18  0.6688E-19  0.3125E-19  0.8369E-20  0.2391E-20  0.5526E-17  0.2260E-16  0.3465E-16  0.3043E-16  0.2359E-16  0.1527E-16  0.1130E-16  0.6103E-15  0.8906E-16  0.5215E-16  0.1142E-17  0.1114E-15  0.6843E-13  0.1014E-12  0.1119E-13  0.3284E-19  0.2755E-12  0.2304E-17  0.1654E-17  0.2970E-18  0.1568E-18  0.7044E-16  0.4315E-17  0.1257E-15  0.1725E-15  0.1140E-13  0.7566E-15  0.1079E-15  0.1364E-12
         388  0.4501E+05   4338.      0.2037E-12  0.2856E-16  0.3031E-18  0.1982E-18  0.1397E-18  0.1199E-18  0.1054E-18  0.6135E-19  0.2867E-19  0.7677E-20  0.2193E-20  0.5320E-17  0.2174E-16  0.3325E-16  0.2914E-16  0.2267E-16  0.1471E-16  0.1089E-16  0.5997E-15  0.8728E-16  0.5028E-16  0.1090E-17  0.1099E-15  0.6777E-13  0.1003E-12  0.1107E-13  0.3017E-19  0.2721E-12  0.2162E-17  0.1566E-17  0.2725E-18  0.1439E-18  0.6961E-16  0.4032E-17  0.1245E-15  0.1695E-15  0.1107E-13  0.7423E-15  0.1001E-15  0.1350E-12
         389  0.4627E+05   4434.      0.2015E-12  0.2671E-16  0.2787E-18  0.1822E-18  0.1285E-18  0.1103E-18  0.9696E-19  0.5642E-19  0.2636E-19  0.7060E-20  0.2017E-20  0.5133E-17  0.2096E-16  0.3198E-16  0.2798E-16  0.2183E-16  0.1420E-16  0.1052E-16  0.5900E-15  0.8564E-16  0.4858E-16  0.1043E-17  0.1085E-15  0.6715E-13  0.9934E-13  0.1097E-13  0.2778E-19  0.2689E-12  0.2035E-17  0.1487E-17  0.2506E-18  0.1323E-18  0.6884E-16  0.3773E-17  0.1233E-15  0.1667E-15  0.1076E-13  0.7292E-15  0.9296E-16  0.1336E-12
         390  0.4757E+05   4524.      0.1995E-12  0.2503E-16  0.2569E-18  0.1680E-18  0.1185E-18  0.1016E-18  0.8938E-19  0.5201E-19  0.2430E-19  0.6508E-20  0.1859E-20  0.4963E-17  0.2026E-16  0.3084E-16  0.2692E-16  0.2107E-16  0.1374E-16  0.1019E-16  0.5810E-15  0.8413E-16  0.4705E-16  0.1001E-17  0.1072E-15  0.6656E-13  0.9842E-13  0.1087E-13  0.2564E-19  0.2659E-12  0.1921E-17  0.1416E-17  0.2310E-18  0.1220E-18  0.6812E-16  0.3538E-17  0.1222E-15  0.1642E-15  0.1048E-13  0.7170E-15  0.8653E-16  0.1323E-12
         391  0.4891E+05   4609.      0.1976E-12  0.2351E-16  0.2374E-18  0.1553E-18  0.1095E-18  0.9395E-19  0.8261E-19  0.4807E-19  0.2246E-19  0.6015E-20  0.1718E-20  0.4808E-17  0.1962E-16  0.2980E-16  0.2597E-16  0.2038E-16  0.1332E-16  0.9882E-17  0.5727E-15  0.8275E-16  0.4566E-16  0.9621E-18  0.1060E-15  0.6601E-13  0.9757E-13  0.1078E-13  0.2373E-19  0.2631E-12  0.1819E-17  0.1352E-17  0.2135E-18  0.1127E-18  0.6744E-16  0.3323E-17  0.1211E-15  0.1619E-15  0.1022E-13  0.7058E-15  0.8072E-16  0.1311E-12
         392  0.5028E+05   4690.      0.1958E-12  0.2211E-16  0.2200E-18  0.1439E-18  0.1015E-18  0.8705E-19  0.7655E-19  0.4454E-19  0.2081E-19  0.5574E-20  0.1592E-20  0.4668E-17  0.1903E-16  0.2886E-16  0.2510E-16  0.1975E-16  0.1294E-16  0.9606E-17  0.5650E-15  0.8147E-16  0.4440E-16  0.9274E-18  0.1049E-15  0.6550E-13  0.9676E-13  0.1069E-13  0.2201E-19  0.2605E-12  0.1727E-17  0.1295E-17  0.1978E-18  0.1045E-18  0.6682E-16  0.3128E-17  0.1201E-15  0.1597E-15  0.9978E-14  0.6955E-15  0.7547E-16  0.1300E-12
         393  0.5169E+05   4766.      0.1941E-12  0.2084E-16  0.2044E-18  0.1337E-18  0.9425E-19  0.8088E-19  0.7112E-19  0.4138E-19  0.1933E-19  0.5178E-20  0.1479E-20  0.4541E-17  0.1850E-16  0.2801E-16  0.2432E-16  0.1918E-16  0.1260E-16  0.9354E-17  0.5579E-15  0.8030E-16  0.4326E-16  0.8960E-18  0.1039E-15  0.6501E-13  0.9601E-13  0.1061E-13  0.2047E-19  0.2581E-12  0.1644E-17  0.1243E-17  0.1838E-18  0.9704E-19  0.6624E-16  0.2950E-17  0.1192E-15  0.1577E-15  0.9760E-14  0.6860E-15  0.7071E-16  0.1290E-12
         394  0.5314E+05   4838.      0.1926E-12  0.1969E-16  0.1904E-18  0.1245E-18  0.8779E-19  0.7533E-19  0.6624E-19  0.3855E-19  0.1801E-19  0.4823E-20  0.1378E-20  0.4424E-17  0.1802E-16  0.2724E-16  0.2361E-16  0.1867E-16  0.1228E-16  0.9125E-17  0.5514E-15  0.7922E-16  0.4222E-16  0.8675E-18  0.1029E-15  0.6456E-13  0.9531E-13  0.1053E-13  0.1909E-19  0.2558E-12  0.1570E-17  0.1196E-17  0.1712E-18  0.9039E-19  0.6570E-16  0.2787E-17  0.1184E-15  0.1559E-15  0.9559E-14  0.6772E-15  0.6640E-16  0.1280E-12
         395  0.5464E+05   4905.      0.1911E-12  0.1863E-16  0.1778E-18  0.1163E-18  0.8199E-19  0.7035E-19  0.6186E-19  0.3600E-19  0.1682E-19  0.4504E-20  0.1287E-20  0.4318E-17  0.1758E-16  0.2653E-16  0.2296E-16  0.1819E-16  0.1200E-16  0.8916E-17  0.5454E-15  0.7822E-16  0.4128E-16  0.8417E-18  0.1020E-15  0.6414E-13  0.9465E-13  0.1046E-13  0.1784E-19  0.2537E-12  0.1502E-17  0.1153E-17  0.1599E-18  0.8441E-19  0.6520E-16  0.2638E-17  0.1175E-15  0.1542E-15  0.9375E-14  0.6692E-15  0.6248E-16  0.1271E-12
         396  0.5617E+05   4968.      0.1898E-12  0.1767E-16  0.1665E-18  0.1089E-18  0.7676E-19  0.6587E-19  0.5792E-19  0.3370E-19  0.1575E-19  0.4217E-20  0.1205E-20  0.4222E-17  0.1718E-16  0.2589E-16  0.2237E-16  0.1776E-16  0.1174E-16  0.8725E-17  0.5398E-15  0.7730E-16  0.4042E-16  0.8182E-18  0.1012E-15  0.6374E-13  0.9403E-13  0.1039E-13  0.1672E-19  0.2517E-12  0.1442E-17  0.1115E-17  0.1497E-18  0.7904E-19  0.6473E-16  0.2503E-17  0.1168E-15  0.1526E-15  0.9205E-14  0.6617E-15  0.5893E-16  0.1262E-12
         397  0.5775E+05   5028.      0.1885E-12  0.1678E-16  0.1563E-18  0.1022E-18  0.7205E-19  0.6183E-19  0.5437E-19  0.3163E-19  0.1478E-19  0.3958E-20  0.1131E-20  0.4134E-17  0.1681E-16  0.2531E-16  0.2184E-16  0.1737E-16  0.1150E-16  0.8551E-17  0.5347E-15  0.7645E-16  0.3963E-16  0.7969E-18  0.1004E-15  0.6337E-13  0.9346E-13  0.1033E-13  0.1571E-19  0.2499E-12  0.1387E-17  0.1080E-17  0.1405E-18  0.7419E-19  0.6429E-16  0.2379E-17  0.1161E-15  0.1512E-15  0.9049E-14  0.6548E-15  0.5570E-16  0.1254E-12
         398  0.5937E+05   5084.      0.1874E-12  0.1598E-16  0.1470E-18  0.9614E-19  0.6780E-19  0.5817E-19  0.5116E-19  0.2977E-19  0.1391E-19  0.3725E-20  0.1064E-20  0.4053E-17  0.1648E-16  0.2477E-16  0.2135E-16  0.1701E-16  0.1128E-16  0.8392E-17  0.5299E-15  0.7567E-16  0.3892E-16  0.7775E-18  0.9972E-16  0.6302E-13  0.9292E-13  0.1027E-13  0.1480E-19  0.2482E-12  0.1337E-17  0.1048E-17  0.1322E-18  0.6981E-19  0.6389E-16  0.2265E-17  0.1154E-15  0.1498E-15  0.8906E-14  0.6484E-15  0.5276E-16  0.1247E-12
         399  0.6103E+05   5137.      0.1863E-12  0.1524E-16  0.1387E-18  0.9068E-19  0.6395E-19  0.5487E-19  0.4825E-19  0.2808E-19  0.1312E-19  0.3513E-20  0.1004E-20  0.3979E-17  0.1617E-16  0.2429E-16  0.2090E-16  0.1668E-16  0.1108E-16  0.8246E-17  0.5255E-15  0.7495E-16  0.3826E-16  0.7598E-18  0.9905E-16  0.6270E-13  0.9242E-13  0.1021E-13  0.1397E-19  0.2466E-12  0.1291E-17  0.1020E-17  0.1247E-18  0.6585E-19  0.6351E-16  0.2161E-17  0.1148E-15  0.1486E-15  0.8774E-14  0.6425E-15  0.5008E-16  0.1240E-12
         400  0.6275E+05   5186.      0.1852E-12  0.1456E-16  0.1311E-18  0.8574E-19  0.6046E-19  0.5188E-19  0.4562E-19  0.2655E-19  0.1240E-19  0.3322E-20  0.9490E-21  0.3911E-17  0.1589E-16  0.2384E-16  0.2049E-16  0.1637E-16  0.1090E-16  0.8112E-17  0.5214E-15  0.7428E-16  0.3767E-16  0.7436E-18  0.9844E-16  0.6239E-13  0.9195E-13  0.1016E-13  0.1322E-19  0.2451E-12  0.1250E-17  0.9933E-18  0.1179E-18  0.6226E-19  0.6316E-16  0.2066E-17  0.1142E-15  0.1474E-15  0.8652E-14  0.6370E-15  0.4764E-16  0.1234E-12
         401  0.6451E+05   5233.      0.1843E-12  0.1394E-16  0.1243E-18  0.8125E-19  0.5730E-19  0.4917E-19  0.4324E-19  0.2516E-19  0.1175E-19  0.3148E-20  0.8994E-21  0.3849E-17  0.1563E-16  0.2343E-16  0.2011E-16  0.1610E-16  0.1073E-16  0.7989E-17  0.5176E-15  0.7366E-16  0.3712E-16  0.7288E-18  0.9786E-16  0.6211E-13  0.9151E-13  0.1012E-13  0.1254E-19  0.2437E-12  0.1213E-17  0.9693E-18  0.1118E-18  0.5900E-19  0.6283E-16  0.1978E-17  0.1137E-15  0.1463E-15  0.8539E-14  0.6320E-15  0.4541E-16  0.1227E-12
         402  0.6632E+05   5277.      0.1834E-12  0.1337E-16  0.1180E-18  0.7718E-19  0.5443E-19  0.4670E-19  0.4107E-19  0.2390E-19  0.1116E-19  0.2990E-20  0.8542E-21  0.3792E-17  0.1539E-16  0.2306E-16  0.1977E-16  0.1584E-16  0.1058E-16  0.7876E-17  0.5141E-15  0.7309E-16  0.3661E-16  0.7152E-18  0.9733E-16  0.6184E-13  0.9110E-13  0.1007E-13  0.1192E-19  0.2424E-12  0.1179E-17  0.9474E-18  0.1062E-18  0.5604E-19  0.6252E-16  0.1898E-17  0.1132E-15  0.1454E-15  0.8435E-14  0.6273E-15  0.4336E-16  0.1222E-12
         403  0.6818E+05   5318.      0.1826E-12  0.1284E-16  0.1124E-18  0.7346E-19  0.5181E-19  0.4445E-19  0.3909E-19  0.2275E-19  0.1063E-19  0.2846E-20  0.8131E-21  0.3739E-17  0.1518E-16  0.2271E-16  0.1945E-16  0.1561E-16  0.1044E-16  0.7772E-17  0.5108E-15  0.7255E-16  0.3615E-16  0.7028E-18  0.9683E-16  0.6159E-13  0.9071E-13  0.1003E-13  0.1135E-19  0.2412E-12  0.1147E-17  0.9273E-18  0.1010E-18  0.5335E-19  0.6223E-16  0.1824E-17  0.1127E-15  0.1444E-15  0.8339E-14  0.6229E-15  0.4149E-16  0.1216E-12
         404  0.7010E+05   5357.      0.1818E-12  0.1236E-16  0.1072E-18  0.7008E-19  0.4942E-19  0.4241E-19  0.3729E-19  0.2170E-19  0.1014E-19  0.2715E-20  0.7757E-21  0.3691E-17  0.1497E-16  0.2239E-16  0.1916E-16  0.1539E-16  0.1031E-16  0.7677E-17  0.5078E-15  0.7206E-16  0.3572E-16  0.6914E-18  0.9637E-16  0.6136E-13  0.9035E-13  0.9990E-14  0.1084E-19  0.2401E-12  0.1119E-17  0.9089E-18  0.9639E-19  0.5089E-19  0.6197E-16  0.1756E-17  0.1123E-15  0.1436E-15  0.8249E-14  0.6189E-15  0.3978E-16  0.1211E-12
         405  0.7206E+05   5394.      0.1810E-12  0.1192E-16  0.1025E-18  0.6699E-19  0.4724E-19  0.4054E-19  0.3565E-19  0.2074E-19  0.9691E-20  0.2595E-20  0.7415E-21  0.3646E-17  0.1479E-16  0.2210E-16  0.1890E-16  0.1519E-16  0.1019E-16  0.7588E-17  0.5050E-15  0.7160E-16  0.3533E-16  0.6809E-18  0.9593E-16  0.6114E-13  0.9002E-13  0.9953E-14  0.1036E-19  0.2390E-12  0.1093E-17  0.8921E-18  0.9214E-19  0.4865E-19  0.6172E-16  0.1693E-17  0.1118E-15  0.1428E-15  0.8167E-14  0.6151E-15  0.3820E-16  0.1207E-12
         406  0.7409E+05   5428.      0.1804E-12  0.1150E-16  0.9813E-19  0.6416E-19  0.4525E-19  0.3883E-19  0.3414E-19  0.1987E-19  0.9282E-20  0.2486E-20  0.7102E-21  0.3604E-17  0.1462E-16  0.2183E-16  0.1865E-16  0.1501E-16  0.1008E-16  0.7507E-17  0.5024E-15  0.7117E-16  0.3497E-16  0.6712E-18  0.9553E-16  0.6093E-13  0.8970E-13  0.9919E-14  0.9933E-20  0.2381E-12  0.1069E-17  0.8766E-18  0.8826E-19  0.4659E-19  0.6148E-16  0.1635E-17  0.1114E-15  0.1420E-15  0.8090E-14  0.6116E-15  0.3675E-16  0.1202E-12
         407  0.7617E+05   5460.      0.1797E-12  0.1112E-16  0.9417E-19  0.6157E-19  0.4342E-19  0.3726E-19  0.3276E-19  0.1906E-19  0.8907E-20  0.2386E-20  0.6815E-21  0.3566E-17  0.1446E-16  0.2159E-16  0.1842E-16  0.1484E-16  0.9975E-17  0.7431E-17  0.4999E-15  0.7078E-16  0.3464E-16  0.6623E-18  0.9515E-16  0.6074E-13  0.8940E-13  0.9887E-14  0.9538E-20  0.2371E-12  0.1047E-17  0.8623E-18  0.8470E-19  0.4471E-19  0.6126E-16  0.1581E-17  0.1111E-15  0.1413E-15  0.8019E-14  0.6083E-15  0.3542E-16  0.1198E-12
         408  0.7830E+05   5491.      0.1791E-12  0.1077E-16  0.9054E-19  0.5920E-19  0.4175E-19  0.3582E-19  0.3150E-19  0.1833E-19  0.8564E-20  0.2294E-20  0.6552E-21  0.3531E-17  0.1431E-16  0.2136E-16  0.1821E-16  0.1468E-16  0.9880E-17  0.7362E-17  0.4976E-15  0.7041E-16  0.3433E-16  0.6541E-18  0.9480E-16  0.6056E-13  0.8913E-13  0.9856E-14  0.9175E-20  0.2363E-12  0.1026E-17  0.8492E-18  0.8143E-19  0.4299E-19  0.6106E-16  0.1531E-17  0.1107E-15  0.1407E-15  0.7953E-14  0.6053E-15  0.3419E-16  0.1195E-12
         409  0.8050E+05   5520.      0.1785E-12  0.1045E-16  0.8720E-19  0.5702E-19  0.4021E-19  0.3450E-19  0.3034E-19  0.1765E-19  0.8248E-20  0.2209E-20  0.6311E-21  0.3498E-17  0.1418E-16  0.2114E-16  0.1802E-16  0.1454E-16  0.9792E-17  0.7297E-17  0.4955E-15  0.7006E-16  0.3404E-16  0.6465E-18  0.9447E-16  0.6039E-13  0.8887E-13  0.9828E-14  0.8841E-20  0.2354E-12  0.1008E-17  0.8370E-18  0.7843E-19  0.4140E-19  0.6086E-16  0.1485E-17  0.1104E-15  0.1401E-15  0.7892E-14  0.6025E-15  0.3305E-16  0.1191E-12
         410  0.8276E+05   5547.      0.1780E-12  0.1015E-16  0.8413E-19  0.5501E-19  0.3879E-19  0.3329E-19  0.2927E-19  0.1703E-19  0.7958E-20  0.2131E-20  0.6089E-21  0.3468E-17  0.1405E-16  0.2095E-16  0.1784E-16  0.1440E-16  0.9711E-17  0.7237E-17  0.4935E-15  0.6974E-16  0.3378E-16  0.6394E-18  0.9416E-16  0.6023E-13  0.8862E-13  0.9801E-14  0.8535E-20  0.2347E-12  0.9904E-18  0.8259E-18  0.7567E-19  0.3995E-19  0.6068E-16  0.1443E-17  0.1101E-15  0.1395E-15  0.7835E-14  0.5998E-15  0.3201E-16  0.1188E-12
         411  0.8509E+05   5572.      0.1775E-12  0.9867E-17  0.8131E-19  0.5316E-19  0.3749E-19  0.3217E-19  0.2829E-19  0.1646E-19  0.7690E-20  0.2060E-20  0.5884E-21  0.3440E-17  0.1394E-16  0.2076E-16  0.1767E-16  0.1428E-16  0.9635E-17  0.7181E-17  0.4916E-15  0.6944E-16  0.3353E-16  0.6329E-18  0.9387E-16  0.6008E-13  0.8839E-13  0.9776E-14  0.8252E-20  0.2340E-12  0.9745E-18  0.8155E-18  0.7313E-19  0.3861E-19  0.6051E-16  0.1403E-17  0.1098E-15  0.1390E-15  0.7782E-14  0.5973E-15  0.3104E-16  0.1184E-12
         412  0.8747E+05   5596.      0.1771E-12  0.9607E-17  0.7870E-19  0.5146E-19  0.3629E-19  0.3114E-19  0.2738E-19  0.1593E-19  0.7444E-20  0.1994E-20  0.5696E-21  0.3414E-17  0.1383E-16  0.2059E-16  0.1752E-16  0.1416E-16  0.9565E-17  0.7130E-17  0.4899E-15  0.6916E-16  0.3330E-16  0.6269E-18  0.9360E-16  0.5994E-13  0.8818E-13  0.9753E-14  0.7991E-20  0.2333E-12  0.9598E-18  0.8059E-18  0.7079E-19  0.3737E-19  0.6036E-16  0.1367E-17  0.1096E-15  0.1385E-15  0.7732E-14  0.5950E-15  0.3014E-16  0.1181E-12
         413  0.8993E+05   5619.      0.1766E-12  0.9366E-17  0.7630E-19  0.4989E-19  0.3518E-19  0.3019E-19  0.2654E-19  0.1545E-19  0.7217E-20  0.1933E-20  0.5522E-21  0.3389E-17  0.1373E-16  0.2044E-16  0.1737E-16  0.1405E-16  0.9500E-17  0.7081E-17  0.4883E-15  0.6890E-16  0.3309E-16  0.6213E-18  0.9334E-16  0.5981E-13  0.8797E-13  0.9731E-14  0.7750E-20  0.2327E-12  0.9462E-18  0.7970E-18  0.6862E-19  0.3623E-19  0.6021E-16  0.1333E-17  0.1093E-15  0.1380E-15  0.7686E-14  0.5929E-15  0.2931E-16  0.1179E-12
         414  0.9246E+05   5640.      0.1762E-12  0.9142E-17  0.7407E-19  0.4843E-19  0.3416E-19  0.2931E-19  0.2577E-19  0.1500E-19  0.7006E-20  0.1876E-20  0.5361E-21  0.3367E-17  0.1363E-16  0.2029E-16  0.1724E-16  0.1395E-16  0.9439E-17  0.7037E-17  0.4868E-15  0.6866E-16  0.3289E-16  0.6161E-18  0.9310E-16  0.5968E-13  0.8778E-13  0.9710E-14  0.7527E-20  0.2321E-12  0.9336E-18  0.7888E-18  0.6662E-19  0.3517E-19  0.6007E-16  0.1301E-17  0.1091E-15  0.1376E-15  0.7643E-14  0.5909E-15  0.2854E-16  0.1176E-12
         415  0.9505E+05   5660.      0.1758E-12  0.8934E-17  0.7202E-19  0.4709E-19  0.3321E-19  0.2849E-19  0.2506E-19  0.1458E-19  0.6812E-20  0.1824E-20  0.5212E-21  0.3346E-17  0.1355E-16  0.2016E-16  0.1712E-16  0.1386E-16  0.9383E-17  0.6995E-17  0.4853E-15  0.6843E-16  0.3271E-16  0.6113E-18  0.9288E-16  0.5957E-13  0.8760E-13  0.9691E-14  0.7321E-20  0.2315E-12  0.9220E-18  0.7812E-18  0.6477E-19  0.3420E-19  0.5994E-16  0.1271E-17  0.1088E-15  0.1372E-15  0.7603E-14  0.5890E-15  0.2782E-16  0.1174E-12
         416  0.9772E+05   5679.      0.1755E-12  0.8739E-17  0.7011E-19  0.4584E-19  0.3233E-19  0.2774E-19  0.2439E-19  0.1419E-19  0.6631E-20  0.1776E-20  0.5074E-21  0.3326E-17  0.1347E-16  0.2003E-16  0.1700E-16  0.1377E-16  0.9330E-17  0.6956E-17  0.4840E-15  0.6822E-16  0.3254E-16  0.6068E-18  0.9267E-16  0.5945E-13  0.8744E-13  0.9672E-14  0.7130E-20  0.2310E-12  0.9111E-18  0.7741E-18  0.6306E-19  0.3329E-19  0.5981E-16  0.1244E-17  0.1086E-15  0.1368E-15  0.7565E-14  0.5872E-15  0.2716E-16  0.1171E-12
         417  0.1005E+06   5697.      0.1751E-12  0.8559E-17  0.6834E-19  0.4469E-19  0.3151E-19  0.2704E-19  0.2378E-19  0.1384E-19  0.6464E-20  0.1731E-20  0.4946E-21  0.3308E-17  0.1339E-16  0.1991E-16  0.1689E-16  0.1369E-16  0.9281E-17  0.6920E-17  0.4828E-15  0.6802E-16  0.3238E-16  0.6026E-18  0.9247E-16  0.5935E-13  0.8728E-13  0.9655E-14  0.6953E-20  0.2305E-12  0.9010E-18  0.7675E-18  0.6147E-19  0.3245E-19  0.5970E-16  0.1218E-17  0.1084E-15  0.1365E-15  0.7530E-14  0.5856E-15  0.2654E-16  0.1169E-12
         418  0.1033E+06   5713.      0.1748E-12  0.8390E-17  0.6670E-19  0.4361E-19  0.3076E-19  0.2639E-19  0.2321E-19  0.1350E-19  0.6309E-20  0.1690E-20  0.4828E-21  0.3290E-17  0.1332E-16  0.1980E-16  0.1679E-16  0.1361E-16  0.9235E-17  0.6886E-17  0.4816E-15  0.6783E-16  0.3223E-16  0.5987E-18  0.9229E-16  0.5925E-13  0.8713E-13  0.9639E-14  0.6788E-20  0.2301E-12  0.8917E-18  0.7613E-18  0.6000E-19  0.3167E-19  0.5959E-16  0.1194E-17  0.1083E-15  0.1361E-15  0.7497E-14  0.5840E-15  0.2597E-16  0.1167E-12
         419  0.1062E+06   5729.      0.1745E-12  0.8232E-17  0.6518E-19  0.4262E-19  0.3006E-19  0.2579E-19  0.2268E-19  0.1320E-19  0.6165E-20  0.1651E-20  0.4717E-21  0.3275E-17  0.1325E-16  0.1970E-16  0.1670E-16  0.1354E-16  0.9193E-17  0.6854E-17  0.4805E-15  0.6765E-16  0.3209E-16  0.5950E-18  0.9212E-16  0.5916E-13  0.8699E-13  0.9624E-14  0.6635E-20  0.2296E-12  0.8829E-18  0.7556E-18  0.5863E-19  0.3095E-19  0.5949E-16  0.1172E-17  0.1081E-15  0.1358E-15  0.7466E-14  0.5825E-15  0.2543E-16  0.1165E-12
         420  0.1092E+06   5744.      0.1742E-12  0.8085E-17  0.6377E-19  0.4169E-19  0.2940E-19  0.2523E-19  0.2218E-19  0.1291E-19  0.6031E-20  0.1615E-20  0.4615E-21  0.3260E-17  0.1319E-16  0.1960E-16  0.1661E-16  0.1348E-16  0.9153E-17  0.6825E-17  0.4794E-15  0.6749E-16  0.3196E-16  0.5916E-18  0.9195E-16  0.5908E-13  0.8686E-13  0.9609E-14  0.6493E-20  0.2292E-12  0.8748E-18  0.7502E-18  0.5736E-19  0.3028E-19  0.5939E-16  0.1151E-17  0.1079E-15  0.1355E-15  0.7437E-14  0.5812E-15  0.2493E-16  0.1163E-12
         421  0.1122E+06   5758.      0.1739E-12  0.7948E-17  0.6245E-19  0.4083E-19  0.2879E-19  0.2471E-19  0.2173E-19  0.1264E-19  0.5907E-20  0.1582E-20  0.4519E-21  0.3246E-17  0.1313E-16  0.1951E-16  0.1653E-16  0.1341E-16  0.9115E-17  0.6797E-17  0.4785E-15  0.6733E-16  0.3184E-16  0.5885E-18  0.9180E-16  0.5899E-13  0.8673E-13  0.9596E-14  0.6361E-20  0.2288E-12  0.8673E-18  0.7453E-18  0.5617E-19  0.2965E-19  0.5930E-16  0.1132E-17  0.1078E-15  0.1352E-15  0.7410E-14  0.5799E-15  0.2447E-16  0.1161E-12
         422  0.1154E+06   5772.      0.1737E-12  0.7819E-17  0.6122E-19  0.4003E-19  0.2823E-19  0.2422E-19  0.2130E-19  0.1239E-19  0.5791E-20  0.1551E-20  0.4431E-21  0.3233E-17  0.1308E-16  0.1943E-16  0.1645E-16  0.1336E-16  0.9080E-17  0.6771E-17  0.4776E-15  0.6719E-16  0.3172E-16  0.5855E-18  0.9165E-16  0.5892E-13  0.8662E-13  0.9583E-14  0.6237E-20  0.2285E-12  0.8602E-18  0.7406E-18  0.5507E-19  0.2907E-19  0.5921E-16  0.1114E-17  0.1076E-15  0.1350E-15  0.7385E-14  0.5787E-15  0.2403E-16  0.1160E-12
         423  0.1186E+06   5784.      0.1734E-12  0.7699E-17  0.6008E-19  0.3928E-19  0.2770E-19  0.2377E-19  0.2090E-19  0.1216E-19  0.5682E-20  0.1522E-20  0.4348E-21  0.3220E-17  0.1303E-16  0.1935E-16  0.1638E-16  0.1330E-16  0.9047E-17  0.6747E-17  0.4767E-15  0.6705E-16  0.3162E-16  0.5827E-18  0.9152E-16  0.5884E-13  0.8651E-13  0.9571E-14  0.6122E-20  0.2281E-12  0.8536E-18  0.7363E-18  0.5404E-19  0.2853E-19  0.5913E-16  0.1097E-17  0.1075E-15  0.1347E-15  0.7361E-14  0.5776E-15  0.2363E-16  0.1158E-12
         424  0.1219E+06   5796.      0.1732E-12  0.7586E-17  0.5901E-19  0.3858E-19  0.2721E-19  0.2335E-19  0.2053E-19  0.1195E-19  0.5581E-20  0.1495E-20  0.4271E-21  0.3209E-17  0.1298E-16  0.1928E-16  0.1631E-16  0.1325E-16  0.9017E-17  0.6724E-17  0.4759E-15  0.6692E-16  0.3152E-16  0.5801E-18  0.9139E-16  0.5878E-13  0.8640E-13  0.9560E-14  0.6015E-20  0.2278E-12  0.8474E-18  0.7322E-18  0.5308E-19  0.2802E-19  0.5906E-16  0.1081E-17  0.1073E-15  0.1345E-15  0.7339E-14  0.5765E-15  0.2325E-16  0.1157E-12
         425  0.1254E+06   5807.      0.1730E-12  0.7481E-17  0.5801E-19  0.3793E-19  0.2675E-19  0.2295E-19  0.2018E-19  0.1174E-19  0.5487E-20  0.1470E-20  0.4198E-21  0.3198E-17  0.1294E-16  0.1921E-16  0.1625E-16  0.1320E-16  0.8988E-17  0.6703E-17  0.4751E-15  0.6680E-16  0.3143E-16  0.5777E-18  0.9127E-16  0.5871E-13  0.8630E-13  0.9549E-14  0.5915E-20  0.2275E-12  0.8417E-18  0.7284E-18  0.5218E-19  0.2755E-19  0.5898E-16  0.1066E-17  0.1072E-15  0.1343E-15  0.7318E-14  0.5755E-15  0.2289E-16  0.1156E-12
         426  0.1289E+06   5818.      0.1728E-12  0.7382E-17  0.5708E-19  0.3732E-19  0.2632E-19  0.2258E-19  0.1986E-19  0.1156E-19  0.5399E-20  0.1446E-20  0.4131E-21  0.3188E-17  0.1290E-16  0.1914E-16  0.1619E-16  0.1316E-16  0.8961E-17  0.6683E-17  0.4744E-15  0.6669E-16  0.3134E-16  0.5754E-18  0.9116E-16  0.5865E-13  0.8621E-13  0.9539E-14  0.5821E-20  0.2272E-12  0.8363E-18  0.7248E-18  0.5135E-19  0.2711E-19  0.5892E-16  0.1052E-17  0.1071E-15  0.1341E-15  0.7298E-14  0.5746E-15  0.2256E-16  0.1154E-12
         427  0.1325E+06   5828.      0.1726E-12  0.7290E-17  0.5621E-19  0.3675E-19  0.2592E-19  0.2224E-19  0.1956E-19  0.1138E-19  0.5317E-20  0.1424E-20  0.4068E-21  0.3179E-17  0.1286E-16  0.1908E-16  0.1614E-16  0.1312E-16  0.8936E-17  0.6664E-17  0.4738E-15  0.6658E-16  0.3126E-16  0.5733E-18  0.9105E-16  0.5859E-13  0.8613E-13  0.9529E-14  0.5734E-20  0.2270E-12  0.8313E-18  0.7215E-18  0.5056E-19  0.2669E-19  0.5885E-16  0.1039E-17  0.1070E-15  0.1339E-15  0.7280E-14  0.5737E-15  0.2225E-16  0.1153E-12
         428  0.1362E+06   5837.      0.1725E-12  0.7203E-17  0.5540E-19  0.3622E-19  0.2554E-19  0.2192E-19  0.1927E-19  0.1122E-19  0.5240E-20  0.1403E-20  0.4009E-21  0.3170E-17  0.1282E-16  0.1903E-16  0.1608E-16  0.1308E-16  0.8912E-17  0.6647E-17  0.4731E-15  0.6648E-16  0.3118E-16  0.5713E-18  0.9095E-16  0.5854E-13  0.8604E-13  0.9521E-14  0.5652E-20  0.2267E-12  0.8265E-18  0.7184E-18  0.4983E-19  0.2631E-19  0.5879E-16  0.1026E-17  0.1069E-15  0.1337E-15  0.7262E-14  0.5728E-15  0.2196E-16  0.1152E-12
         429  0.1401E+06   5846.      0.1723E-12  0.7121E-17  0.5464E-19  0.3572E-19  0.2519E-19  0.2162E-19  0.1901E-19  0.1106E-19  0.5168E-20  0.1384E-20  0.3954E-21  0.3161E-17  0.1279E-16  0.1897E-16  0.1603E-16  0.1304E-16  0.8890E-17  0.6630E-17  0.4725E-15  0.6639E-16  0.3111E-16  0.5694E-18  0.9086E-16  0.5849E-13  0.8597E-13  0.9512E-14  0.5575E-20  0.2265E-12  0.8221E-18  0.7154E-18  0.4915E-19  0.2595E-19  0.5874E-16  0.1015E-17  0.1068E-15  0.1336E-15  0.7246E-14  0.5721E-15  0.2168E-16  0.1151E-12
         430  0.1440E+06   5855.      0.1721E-12  0.7045E-17  0.5393E-19  0.3526E-19  0.2486E-19  0.2134E-19  0.1876E-19  0.1092E-19  0.5101E-20  0.1366E-20  0.3903E-21  0.3153E-17  0.1275E-16  0.1892E-16  0.1599E-16  0.1301E-16  0.8869E-17  0.6615E-17  0.4720E-15  0.6630E-16  0.3104E-16  0.5677E-18  0.9077E-16  0.5844E-13  0.8589E-13  0.9504E-14  0.5503E-20  0.2262E-12  0.8180E-18  0.7127E-18  0.4851E-19  0.2561E-19  0.5869E-16  0.1004E-17  0.1067E-15  0.1334E-15  0.7231E-14  0.5713E-15  0.2143E-16  0.1150E-12
         431  0.1480E+06   5863.      0.1720E-12  0.6973E-17  0.5326E-19  0.3482E-19  0.2456E-19  0.2107E-19  0.1853E-19  0.1078E-19  0.5037E-20  0.1349E-20  0.3854E-21  0.3146E-17  0.1272E-16  0.1888E-16  0.1595E-16  0.1297E-16  0.8849E-17  0.6600E-17  0.4715E-15  0.6621E-16  0.3097E-16  0.5660E-18  0.9068E-16  0.5840E-13  0.8582E-13  0.9497E-14  0.5436E-20  0.2260E-12  0.8141E-18  0.7101E-18  0.4791E-19  0.2529E-19  0.5863E-16  0.9937E-18  0.1066E-15  0.1333E-15  0.7216E-14  0.5706E-15  0.2119E-16  0.1149E-12
         432  0.1522E+06   5870.      0.1718E-12  0.6905E-17  0.5263E-19  0.3441E-19  0.2427E-19  0.2082E-19  0.1831E-19  0.1065E-19  0.4978E-20  0.1333E-20  0.3809E-21  0.3139E-17  0.1270E-16  0.1883E-16  0.1591E-16  0.1294E-16  0.8831E-17  0.6587E-17  0.4710E-15  0.6614E-16  0.3091E-16  0.5645E-18  0.9060E-16  0.5835E-13  0.8576E-13  0.9490E-14  0.5373E-20  0.2258E-12  0.8104E-18  0.7077E-18  0.4734E-19  0.2499E-19  0.5859E-16  0.9842E-18  0.1065E-15  0.1331E-15  0.7203E-14  0.5700E-15  0.2096E-16  0.1148E-12
         433  0.1565E+06   5877.      0.1717E-12  0.6842E-17  0.5204E-19  0.3403E-19  0.2400E-19  0.2059E-19  0.1811E-19  0.1054E-19  0.4923E-20  0.1318E-20  0.3767E-21  0.3133E-17  0.1267E-16  0.1879E-16  0.1587E-16  0.1291E-16  0.8813E-17  0.6574E-17  0.4705E-15  0.6606E-16  0.3086E-16  0.5630E-18  0.9053E-16  0.5831E-13  0.8570E-13  0.9483E-14  0.5314E-20  0.2256E-12  0.8070E-18  0.7054E-18  0.4681E-19  0.2471E-19  0.5854E-16  0.9752E-18  0.1065E-15  0.1330E-15  0.7190E-14  0.5694E-15  0.2075E-16  0.1147E-12
         434  0.1608E+06   5884.      0.1716E-12  0.6782E-17  0.5149E-19  0.3367E-19  0.2374E-19  0.2037E-19  0.1792E-19  0.1042E-19  0.4871E-20  0.1304E-20  0.3727E-21  0.3127E-17  0.1264E-16  0.1875E-16  0.1583E-16  0.1289E-16  0.8797E-17  0.6562E-17  0.4700E-15  0.6599E-16  0.3081E-16  0.5616E-18  0.9046E-16  0.5828E-13  0.8564E-13  0.9477E-14  0.5259E-20  0.2255E-12  0.8038E-18  0.7033E-18  0.4632E-19  0.2445E-19  0.5850E-16  0.9667E-18  0.1064E-15  0.1329E-15  0.7178E-14  0.5688E-15  0.2055E-16  0.1146E-12
         435  0.1654E+06   5890.      0.1715E-12  0.6726E-17  0.5098E-19  0.3333E-19  0.2351E-19  0.2017E-19  0.1774E-19  0.1032E-19  0.4822E-20  0.1291E-20  0.3689E-21  0.3121E-17  0.1262E-16  0.1871E-16  0.1580E-16  0.1286E-16  0.8781E-17  0.6550E-17  0.4696E-15  0.6593E-16  0.3076E-16  0.5603E-18  0.9039E-16  0.5824E-13  0.8559E-13  0.9471E-14  0.5206E-20  0.2253E-12  0.8008E-18  0.7013E-18  0.4585E-19  0.2421E-19  0.5846E-16  0.9588E-18  0.1063E-15  0.1327E-15  0.7167E-14  0.5682E-15  0.2036E-16  0.1146E-12
         436  0.1700E+06   5896.      0.1714E-12  0.6673E-17  0.5049E-19  0.3301E-19  0.2328E-19  0.1998E-19  0.1757E-19  0.1022E-19  0.4776E-20  0.1279E-20  0.3654E-21  0.3115E-17  0.1260E-16  0.1868E-16  0.1577E-16  0.1284E-16  0.8767E-17  0.6539E-17  0.4692E-15  0.6586E-16  0.3071E-16  0.5591E-18  0.9033E-16  0.5821E-13  0.8553E-13  0.9465E-14  0.5158E-20  0.2251E-12  0.7979E-18  0.6994E-18  0.4542E-19  0.2398E-19  0.5842E-16  0.9513E-18  0.1063E-15  0.1326E-15  0.7156E-14  0.5677E-15  0.2019E-16  0.1145E-12
         437  0.1748E+06   5902.      0.1712E-12  0.6623E-17  0.5004E-19  0.3272E-19  0.2307E-19  0.1980E-19  0.1741E-19  0.1013E-19  0.4733E-20  0.1268E-20  0.3621E-21  0.3110E-17  0.1258E-16  0.1865E-16  0.1574E-16  0.1281E-16  0.8753E-17  0.6529E-17  0.4689E-15  0.6581E-16  0.3066E-16  0.5580E-18  0.9027E-16  0.5817E-13  0.8549E-13  0.9460E-14  0.5112E-20  0.2250E-12  0.7953E-18  0.6976E-18  0.4501E-19  0.2376E-19  0.5839E-16  0.9442E-18  0.1062E-15  0.1325E-15  0.7146E-14  0.5672E-15  0.2002E-16  0.1144E-12
         438  0.1797E+06   5907.      0.1712E-12  0.6577E-17  0.4961E-19  0.3244E-19  0.2287E-19  0.1963E-19  0.1726E-19  0.1004E-19  0.4692E-20  0.1257E-20  0.3590E-21  0.3106E-17  0.1256E-16  0.1862E-16  0.1571E-16  0.1279E-16  0.8740E-17  0.6520E-17  0.4685E-15  0.6575E-16  0.3062E-16  0.5569E-18  0.9021E-16  0.5814E-13  0.8544E-13  0.9455E-14  0.5068E-20  0.2249E-12  0.7927E-18  0.6960E-18  0.4462E-19  0.2356E-19  0.5836E-16  0.9376E-18  0.1061E-15  0.1324E-15  0.7136E-14  0.5668E-15  0.1987E-16  0.1144E-12
         439  0.1847E+06   5912.      0.1711E-12  0.6533E-17  0.4920E-19  0.3217E-19  0.2269E-19  0.1947E-19  0.1712E-19  0.9961E-20  0.4654E-20  0.1246E-20  0.3561E-21  0.3101E-17  0.1254E-16  0.1859E-16  0.1568E-16  0.1277E-16  0.8728E-17  0.6511E-17  0.4682E-15  0.6570E-16  0.3058E-16  0.5559E-18  0.9016E-16  0.5811E-13  0.8540E-13  0.9450E-14  0.5028E-20  0.2247E-12  0.7904E-18  0.6944E-18  0.4426E-19  0.2337E-19  0.5832E-16  0.9314E-18  0.1061E-15  0.1323E-15  0.7127E-14  0.5663E-15  0.1972E-16  0.1143E-12
         440  0.1899E+06   5917.      0.1710E-12  0.6491E-17  0.4883E-19  0.3192E-19  0.2251E-19  0.1932E-19  0.1699E-19  0.9885E-20  0.4618E-20  0.1237E-20  0.3534E-21  0.3097E-17  0.1252E-16  0.1856E-16  0.1566E-16  0.1275E-16  0.8717E-17  0.6502E-17  0.4679E-15  0.6565E-16  0.3055E-16  0.5549E-18  0.9011E-16  0.5809E-13  0.8536E-13  0.9446E-14  0.4990E-20  0.2246E-12  0.7882E-18  0.6929E-18  0.4392E-19  0.2319E-19  0.5829E-16  0.9255E-18  0.1060E-15  0.1322E-15  0.7119E-14  0.5659E-15  0.1958E-16  0.1143E-12
         441  0.1952E+06   5922.      0.1709E-12  0.6452E-17  0.4847E-19  0.3169E-19  0.2235E-19  0.1918E-19  0.1686E-19  0.9812E-20  0.4585E-20  0.1228E-20  0.3508E-21  0.3093E-17  0.1250E-16  0.1853E-16  0.1564E-16  0.1274E-16  0.8706E-17  0.6494E-17  0.4676E-15  0.6560E-16  0.3051E-16  0.5540E-18  0.9006E-16  0.5806E-13  0.8532E-13  0.9441E-14  0.4954E-20  0.2245E-12  0.7861E-18  0.6915E-18  0.4360E-19  0.2302E-19  0.5827E-16  0.9199E-18  0.1060E-15  0.1322E-15  0.7111E-14  0.5655E-15  0.1945E-16  0.1142E-12
         442  0.2007E+06   5926.      0.1708E-12  0.6415E-17  0.4813E-19  0.3147E-19  0.2219E-19  0.1904E-19  0.1675E-19  0.9745E-20  0.4553E-20  0.1219E-20  0.3484E-21  0.3089E-17  0.1249E-16  0.1851E-16  0.1561E-16  0.1272E-16  0.8696E-17  0.6487E-17  0.4673E-15  0.6556E-16  0.3048E-16  0.5532E-18  0.9002E-16  0.5804E-13  0.8528E-13  0.9437E-14  0.4920E-20  0.2244E-12  0.7841E-18  0.6902E-18  0.4330E-19  0.2286E-19  0.5824E-16  0.9147E-18  0.1059E-15  0.1321E-15  0.7104E-14  0.5652E-15  0.1933E-16  0.1141E-12
         443  0.2064E+06   5930.      0.1707E-12  0.6381E-17  0.4782E-19  0.3127E-19  0.2205E-19  0.1892E-19  0.1664E-19  0.9681E-20  0.4523E-20  0.1211E-20  0.3461E-21  0.3085E-17  0.1247E-16  0.1849E-16  0.1559E-16  0.1270E-16  0.8687E-17  0.6480E-17  0.4671E-15  0.6552E-16  0.3045E-16  0.5524E-18  0.8998E-16  0.5802E-13  0.8525E-13  0.9434E-14  0.4888E-20  0.2243E-12  0.7823E-18  0.6890E-18  0.4302E-19  0.2271E-19  0.5821E-16  0.9098E-18  0.1059E-15  0.1320E-15  0.7097E-14  0.5648E-15  0.1922E-16  0.1141E-12
         444  0.2122E+06   5934.      0.1707E-12  0.6348E-17  0.4752E-19  0.3107E-19  0.2191E-19  0.1880E-19  0.1653E-19  0.9621E-20  0.4495E-20  0.1204E-20  0.3439E-21  0.3082E-17  0.1246E-16  0.1847E-16  0.1557E-16  0.1269E-16  0.8678E-17  0.6473E-17  0.4668E-15  0.6548E-16  0.3042E-16  0.5517E-18  0.8994E-16  0.5799E-13  0.8521E-13  0.9430E-14  0.4858E-20  0.2242E-12  0.7805E-18  0.6878E-18  0.4275E-19  0.2257E-19  0.5819E-16  0.9052E-18  0.1059E-15  0.1319E-15  0.7090E-14  0.5645E-15  0.1911E-16  0.1141E-12
         445  0.2181E+06   5937.      0.1706E-12  0.6317E-17  0.4724E-19  0.3089E-19  0.2178E-19  0.1869E-19  0.1644E-19  0.9564E-20  0.4468E-20  0.1197E-20  0.3419E-21  0.3079E-17  0.1245E-16  0.1845E-16  0.1556E-16  0.1267E-16  0.8669E-17  0.6467E-17  0.4666E-15  0.6544E-16  0.3039E-16  0.5509E-18  0.8990E-16  0.5797E-13  0.8518E-13  0.9427E-14  0.4830E-20  0.2241E-12  0.7789E-18  0.6867E-18  0.4250E-19  0.2243E-19  0.5817E-16  0.9008E-18  0.1058E-15  0.1319E-15  0.7084E-14  0.5642E-15  0.1901E-16  0.1140E-12
         446  0.2242E+06   5941.      0.1705E-12  0.6288E-17  0.4698E-19  0.3072E-19  0.2166E-19  0.1859E-19  0.1634E-19  0.9511E-20  0.4444E-20  0.1190E-20  0.3400E-21  0.3076E-17  0.1243E-16  0.1843E-16  0.1554E-16  0.1266E-16  0.8661E-17  0.6461E-17  0.4664E-15  0.6541E-16  0.3037E-16  0.5503E-18  0.8986E-16  0.5795E-13  0.8515E-13  0.9423E-14  0.4803E-20  0.2240E-12  0.7773E-18  0.6857E-18  0.4226E-19  0.2231E-19  0.5815E-16  0.8967E-18  0.1058E-15  0.1318E-15  0.7078E-14  0.5639E-15  0.1891E-16  0.1140E-12
         447  0.2305E+06   5944.      0.1705E-12  0.6261E-17  0.4673E-19  0.3055E-19  0.2155E-19  0.1849E-19  0.1626E-19  0.9460E-20  0.4420E-20  0.1184E-20  0.3382E-21  0.3073E-17  0.1242E-16  0.1841E-16  0.1552E-16  0.1265E-16  0.8653E-17  0.6455E-17  0.4661E-15  0.6537E-16  0.3034E-16  0.5497E-18  0.8983E-16  0.5794E-13  0.8513E-13  0.9420E-14  0.4778E-20  0.2239E-12  0.7758E-18  0.6847E-18  0.4204E-19  0.2219E-19  0.5813E-16  0.8928E-18  0.1057E-15  0.1317E-15  0.7072E-14  0.5637E-15  0.1882E-16  0.1139E-12
         448  0.2370E+06   5947.      0.1704E-12  0.6235E-17  0.4650E-19  0.3040E-19  0.2144E-19  0.1840E-19  0.1618E-19  0.9413E-20  0.4398E-20  0.1178E-20  0.3365E-21  0.3070E-17  0.1241E-16  0.1839E-16  0.1551E-16  0.1264E-16  0.8646E-17  0.6450E-17  0.4660E-15  0.6534E-16  0.3032E-16  0.5491E-18  0.8980E-16  0.5792E-13  0.8510E-13  0.9418E-14  0.4755E-20  0.2238E-12  0.7745E-18  0.6838E-18  0.4183E-19  0.2208E-19  0.5811E-16  0.8891E-18  0.1057E-15  0.1317E-15  0.7067E-14  0.5634E-15  0.1873E-16  0.1139E-12
         449  0.2437E+06   5950.      0.1704E-12  0.6210E-17  0.4628E-19  0.3026E-19  0.2134E-19  0.1831E-19  0.1610E-19  0.9368E-20  0.4377E-20  0.1172E-20  0.3349E-21  0.3068E-17  0.1240E-16  0.1838E-16  0.1549E-16  0.1263E-16  0.8640E-17  0.6445E-17  0.4658E-15  0.6531E-16  0.3030E-16  0.5485E-18  0.8977E-16  0.5790E-13  0.8507E-13  0.9415E-14  0.4732E-20  0.2237E-12  0.7732E-18  0.6829E-18  0.4163E-19  0.2198E-19  0.5809E-16  0.8857E-18  0.1057E-15  0.1316E-15  0.7062E-14  0.5631E-15  0.1865E-16  0.1139E-12
         450  0.2505E+06   5952.      0.1703E-12  0.6187E-17  0.4607E-19  0.3012E-19  0.2124E-19  0.1823E-19  0.1603E-19  0.9326E-20  0.4357E-20  0.1167E-20  0.3334E-21  0.3065E-17  0.1239E-16  0.1836E-16  0.1548E-16  0.1262E-16  0.8633E-17  0.6440E-17  0.4656E-15  0.6529E-16  0.3028E-16  0.5480E-18  0.8974E-16  0.5789E-13  0.8505E-13  0.9412E-14  0.4711E-20  0.2237E-12  0.7719E-18  0.6821E-18  0.4144E-19  0.2188E-19  0.5807E-16  0.8824E-18  0.1057E-15  0.1316E-15  0.7057E-14  0.5629E-15  0.1858E-16  0.1138E-12
         451  0.2575E+06   5955.      0.1703E-12  0.6166E-17  0.4587E-19  0.2999E-19  0.2115E-19  0.1815E-19  0.1596E-19  0.9287E-20  0.4339E-20  0.1162E-20  0.3320E-21  0.3063E-17  0.1238E-16  0.1835E-16  0.1546E-16  0.1261E-16  0.8627E-17  0.6436E-17  0.4654E-15  0.6526E-16  0.3026E-16  0.5475E-18  0.8971E-16  0.5787E-13  0.8503E-13  0.9410E-14  0.4692E-20  0.2236E-12  0.7708E-18  0.6813E-18  0.4126E-19  0.2178E-19  0.5806E-16  0.8793E-18  0.1056E-15  0.1315E-15  0.7053E-14  0.5627E-15  0.1851E-16  0.1138E-12
         452  0.2648E+06   5957.      0.1702E-12  0.6145E-17  0.4569E-19  0.2987E-19  0.2107E-19  0.1808E-19  0.1590E-19  0.9249E-20  0.4321E-20  0.1157E-20  0.3306E-21  0.3061E-17  0.1237E-16  0.1833E-16  0.1545E-16  0.1260E-16  0.8622E-17  0.6432E-17  0.4653E-15  0.6524E-16  0.3024E-16  0.5470E-18  0.8969E-16  0.5786E-13  0.8501E-13  0.9408E-14  0.4673E-20  0.2235E-12  0.7697E-18  0.6806E-18  0.4110E-19  0.2170E-19  0.5804E-16  0.8764E-18  0.1056E-15  0.1315E-15  0.7048E-14  0.5625E-15  0.1844E-16  0.1138E-12
         453  0.2722E+06   5960.      0.1702E-12  0.6126E-17  0.4551E-19  0.2976E-19  0.2099E-19  0.1801E-19  0.1583E-19  0.9214E-20  0.4305E-20  0.1153E-20  0.3294E-21  0.3059E-17  0.1236E-16  0.1832E-16  0.1544E-16  0.1259E-16  0.8616E-17  0.6428E-17  0.4651E-15  0.6521E-16  0.3022E-16  0.5466E-18  0.8967E-16  0.5785E-13  0.8499E-13  0.9406E-14  0.4655E-20  0.2235E-12  0.7687E-18  0.6799E-18  0.4094E-19  0.2161E-19  0.5803E-16  0.8737E-18  0.1056E-15  0.1315E-15  0.7044E-14  0.5623E-15  0.1837E-16  0.1137E-12
         454  0.2798E+06   5962.      0.1701E-12  0.6107E-17  0.4535E-19  0.2965E-19  0.2091E-19  0.1794E-19  0.1578E-19  0.9181E-20  0.4289E-20  0.1149E-20  0.3282E-21  0.3057E-17  0.1236E-16  0.1831E-16  0.1543E-16  0.1258E-16  0.8611E-17  0.6424E-17  0.4650E-15  0.6519E-16  0.3020E-16  0.5461E-18  0.8964E-16  0.5783E-13  0.8497E-13  0.9404E-14  0.4639E-20  0.2234E-12  0.7677E-18  0.6792E-18  0.4079E-19  0.2154E-19  0.5801E-16  0.8711E-18  0.1055E-15  0.1314E-15  0.7041E-14  0.5621E-15  0.1831E-16  0.1137E-12
         455  0.2877E+06   5964.      0.1701E-12  0.6090E-17  0.4519E-19  0.2955E-19  0.2084E-19  0.1788E-19  0.1572E-19  0.9149E-20  0.4275E-20  0.1145E-20  0.3271E-21  0.3055E-17  0.1235E-16  0.1830E-16  0.1542E-16  0.1257E-16  0.8606E-17  0.6421E-17  0.4649E-15  0.6517E-16  0.3019E-16  0.5457E-18  0.8962E-16  0.5782E-13  0.8495E-13  0.9402E-14  0.4623E-20  0.2234E-12  0.7668E-18  0.6786E-18  0.4065E-19  0.2146E-19  0.5800E-16  0.8686E-18  0.1055E-15  0.1314E-15  0.7037E-14  0.5619E-15  0.1826E-16  0.1137E-12
         456  0.2958E+06   5966.      0.1701E-12  0.6074E-17  0.4505E-19  0.2945E-19  0.2077E-19  0.1782E-19  0.1567E-19  0.9119E-20  0.4261E-20  0.1141E-20  0.3260E-21  0.3054E-17  0.1234E-16  0.1829E-16  0.1541E-16  0.1256E-16  0.8602E-17  0.6417E-17  0.4647E-15  0.6515E-16  0.3017E-16  0.5454E-18  0.8960E-16  0.5781E-13  0.8494E-13  0.9400E-14  0.4608E-20  0.2233E-12  0.7659E-18  0.6781E-18  0.4052E-19  0.2139E-19  0.5799E-16  0.8663E-18  0.1055E-15  0.1313E-15  0.7034E-14  0.5618E-15  0.1820E-16  0.1137E-12
         457  0.3041E+06   5968.      0.1700E-12  0.6058E-17  0.4491E-19  0.2936E-19  0.2071E-19  0.1777E-19  0.1562E-19  0.9092E-20  0.4248E-20  0.1138E-20  0.3250E-21  0.3052E-17  0.1234E-16  0.1828E-16  0.1540E-16  0.1256E-16  0.8598E-17  0.6414E-17  0.4646E-15  0.6513E-16  0.3016E-16  0.5450E-18  0.8958E-16  0.5780E-13  0.8492E-13  0.9398E-14  0.4594E-20  0.2233E-12  0.7651E-18  0.6775E-18  0.4040E-19  0.2133E-19  0.5798E-16  0.8641E-18  0.1055E-15  0.1313E-15  0.7031E-14  0.5616E-15  0.1815E-16  0.1137E-12
         458  0.3126E+06   5970.      0.1700E-12  0.6044E-17  0.4478E-19  0.2928E-19  0.2065E-19  0.1772E-19  0.1558E-19  0.9065E-20  0.4235E-20  0.1134E-20  0.3241E-21  0.3051E-17  0.1233E-16  0.1827E-16  0.1539E-16  0.1255E-16  0.8594E-17  0.6411E-17  0.4645E-15  0.6511E-16  0.3015E-16  0.5447E-18  0.8956E-16  0.5779E-13  0.8491E-13  0.9397E-14  0.4581E-20  0.2232E-12  0.7643E-18  0.6770E-18  0.4028E-19  0.2126E-19  0.5797E-16  0.8621E-18  0.1055E-15  0.1313E-15  0.7028E-14  0.5615E-15  0.1810E-16  0.1136E-12
         459  0.3214E+06   5971.      0.1700E-12  0.6030E-17  0.4465E-19  0.2920E-19  0.2059E-19  0.1767E-19  0.1554E-19  0.9040E-20  0.4224E-20  0.1131E-20  0.3232E-21  0.3049E-17  0.1232E-16  0.1826E-16  0.1538E-16  0.1254E-16  0.8590E-17  0.6408E-17  0.4644E-15  0.6510E-16  0.3014E-16  0.5444E-18  0.8955E-16  0.5778E-13  0.8489E-13  0.9395E-14  0.4569E-20  0.2232E-12  0.7636E-18  0.6765E-18  0.4017E-19  0.2121E-19  0.5796E-16  0.8601E-18  0.1055E-15  0.1312E-15  0.7025E-14  0.5613E-15  0.1806E-16  0.1136E-12
         460  0.3304E+06   5973.      0.1699E-12  0.6017E-17  0.4454E-19  0.2912E-19  0.2054E-19  0.1762E-19  0.1550E-19  0.9017E-20  0.4213E-20  0.1128E-20  0.3223E-21  0.3048E-17  0.1232E-16  0.1825E-16  0.1538E-16  0.1254E-16  0.8586E-17  0.6406E-17  0.4643E-15  0.6508E-16  0.3012E-16  0.5441E-18  0.8953E-16  0.5777E-13  0.8488E-13  0.9394E-14  0.4557E-20  0.2231E-12  0.7629E-18  0.6760E-18  0.4006E-19  0.2115E-19  0.5795E-16  0.8583E-18  0.1054E-15  0.1312E-15  0.7022E-14  0.5612E-15  0.1802E-16  0.1136E-12
         461  0.3397E+06   5974.      0.1699E-12  0.6005E-17  0.4443E-19  0.2905E-19  0.2049E-19  0.1758E-19  0.1546E-19  0.8994E-20  0.4202E-20  0.1125E-20  0.3215E-21  0.3047E-17  0.1231E-16  0.1824E-16  0.1537E-16  0.1253E-16  0.8583E-17  0.6403E-17  0.4642E-15  0.6507E-16  0.3011E-16  0.5438E-18  0.8952E-16  0.5777E-13  0.8487E-13  0.9392E-14  0.4546E-20  0.2231E-12  0.7623E-18  0.6756E-18  0.3997E-19  0.2110E-19  0.5794E-16  0.8565E-18  0.1054E-15  0.1312E-15  0.7020E-14  0.5611E-15  0.1798E-16  0.1136E-12
         462  0.3492E+06   5976.      0.1699E-12  0.5993E-17  0.4432E-19  0.2898E-19  0.2044E-19  0.1754E-19  0.1542E-19  0.8973E-20  0.4192E-20  0.1123E-20  0.3208E-21  0.3045E-17  0.1231E-16  0.1823E-16  0.1536E-16  0.1253E-16  0.8580E-17  0.6401E-17  0.4641E-15  0.6505E-16  0.3010E-16  0.5435E-18  0.8950E-16  0.5776E-13  0.8485E-13  0.9391E-14  0.4535E-20  0.2231E-12  0.7616E-18  0.6752E-18  0.3987E-19  0.2105E-19  0.5793E-16  0.8549E-18  0.1054E-15  0.1312E-15  0.7017E-14  0.5610E-15  0.1794E-16  0.1136E-12
         463  0.3590E+06   5977.      0.1699E-12  0.5982E-17  0.4423E-19  0.2892E-19  0.2039E-19  0.1750E-19  0.1539E-19  0.8953E-20  0.4183E-20  0.1120E-20  0.3201E-21  0.3044E-17  0.1230E-16  0.1823E-16  0.1535E-16  0.1252E-16  0.8577E-17  0.6398E-17  0.4640E-15  0.6504E-16  0.3009E-16  0.5433E-18  0.8949E-16  0.5775E-13  0.8484E-13  0.9390E-14  0.4525E-20  0.2230E-12  0.7611E-18  0.6748E-18  0.3978E-19  0.2100E-19  0.5792E-16  0.8533E-18  0.1054E-15  0.1311E-15  0.7015E-14  0.5609E-15  0.1790E-16  0.1135E-12
         464  0.3691E+06   5978.      0.1698E-12  0.5972E-17  0.4413E-19  0.2886E-19  0.2035E-19  0.1746E-19  0.1536E-19  0.8935E-20  0.4174E-20  0.1118E-20  0.3194E-21  0.3043E-17  0.1230E-16  0.1822E-16  0.1535E-16  0.1252E-16  0.8574E-17  0.6396E-17  0.4640E-15  0.6503E-16  0.3008E-16  0.5430E-18  0.8948E-16  0.5774E-13  0.8483E-13  0.9389E-14  0.4516E-20  0.2230E-12  0.7605E-18  0.6744E-18  0.3970E-19  0.2096E-19  0.5791E-16  0.8519E-18  0.1054E-15  0.1311E-15  0.7013E-14  0.5608E-15  0.1787E-16  0.1135E-12
         465  0.3795E+06   5979.      0.1698E-12  0.5962E-17  0.4405E-19  0.2880E-19  0.2031E-19  0.1743E-19  0.1532E-19  0.8917E-20  0.4166E-20  0.1116E-20  0.3188E-21  0.3042E-17  0.1230E-16  0.1821E-16  0.1534E-16  0.1251E-16  0.8571E-17  0.6394E-17  0.4639E-15  0.6501E-16  0.3007E-16  0.5428E-18  0.8946E-16  0.5774E-13  0.8482E-13  0.9387E-14  0.4507E-20  0.2230E-12  0.7600E-18  0.6741E-18  0.3962E-19  0.2092E-19  0.5791E-16  0.8505E-18  0.1054E-15  0.1311E-15  0.7011E-14  0.5607E-15  0.1784E-16  0.1135E-12
         466  0.3901E+06   5980.      0.1698E-12  0.5953E-17  0.4396E-19  0.2875E-19  0.2027E-19  0.1739E-19  0.1530E-19  0.8900E-20  0.4158E-20  0.1114E-20  0.3182E-21  0.3041E-17  0.1229E-16  0.1821E-16  0.1534E-16  0.1251E-16  0.8569E-17  0.6392E-17  0.4638E-15  0.6500E-16  0.3007E-16  0.5426E-18  0.8945E-16  0.5773E-13  0.8481E-13  0.9386E-14  0.4499E-20  0.2229E-12  0.7595E-18  0.6738E-18  0.3955E-19  0.2088E-19  0.5790E-16  0.8492E-18  0.1054E-15  0.1311E-15  0.7009E-14  0.5606E-15  0.1781E-16  0.1135E-12
         467  0.4011E+06   5982.      0.1698E-12  0.5944E-17  0.4389E-19  0.2869E-19  0.2024E-19  0.1736E-19  0.1527E-19  0.8885E-20  0.4151E-20  0.1112E-20  0.3176E-21  0.3040E-17  0.1229E-16  0.1820E-16  0.1533E-16  0.1250E-16  0.8566E-17  0.6391E-17  0.4637E-15  0.6499E-16  0.3006E-16  0.5424E-18  0.8944E-16  0.5772E-13  0.8480E-13  0.9385E-14  0.4491E-20  0.2229E-12  0.7590E-18  0.6735E-18  0.3948E-19  0.2084E-19  0.5789E-16  0.8479E-18  0.1053E-15  0.1311E-15  0.7007E-14  0.5605E-15  0.1778E-16  0.1135E-12
         468  0.4123E+06   5983.      0.1698E-12  0.5936E-17  0.4381E-19  0.2865E-19  0.2020E-19  0.1733E-19  0.1524E-19  0.8870E-20  0.4144E-20  0.1110E-20  0.3171E-21  0.3039E-17  0.1228E-16  0.1820E-16  0.1533E-16  0.1250E-16  0.8564E-17  0.6389E-17  0.4637E-15  0.6498E-16  0.3005E-16  0.5422E-18  0.8943E-16  0.5772E-13  0.8480E-13  0.9385E-14  0.4484E-20  0.2229E-12  0.7586E-18  0.6732E-18  0.3941E-19  0.2081E-19  0.5789E-16  0.8468E-18  0.1053E-15  0.1310E-15  0.7005E-14  0.5604E-15  0.1775E-16  0.1135E-12
         469  0.4239E+06   5983.      0.1697E-12  0.5928E-17  0.4374E-19  0.2860E-19  0.2017E-19  0.1731E-19  0.1522E-19  0.8856E-20  0.4137E-20  0.1108E-20  0.3166E-21  0.3039E-17  0.1228E-16  0.1819E-16  0.1532E-16  0.1250E-16  0.8562E-17  0.6387E-17  0.4636E-15  0.6497E-16  0.3004E-16  0.5420E-18  0.8942E-16  0.5771E-13  0.8479E-13  0.9384E-14  0.4477E-20  0.2229E-12  0.7582E-18  0.6729E-18  0.3935E-19  0.2077E-19  0.5788E-16  0.8456E-18  0.1053E-15  0.1310E-15  0.7004E-14  0.5603E-15  0.1772E-16  0.1135E-12
         470  0.4358E+06   5984.      0.1697E-12  0.5921E-17  0.4368E-19  0.2856E-19  0.2014E-19  0.1728E-19  0.1520E-19  0.8842E-20  0.4131E-20  0.1106E-20  0.3161E-21  0.3038E-17  0.1228E-16  0.1819E-16  0.1532E-16  0.1249E-16  0.8560E-17  0.6386E-17  0.4636E-15  0.6496E-16  0.3004E-16  0.5419E-18  0.8941E-16  0.5771E-13  0.8478E-13  0.9383E-14  0.4470E-20  0.2228E-12  0.7578E-18  0.6726E-18  0.3929E-19  0.2074E-19  0.5788E-16  0.8446E-18  0.1053E-15  0.1310E-15  0.7002E-14  0.5602E-15  0.1770E-16  0.1135E-12
         471  0.4480E+06   5985.      0.1697E-12  0.5914E-17  0.4361E-19  0.2852E-19  0.2011E-19  0.1726E-19  0.1517E-19  0.8830E-20  0.4125E-20  0.1105E-20  0.3156E-21  0.3037E-17  0.1227E-16  0.1818E-16  0.1531E-16  0.1249E-16  0.8558E-17  0.6384E-17  0.4635E-15  0.6496E-16  0.3003E-16  0.5417E-18  0.8940E-16  0.5770E-13  0.8477E-13  0.9382E-14  0.4464E-20  0.2228E-12  0.7574E-18  0.6724E-18  0.3923E-19  0.2071E-19  0.5787E-16  0.8436E-18  0.1053E-15  0.1310E-15  0.7001E-14  0.5602E-15  0.1768E-16  0.1134E-12
         472  0.4606E+06   5986.      0.1697E-12  0.5907E-17  0.4356E-19  0.2848E-19  0.2008E-19  0.1723E-19  0.1515E-19  0.8818E-20  0.4120E-20  0.1103E-20  0.3152E-21  0.3037E-17  0.1227E-16  0.1818E-16  0.1531E-16  0.1249E-16  0.8556E-17  0.6383E-17  0.4635E-15  0.6495E-16  0.3003E-16  0.5416E-18  0.8940E-16  0.5770E-13  0.8477E-13  0.9381E-14  0.4458E-20  0.2228E-12  0.7571E-18  0.6722E-18  0.3918E-19  0.2068E-19  0.5787E-16  0.8427E-18  0.1053E-15  0.1310E-15  0.6999E-14  0.5601E-15  0.1766E-16  0.1134E-12
         473  0.4735E+06   5987.      0.1697E-12  0.5901E-17  0.4350E-19  0.2844E-19  0.2006E-19  0.1721E-19  0.1513E-19  0.8806E-20  0.4114E-20  0.1102E-20  0.3148E-21  0.3036E-17  0.1227E-16  0.1817E-16  0.1531E-16  0.1248E-16  0.8554E-17  0.6382E-17  0.4634E-15  0.6494E-16  0.3002E-16  0.5414E-18  0.8939E-16  0.5770E-13  0.8476E-13  0.9381E-14  0.4452E-20  0.2228E-12  0.7568E-18  0.6719E-18  0.3913E-19  0.2066E-19  0.5786E-16  0.8418E-18  0.1053E-15  0.1310E-15  0.6998E-14  0.5600E-15  0.1764E-16  0.1134E-12
         474  0.4868E+06   5987.      0.1697E-12  0.5895E-17  0.4345E-19  0.2841E-19  0.2003E-19  0.1719E-19  0.1512E-19  0.8796E-20  0.4110E-20  0.1101E-20  0.3144E-21  0.3035E-17  0.1227E-16  0.1817E-16  0.1530E-16  0.1248E-16  0.8553E-17  0.6381E-17  0.4634E-15  0.6493E-16  0.3001E-16  0.5413E-18  0.8938E-16  0.5769E-13  0.8475E-13  0.9380E-14  0.4447E-20  0.2228E-12  0.7564E-18  0.6717E-18  0.3908E-19  0.2063E-19  0.5786E-16  0.8410E-18  0.1053E-15  0.1309E-15  0.6997E-14  0.5600E-15  0.1762E-16  0.1134E-12
         475  0.5005E+06   5988.      0.1697E-12  0.5890E-17  0.4340E-19  0.2838E-19  0.2001E-19  0.1717E-19  0.1510E-19  0.8786E-20  0.4105E-20  0.1099E-20  0.3141E-21  0.3035E-17  0.1226E-16  0.1817E-16  0.1530E-16  0.1248E-16  0.8551E-17  0.6379E-17  0.4633E-15  0.6493E-16  0.3001E-16  0.5411E-18  0.8937E-16  0.5769E-13  0.8475E-13  0.9379E-14  0.4442E-20  0.2227E-12  0.7561E-18  0.6715E-18  0.3904E-19  0.2061E-19  0.5785E-16  0.8402E-18  0.1053E-15  0.1309E-15  0.6996E-14  0.5599E-15  0.1760E-16  0.1134E-12
         476  0.5145E+06   5989.      0.1697E-12  0.5884E-17  0.4335E-19  0.2835E-19  0.1999E-19  0.1715E-19  0.1508E-19  0.8776E-20  0.4100E-20  0.1098E-20  0.3137E-21  0.3034E-17  0.1226E-16  0.1816E-16  0.1530E-16  0.1248E-16  0.8550E-17  0.6378E-17  0.4633E-15  0.6492E-16  0.3000E-16  0.5410E-18  0.8937E-16  0.5768E-13  0.8474E-13  0.9379E-14  0.4437E-20  0.2227E-12  0.7559E-18  0.6713E-18  0.3900E-19  0.2059E-19  0.5785E-16  0.8394E-18  0.1053E-15  0.1309E-15  0.6995E-14  0.5599E-15  0.1758E-16  0.1134E-12
         477  0.5290E+06   5989.      0.1696E-12  0.5879E-17  0.4331E-19  0.2832E-19  0.1997E-19  0.1713E-19  0.1507E-19  0.8767E-20  0.4096E-20  0.1097E-20  0.3134E-21  0.3034E-17  0.1226E-16  0.1816E-16  0.1529E-16  0.1248E-16  0.8548E-17  0.6377E-17  0.4632E-15  0.6491E-16  0.3000E-16  0.5409E-18  0.8936E-16  0.5768E-13  0.8474E-13  0.9378E-14  0.4433E-20  0.2227E-12  0.7556E-18  0.6712E-18  0.3896E-19  0.2057E-19  0.5785E-16  0.8387E-18  0.1053E-15  0.1309E-15  0.6994E-14  0.5598E-15  0.1756E-16  0.1134E-12
         478  0.5438E+06   5990.      0.1696E-12  0.5875E-17  0.4326E-19  0.2829E-19  0.1995E-19  0.1712E-19  0.1505E-19  0.8759E-20  0.4092E-20  0.1096E-20  0.3131E-21  0.3033E-17  0.1226E-16  0.1816E-16  0.1529E-16  0.1247E-16  0.8547E-17  0.6376E-17  0.4632E-15  0.6491E-16  0.3000E-16  0.5408E-18  0.8935E-16  0.5768E-13  0.8473E-13  0.9378E-14  0.4428E-20  0.2227E-12  0.7554E-18  0.6710E-18  0.3892E-19  0.2055E-19  0.5784E-16  0.8381E-18  0.1053E-15  0.1309E-15  0.6993E-14  0.5598E-15  0.1755E-16  0.1134E-12
         479  0.5591E+06   5991.      0.1696E-12  0.5870E-17  0.4323E-19  0.2826E-19  0.1993E-19  0.1710E-19  0.1504E-19  0.8751E-20  0.4088E-20  0.1095E-20  0.3128E-21  0.3033E-17  0.1226E-16  0.1815E-16  0.1529E-16  0.1247E-16  0.8546E-17  0.6375E-17  0.4632E-15  0.6490E-16  0.2999E-16  0.5407E-18  0.8935E-16  0.5767E-13  0.8473E-13  0.9377E-14  0.4424E-20  0.2227E-12  0.7551E-18  0.6708E-18  0.3888E-19  0.2053E-19  0.5784E-16  0.8374E-18  0.1052E-15  0.1309E-15  0.6992E-14  0.5597E-15  0.1753E-16  0.1134E-12
         480  0.5748E+06   5991.      0.1696E-12  0.5866E-17  0.4319E-19  0.2824E-19  0.1991E-19  0.1709E-19  0.1503E-19  0.8743E-20  0.4085E-20  0.1094E-20  0.3126E-21  0.3032E-17  0.1225E-16  0.1815E-16  0.1529E-16  0.1247E-16  0.8545E-17  0.6375E-17  0.4631E-15  0.6490E-16  0.2999E-16  0.5406E-18  0.8934E-16  0.5767E-13  0.8472E-13  0.9377E-14  0.4421E-20  0.2227E-12  0.7549E-18  0.6707E-18  0.3885E-19  0.2051E-19  0.5784E-16  0.8368E-18  0.1052E-15  0.1309E-15  0.6991E-14  0.5597E-15  0.1752E-16  0.1134E-12
         481  0.5909E+06   5991.      0.1696E-12  0.5862E-17  0.4315E-19  0.2821E-19  0.1990E-19  0.1707E-19  0.1501E-19  0.8736E-20  0.4082E-20  0.1093E-20  0.3123E-21  0.3032E-17  0.1225E-16  0.1815E-16  0.1528E-16  0.1247E-16  0.8543E-17  0.6374E-17  0.4631E-15  0.6489E-16  0.2998E-16  0.5405E-18  0.8934E-16  0.5767E-13  0.8472E-13  0.9376E-14  0.4417E-20  0.2227E-12  0.7547E-18  0.6706E-18  0.3882E-19  0.2049E-19  0.5783E-16  0.8363E-18  0.1052E-15  0.1309E-15  0.6990E-14  0.5597E-15  0.1751E-16  0.1134E-12
         482  0.6075E+06   5992.      0.1696E-12  0.5858E-17  0.4312E-19  0.2819E-19  0.1988E-19  0.1706E-19  0.1500E-19  0.8729E-20  0.4078E-20  0.1092E-20  0.3121E-21  0.3031E-17  0.1225E-16  0.1814E-16  0.1528E-16  0.1247E-16  0.8542E-17  0.6373E-17  0.4631E-15  0.6489E-16  0.2998E-16  0.5404E-18  0.8933E-16  0.5767E-13  0.8471E-13  0.9376E-14  0.4414E-20  0.2226E-12  0.7545E-18  0.6704E-18  0.3879E-19  0.2048E-19  0.5783E-16  0.8357E-18  0.1052E-15  0.1309E-15  0.6989E-14  0.5596E-15  0.1749E-16  0.1134E-12
         483  0.6246E+06   5992.      0.1696E-12  0.5855E-17  0.4309E-19  0.2817E-19  0.1987E-19  0.1705E-19  0.1499E-19  0.8723E-20  0.4075E-20  0.1091E-20  0.3118E-21  0.3031E-17  0.1225E-16  0.1814E-16  0.1528E-16  0.1246E-16  0.8541E-17  0.6372E-17  0.4630E-15  0.6488E-16  0.2998E-16  0.5403E-18  0.8933E-16  0.5766E-13  0.8471E-13  0.9375E-14  0.4410E-20  0.2226E-12  0.7543E-18  0.6703E-18  0.3876E-19  0.2046E-19  0.5783E-16  0.8352E-18  0.1052E-15  0.1309E-15  0.6989E-14  0.5596E-15  0.1748E-16  0.1134E-12
         484  0.6421E+06   5993.      0.1696E-12  0.5851E-17  0.4306E-19  0.2815E-19  0.1985E-19  0.1704E-19  0.1498E-19  0.8717E-20  0.4073E-20  0.1091E-20  0.3116E-21  0.3031E-17  0.1225E-16  0.1814E-16  0.1528E-16  0.1246E-16  0.8540E-17  0.6372E-17  0.4630E-15  0.6488E-16  0.2998E-16  0.5403E-18  0.8933E-16  0.5766E-13  0.8471E-13  0.9375E-14  0.4407E-20  0.2226E-12  0.7541E-18  0.6702E-18  0.3873E-19  0.2045E-19  0.5782E-16  0.8347E-18  0.1052E-15  0.1309E-15  0.6988E-14  0.5595E-15  0.1747E-16  0.1134E-12
         485  0.6601E+06   5993.      0.1696E-12  0.5848E-17  0.4303E-19  0.2813E-19  0.1984E-19  0.1702E-19  0.1497E-19  0.8711E-20  0.4070E-20  0.1090E-20  0.3114E-21  0.3030E-17  0.1225E-16  0.1814E-16  0.1527E-16  0.1246E-16  0.8540E-17  0.6371E-17  0.4630E-15  0.6488E-16  0.2997E-16  0.5402E-18  0.8932E-16  0.5766E-13  0.8470E-13  0.9375E-14  0.4404E-20  0.2226E-12  0.7540E-18  0.6701E-18  0.3871E-19  0.2043E-19  0.5782E-16  0.8343E-18  0.1052E-15  0.1308E-15  0.6987E-14  0.5595E-15  0.1746E-16  0.1134E-12
         486  0.6787E+06   5994.      0.1696E-12  0.5845E-17  0.4300E-19  0.2812E-19  0.1983E-19  0.1701E-19  0.1496E-19  0.8705E-20  0.4067E-20  0.1089E-20  0.3112E-21  0.3030E-17  0.1225E-16  0.1814E-16  0.1527E-16  0.1246E-16  0.8539E-17  0.6370E-17  0.4630E-15  0.6487E-16  0.2997E-16  0.5401E-18  0.8932E-16  0.5766E-13  0.8470E-13  0.9374E-14  0.4402E-20  0.2226E-12  0.7538E-18  0.6700E-18  0.3868E-19  0.2042E-19  0.5782E-16  0.8339E-18  0.1052E-15  0.1308E-15  0.6987E-14  0.5595E-15  0.1745E-16  0.1134E-12
         487  0.6977E+06   5994.      0.1696E-12  0.5842E-17  0.4298E-19  0.2810E-19  0.1982E-19  0.1700E-19  0.1495E-19  0.8700E-20  0.4065E-20  0.1089E-20  0.3110E-21  0.3030E-17  0.1224E-16  0.1813E-16  0.1527E-16  0.1246E-16  0.8538E-17  0.6370E-17  0.4630E-15  0.6487E-16  0.2997E-16  0.5401E-18  0.8931E-16  0.5766E-13  0.8470E-13  0.9374E-14  0.4399E-20  0.2226E-12  0.7536E-18  0.6699E-18  0.3866E-19  0.2041E-19  0.5782E-16  0.8335E-18  0.1052E-15  0.1308E-15  0.6986E-14  0.5595E-15  0.1744E-16  0.1133E-12
         488  0.7173E+06   5994.      0.1696E-12  0.5840E-17  0.4295E-19  0.2808E-19  0.1981E-19  0.1699E-19  0.1494E-19  0.8695E-20  0.4063E-20  0.1088E-20  0.3109E-21  0.3029E-17  0.1224E-16  0.1813E-16  0.1527E-16  0.1246E-16  0.8537E-17  0.6369E-17  0.4629E-15  0.6487E-16  0.2996E-16  0.5400E-18  0.8931E-16  0.5765E-13  0.8470E-13  0.9374E-14  0.4397E-20  0.2226E-12  0.7535E-18  0.6698E-18  0.3864E-19  0.2040E-19  0.5782E-16  0.8331E-18  0.1052E-15  0.1308E-15  0.6985E-14  0.5594E-15  0.1743E-16  0.1133E-12
         489  0.7375E+06   5995.      0.1695E-12  0.5837E-17  0.4293E-19  0.2807E-19  0.1979E-19  0.1699E-19  0.1494E-19  0.8691E-20  0.4061E-20  0.1088E-20  0.3107E-21  0.3029E-17  0.1224E-16  0.1813E-16  0.1527E-16  0.1246E-16  0.8536E-17  0.6369E-17  0.4629E-15  0.6486E-16  0.2996E-16  0.5399E-18  0.8931E-16  0.5765E-13  0.8469E-13  0.9373E-14  0.4394E-20  0.2226E-12  0.7534E-18  0.6697E-18  0.3862E-19  0.2039E-19  0.5781E-16  0.8327E-18  0.1052E-15  0.1308E-15  0.6985E-14  0.5594E-15  0.1742E-16  0.1133E-12
         490  0.7582E+06   5995.      0.1695E-12  0.5835E-17  0.4291E-19  0.2806E-19  0.1978E-19  0.1698E-19  0.1493E-19  0.8687E-20  0.4058E-20  0.1087E-20  0.3105E-21  0.3029E-17  0.1224E-16  0.1813E-16  0.1527E-16  0.1245E-16  0.8536E-17  0.6368E-17  0.4629E-15  0.6486E-16  0.2996E-16  0.5399E-18  0.8930E-16  0.5765E-13  0.8469E-13  0.9373E-14  0.4392E-20  0.2226E-12  0.7532E-18  0.6696E-18  0.3860E-19  0.2038E-19  0.5781E-16  0.8324E-18  0.1052E-15  0.1308E-15  0.6984E-14  0.5594E-15  0.1742E-16  0.1133E-12
         491  0.7794E+06   5995.      0.1695E-12  0.5832E-17  0.4289E-19  0.2804E-19  0.1978E-19  0.1697E-19  0.1492E-19  0.8682E-20  0.4057E-20  0.1086E-20  0.3104E-21  0.3029E-17  0.1224E-16  0.1813E-16  0.1527E-16  0.1245E-16  0.8535E-17  0.6368E-17  0.4629E-15  0.6486E-16  0.2996E-16  0.5398E-18  0.8930E-16  0.5765E-13  0.8469E-13  0.9373E-14  0.4390E-20  0.2226E-12  0.7531E-18  0.6695E-18  0.3858E-19  0.2037E-19  0.5781E-16  0.8320E-18  0.1052E-15  0.1308E-15  0.6984E-14  0.5594E-15  0.1741E-16  0.1133E-12
         492  0.8013E+06   5995.      0.1695E-12  0.5830E-17  0.4287E-19  0.2803E-19  0.1977E-19  0.1696E-19  0.1491E-19  0.8679E-20  0.4055E-20  0.1086E-20  0.3102E-21  0.3029E-17  0.1224E-16  0.1813E-16  0.1526E-16  0.1245E-16  0.8535E-17  0.6367E-17  0.4629E-15  0.6485E-16  0.2996E-16  0.5398E-18  0.8930E-16  0.5765E-13  0.8469E-13  0.9373E-14  0.4388E-20  0.2226E-12  0.7530E-18  0.6694E-18  0.3856E-19  0.2036E-19  0.5781E-16  0.8317E-18  0.1052E-15  0.1308E-15  0.6984E-14  0.5593E-15  0.1740E-16  0.1133E-12
         493  0.8238E+06   5996.      0.1695E-12  0.5828E-17  0.4285E-19  0.2802E-19  0.1976E-19  0.1695E-19  0.1491E-19  0.8675E-20  0.4053E-20  0.1086E-20  0.3101E-21  0.3028E-17  0.1224E-16  0.1813E-16  0.1526E-16  0.1245E-16  0.8534E-17  0.6367E-17  0.4628E-15  0.6485E-16  0.2995E-16  0.5397E-18  0.8930E-16  0.5765E-13  0.8468E-13  0.9372E-14  0.4386E-20  0.2225E-12  0.7529E-18  0.6694E-18  0.3855E-19  0.2035E-19  0.5781E-16  0.8315E-18  0.1052E-15  0.1308E-15  0.6983E-14  0.5593E-15  0.1740E-16  0.1133E-12
         494  0.8469E+06   5996.      0.1695E-12  0.5826E-17  0.4283E-19  0.2801E-19  0.1975E-19  0.1695E-19  0.1490E-19  0.8671E-20  0.4051E-20  0.1085E-20  0.3100E-21  0.3028E-17  0.1224E-16  0.1812E-16  0.1526E-16  0.1245E-16  0.8533E-17  0.6366E-17  0.4628E-15  0.6485E-16  0.2995E-16  0.5397E-18  0.8929E-16  0.5764E-13  0.8468E-13  0.9372E-14  0.4385E-20  0.2225E-12  0.7528E-18  0.6693E-18  0.3853E-19  0.2034E-19  0.5781E-16  0.8312E-18  0.1052E-15  0.1308E-15  0.6983E-14  0.5593E-15  0.1739E-16  0.1133E-12
         495  0.8707E+06   5996.      0.1695E-12  0.5824E-17  0.4282E-19  0.2800E-19  0.1974E-19  0.1694E-19  0.1490E-19  0.8668E-20  0.4050E-20  0.1085E-20  0.3099E-21  0.3028E-17  0.1224E-16  0.1812E-16  0.1526E-16  0.1245E-16  0.8533E-17  0.6366E-17  0.4628E-15  0.6485E-16  0.2995E-16  0.5397E-18  0.8929E-16  0.5764E-13  0.8468E-13  0.9372E-14  0.4383E-20  0.2225E-12  0.7527E-18  0.6692E-18  0.3852E-19  0.2033E-19  0.5780E-16  0.8309E-18  0.1052E-15  0.1308E-15  0.6982E-14  0.5593E-15  0.1738E-16  0.1133E-12
         496  0.8952E+06   5996.      0.1695E-12  0.5823E-17  0.4280E-19  0.2799E-19  0.1974E-19  0.1693E-19  0.1489E-19  0.8665E-20  0.4048E-20  0.1084E-20  0.3098E-21  0.3028E-17  0.1224E-16  0.1812E-16  0.1526E-16  0.1245E-16  0.8533E-17  0.6366E-17  0.4628E-15  0.6485E-16  0.2995E-16  0.5396E-18  0.8929E-16  0.5764E-13  0.8468E-13  0.9372E-14  0.4382E-20  0.2225E-12  0.7526E-18  0.6692E-18  0.3850E-19  0.2033E-19  0.5780E-16  0.8307E-18  0.1052E-15  0.1308E-15  0.6982E-14  0.5593E-15  0.1738E-16  0.1133E-12
         497  0.9203E+06   5996.      0.1695E-12  0.5821E-17  0.4279E-19  0.2798E-19  0.1973E-19  0.1693E-19  0.1489E-19  0.8662E-20  0.4047E-20  0.1084E-20  0.3097E-21  0.3028E-17  0.1224E-16  0.1812E-16  0.1526E-16  0.1245E-16  0.8532E-17  0.6365E-17  0.4628E-15  0.6484E-16  0.2995E-16  0.5396E-18  0.8929E-16  0.5764E-13  0.8468E-13  0.9372E-14  0.4380E-20  0.2225E-12  0.7525E-18  0.6691E-18  0.3849E-19  0.2032E-19  0.5780E-16  0.8304E-18  0.1052E-15  0.1308E-15  0.6982E-14  0.5592E-15  0.1737E-16  0.1133E-12
         498  0.9461E+06   5997.      0.1695E-12  0.5820E-17  0.4277E-19  0.2797E-19  0.1972E-19  0.1692E-19  0.1488E-19  0.8659E-20  0.4046E-20  0.1084E-20  0.3096E-21  0.3027E-17  0.1223E-16  0.1812E-16  0.1526E-16  0.1245E-16  0.8532E-17  0.6365E-17  0.4628E-15  0.6484E-16  0.2995E-16  0.5395E-18  0.8929E-16  0.5764E-13  0.8467E-13  0.9371E-14  0.4379E-20  0.2225E-12  0.7524E-18  0.6690E-18  0.3848E-19  0.2031E-19  0.5780E-16  0.8302E-18  0.1052E-15  0.1308E-15  0.6981E-14  0.5592E-15  0.1737E-16  0.1133E-12
         499  0.9727E+06   5997.      0.1695E-12  0.5818E-17  0.4276E-19  0.2796E-19  0.1972E-19  0.1692E-19  0.1488E-19  0.8657E-20  0.4045E-20  0.1083E-20  0.3095E-21  0.3027E-17  0.1223E-16  0.1812E-16  0.1526E-16  0.1245E-16  0.8531E-17  0.6365E-17  0.4628E-15  0.6484E-16  0.2995E-16  0.5395E-18  0.8928E-16  0.5764E-13  0.8467E-13  0.9371E-14  0.4377E-20  0.2225E-12  0.7524E-18  0.6690E-18  0.3847E-19  0.2031E-19  0.5780E-16  0.8300E-18  0.1052E-15  0.1308E-15  0.6981E-14  0.5592E-15  0.1736E-16  0.1133E-12
         500  0.1000E+07   5997.      0.1695E-12  0.5817E-17  0.4275E-19  0.2795E-19  0.1971E-19  0.1691E-19  0.1487E-19  0.8654E-20  0.4043E-20  0.1083E-20  0.3094E-21  0.3027E-17  0.1223E-16  0.1812E-16  0.1526E-16  0.1245E-16  0.8531E-17  0.6364E-17  0.4628E-15  0.6484E-16  0.2994E-16  0.5395E-18  0.8928E-16  0.5764E-13  0.8467E-13  0.9371E-14  0.4376E-20  0.2225E-12  0.7523E-18  0.6689E-18  0.3845E-19  0.2030E-19  0.5780E-16  0.8298E-18  0.1052E-15  0.1308E-15  0.6981E-14  0.5592E-15  0.1736E-16  0.1133E-12
 
 
