# Zheleznyak (1982) absorption curve and two-stream fit
# Generated:  2026-05-05T08:42:07
# Command:    Zheleznyak.py --ngroups 8 --threshold 1E-6 --write-to-file zheleznyak
# ngroups=8,  n_kept=6,  threshold=1.0e-06
# lambda1 = 2.625223e-02 m^-1 Pa^-1,  lambda2 = 1.500128e+00 m^-1 Pa^-1
# RMS relative error = 0.484 %
# 
# Columns:
#   chi            : reduced path length p_O2*r  [Pa m]
#   K_zheleznyak   : Zheleznyak (1982) absorption function  [m^-1 Pa^-1]
#   K_twostream    : two-stream fit, integral-normalised to K_zheleznyak  [m^-1 Pa^-1]
#   group_1_kappa2.689e-02: group 1: kappa=2.6888e-02 m^-1 Pa^-1,  g=1.5808e-02  [m^-1 Pa^-1]
#   group_2_kappa3.061e-02: group 2: kappa=3.0612e-02 m^-1 Pa^-1,  g=5.4157e-02  [m^-1 Pa^-1]
#   group_3_kappa4.482e-02: group 3: kappa=4.4820e-02 m^-1 Pa^-1,  g=1.4351e-01  [m^-1 Pa^-1]
#   group_4_kappa1.002e-01: group 4: kappa=1.0021e-01 m^-1 Pa^-1,  g=2.4996e-01  [m^-1 Pa^-1]
#   group_5_kappa3.157e-01: group 5: kappa=3.1572e-01 m^-1 Pa^-1,  g=3.0500e-01  [m^-1 Pa^-1]
#   group_6_kappa1.007e+00: group 6: kappa=1.0071e+00 m^-1 Pa^-1,  g=2.3157e-01  [m^-1 Pa^-1]
#
#                      chi              K_zheleznyak               K_twostream    group_1_kappa2.689e-02    group_2_kappa3.061e-02    group_3_kappa4.482e-02    group_4_kappa1.002e-01    group_5_kappa3.157e-01    group_6_kappa1.007e+00
            6.66610000e-03            1.46640188e+00            1.46160644e+00            1.71919184e-03            6.70552368e-03            2.60126906e-02            1.01269701e-01            3.88738739e-01            9.37160595e-01
            6.69264479e-03            1.46637222e+00            1.46157782e+00            1.71919062e-03            6.70551823e-03            2.60126597e-02            1.01269432e-01            3.88735481e-01            9.37135543e-01
            6.71929529e-03            1.46634244e+00            1.46154909e+00            1.71918938e-03            6.70551276e-03            2.60126286e-02            1.01269161e-01            3.88732210e-01            9.37110391e-01
            6.74605191e-03            1.46631255e+00            1.46152025e+00            1.71918815e-03            6.70550727e-03            2.60125974e-02            1.01268890e-01            3.88728927e-01            9.37085139e-01
            6.77291507e-03            1.46628253e+00            1.46149129e+00            1.71918691e-03            6.70550175e-03            2.60125661e-02            1.01268617e-01            3.88725630e-01            9.37059788e-01
            6.79988521e-03            1.46625240e+00            1.46146222e+00            1.71918566e-03            6.70549622e-03            2.60125347e-02            1.01268344e-01            3.88722320e-01            9.37034336e-01
            6.82696274e-03            1.46622215e+00            1.46143303e+00            1.71918441e-03            6.70549066e-03            2.60125031e-02            1.01268069e-01            3.88718997e-01            9.37008784e-01
            6.85414810e-03            1.46619178e+00            1.46140372e+00            1.71918315e-03            6.70548508e-03            2.60124714e-02            1.01267793e-01            3.88715660e-01            9.36983131e-01
            6.88144171e-03            1.46616129e+00            1.46137430e+00            1.71918189e-03            6.70547948e-03            2.60124396e-02            1.01267516e-01            3.88712311e-01            9.36957376e-01
            6.90884400e-03            1.46613068e+00            1.46134477e+00            1.71918062e-03            6.70547385e-03            2.60124076e-02            1.01267238e-01            3.88708948e-01            9.36931520e-01
            6.93635542e-03            1.46609994e+00            1.46131511e+00            1.71917935e-03            6.70546820e-03            2.60123756e-02            1.01266959e-01            3.88705572e-01            9.36905561e-01
            6.96397638e-03            1.46606909e+00            1.46128534e+00            1.71917807e-03            6.70546253e-03            2.60123433e-02            1.01266678e-01            3.88702182e-01            9.36879499e-01
            6.99170733e-03            1.46603811e+00            1.46125546e+00            1.71917679e-03            6.70545684e-03            2.60123110e-02            1.01266397e-01            3.88698779e-01            9.36853335e-01
            7.01954871e-03            1.46600701e+00            1.46122545e+00            1.71917550e-03            6.70545113e-03            2.60122786e-02            1.01266114e-01            3.88695362e-01            9.36827067e-01
            7.04750096e-03            1.46597579e+00            1.46119532e+00            1.71917421e-03            6.70544539e-03            2.60122460e-02            1.01265831e-01            3.88691932e-01            9.36800695e-01
            7.07556451e-03            1.46594445e+00            1.46116508e+00            1.71917291e-03            6.70543963e-03            2.60122133e-02            1.01265546e-01            3.88688488e-01            9.36774219e-01
            7.10373981e-03            1.46591298e+00            1.46113471e+00            1.71917161e-03            6.70543384e-03            2.60121804e-02            1.01265260e-01            3.88685031e-01            9.36747639e-01
            7.13202731e-03            1.46588138e+00            1.46110423e+00            1.71917030e-03            6.70542804e-03            2.60121474e-02            1.01264973e-01            3.88681559e-01            9.36720953e-01
            7.16042746e-03            1.46584967e+00            1.46107363e+00            1.71916899e-03            6.70542221e-03            2.60121143e-02            1.01264685e-01            3.88678074e-01            9.36694161e-01
            7.18894069e-03            1.46581782e+00            1.46104290e+00            1.71916767e-03            6.70541636e-03            2.60120811e-02            1.01264395e-01            3.88674575e-01            9.36667264e-01
            7.21756746e-03            1.46578585e+00            1.46101205e+00            1.71916635e-03            6.70541048e-03            2.60120477e-02            1.01264105e-01            3.88671063e-01            9.36640261e-01
            7.24630823e-03            1.46575376e+00            1.46098108e+00            1.71916502e-03            6.70540458e-03            2.60120142e-02            1.01263813e-01            3.88667536e-01            9.36613150e-01
            7.27516344e-03            1.46572153e+00            1.46094999e+00            1.71916369e-03            6.70539866e-03            2.60119806e-02            1.01263520e-01            3.88663995e-01            9.36585933e-01
            7.30413356e-03            1.46568918e+00            1.46091878e+00            1.71916235e-03            6.70539271e-03            2.60119468e-02            1.01263226e-01            3.88660440e-01            9.36558608e-01
            7.33321904e-03            1.46565671e+00            1.46088744e+00            1.71916100e-03            6.70538674e-03            2.60119129e-02            1.01262931e-01            3.88656871e-01            9.36531175e-01
            7.36242034e-03            1.46562410e+00            1.46085598e+00            1.71915965e-03            6.70538075e-03            2.60118788e-02            1.01262635e-01            3.88653288e-01            9.36503633e-01
            7.39173792e-03            1.46559136e+00            1.46082439e+00            1.71915830e-03            6.70537473e-03            2.60118446e-02            1.01262337e-01            3.88649691e-01            9.36475983e-01
            7.42117224e-03            1.46555850e+00            1.46079268e+00            1.71915694e-03            6.70536869e-03            2.60118103e-02            1.01262039e-01            3.88646079e-01            9.36448223e-01
            7.45072378e-03            1.46552550e+00            1.46076084e+00            1.71915557e-03            6.70536262e-03            2.60117759e-02            1.01261739e-01            3.88642453e-01            9.36420354e-01
            7.48039298e-03            1.46549238e+00            1.46072888e+00            1.71915420e-03            6.70535653e-03            2.60117413e-02            1.01261438e-01            3.88638813e-01            9.36392374e-01
            7.51018034e-03            1.46545912e+00            1.46069679e+00            1.71915282e-03            6.70535042e-03            2.60117066e-02            1.01261135e-01            3.88635158e-01            9.36364284e-01
            7.54008631e-03            1.46542574e+00            1.46066457e+00            1.71915144e-03            6.70534428e-03            2.60116717e-02            1.01260832e-01            3.88631488e-01            9.36336083e-01
            7.57011136e-03            1.46539222e+00            1.46063223e+00            1.71915005e-03            6.70533812e-03            2.60116367e-02            1.01260527e-01            3.88627804e-01            9.36307771e-01
            7.60025598e-03            1.46535856e+00            1.46059976e+00            1.71914866e-03            6.70533193e-03            2.60116015e-02            1.01260221e-01            3.88624106e-01            9.36279346e-01
            7.63052063e-03            1.46532478e+00            1.46056716e+00            1.71914726e-03            6.70532572e-03            2.60115663e-02            1.01259914e-01            3.88620392e-01            9.36250810e-01
            7.66090581e-03            1.46529086e+00            1.46053443e+00            1.71914586e-03            6.70531948e-03            2.60115308e-02            1.01259606e-01            3.88616664e-01            9.36222160e-01
            7.69141197e-03            1.46525681e+00            1.46050157e+00            1.71914445e-03            6.70531322e-03            2.60114953e-02            1.01259296e-01            3.88612921e-01            9.36193397e-01
            7.72203961e-03            1.46522262e+00            1.46046858e+00            1.71914303e-03            6.70530693e-03            2.60114596e-02            1.01258985e-01            3.88609164e-01            9.36164521e-01
            7.75278922e-03            1.46518830e+00            1.46043546e+00            1.71914161e-03            6.70530062e-03            2.60114237e-02            1.01258673e-01            3.88605391e-01            9.36135531e-01
            7.78366127e-03            1.46515384e+00            1.46040221e+00            1.71914018e-03            6.70529428e-03            2.60113877e-02            1.01258360e-01            3.88601603e-01            9.36106426e-01
            7.81465626e-03            1.46511925e+00            1.46036883e+00            1.71913875e-03            6.70528792e-03            2.60113516e-02            1.01258046e-01            3.88597801e-01            9.36077206e-01
            7.84577466e-03            1.46508452e+00            1.46033532e+00            1.71913731e-03            6.70528153e-03            2.60113153e-02            1.01257730e-01            3.88593983e-01            9.36047870e-01
            7.87701699e-03            1.46504965e+00            1.46030167e+00            1.71913587e-03            6.70527512e-03            2.60112789e-02            1.01257413e-01            3.88590150e-01            9.36018419e-01
            7.90838372e-03            1.46501465e+00            1.46026789e+00            1.71913442e-03            6.70526868e-03            2.60112423e-02            1.01257094e-01            3.88586302e-01            9.35988851e-01
            7.93987536e-03            1.46497950e+00            1.46023398e+00            1.71913296e-03            6.70526222e-03            2.60112056e-02            1.01256775e-01            3.88582438e-01            9.35959167e-01
            7.97149240e-03            1.46494422e+00            1.46019993e+00            1.71913150e-03            6.70525573e-03            2.60111688e-02            1.01256454e-01            3.88578559e-01            9.35929365e-01
            8.00323534e-03            1.46490880e+00            1.46016575e+00            1.71913003e-03            6.70524921e-03            2.60111317e-02            1.01256132e-01            3.88574665e-01            9.35899446e-01
            8.03510468e-03            1.46487324e+00            1.46013144e+00            1.71912856e-03            6.70524267e-03            2.60110946e-02            1.01255809e-01            3.88570756e-01            9.35869408e-01
            8.06710093e-03            1.46483753e+00            1.46009699e+00            1.71912708e-03            6.70523610e-03            2.60110573e-02            1.01255484e-01            3.88566830e-01            9.35839252e-01
            8.09922458e-03            1.46480169e+00            1.46006240e+00            1.71912560e-03            6.70522951e-03            2.60110198e-02            1.01255158e-01            3.88562889e-01            9.35808977e-01
            8.13147616e-03            1.46476570e+00            1.46002767e+00            1.71912411e-03            6.70522289e-03            2.60109822e-02            1.01254831e-01            3.88558933e-01            9.35778582e-01
            8.16385617e-03            1.46472958e+00            1.45999281e+00            1.71912261e-03            6.70521624e-03            2.60109445e-02            1.01254502e-01            3.88554961e-01            9.35748067e-01
            8.19636511e-03            1.46469331e+00            1.45995781e+00            1.71912111e-03            6.70520957e-03            2.60109066e-02            1.01254172e-01            3.88550973e-01            9.35717431e-01
            8.22900350e-03            1.46465689e+00            1.45992268e+00            1.71911960e-03            6.70520287e-03            2.60108685e-02            1.01253841e-01            3.88546969e-01            9.35686675e-01
            8.26177187e-03            1.46462034e+00            1.45988740e+00            1.71911808e-03            6.70519615e-03            2.60108303e-02            1.01253509e-01            3.88542949e-01            9.35655797e-01
            8.29467072e-03            1.46458364e+00            1.45985198e+00            1.71911656e-03            6.70518939e-03            2.60107920e-02            1.01253175e-01            3.88538914e-01            9.35624797e-01
            8.32770057e-03            1.46454679e+00            1.45981643e+00            1.71911504e-03            6.70518261e-03            2.60107535e-02            1.01252840e-01            3.88534862e-01            9.35593675e-01
            8.36086195e-03            1.46450980e+00            1.45978073e+00            1.71911350e-03            6.70517581e-03            2.60107148e-02            1.01252503e-01            3.88530794e-01            9.35562430e-01
            8.39415538e-03            1.46447266e+00            1.45974489e+00            1.71911196e-03            6.70516897e-03            2.60106760e-02            1.01252165e-01            3.88526710e-01            9.35531061e-01
            8.42758139e-03            1.46443538e+00            1.45970891e+00            1.71911042e-03            6.70516211e-03            2.60106370e-02            1.01251826e-01            3.88522610e-01            9.35499569e-01
            8.46114050e-03            1.46439795e+00            1.45967279e+00            1.71910887e-03            6.70515522e-03            2.60105979e-02            1.01251486e-01            3.88518494e-01            9.35467952e-01
            8.49483325e-03            1.46436037e+00            1.45963653e+00            1.71910731e-03            6.70514831e-03            2.60105586e-02            1.01251144e-01            3.88514361e-01            9.35436211e-01
            8.52866016e-03            1.46432264e+00            1.45960012e+00            1.71910575e-03            6.70514136e-03            2.60105192e-02            1.01250800e-01            3.88510212e-01            9.35404344e-01
            8.56262178e-03            1.46428476e+00            1.45956357e+00            1.71910418e-03            6.70513439e-03            2.60104796e-02            1.01250456e-01            3.88506046e-01            9.35372352e-01
            8.59671863e-03            1.46424674e+00            1.45952688e+00            1.71910260e-03            6.70512740e-03            2.60104399e-02            1.01250110e-01            3.88501864e-01            9.35340233e-01
            8.63095125e-03            1.46420856e+00            1.45949004e+00            1.71910102e-03            6.70512037e-03            2.60104000e-02            1.01249763e-01            3.88497665e-01            9.35307987e-01
            8.66532020e-03            1.46417023e+00            1.45945305e+00            1.71909943e-03            6.70511331e-03            2.60103599e-02            1.01249414e-01            3.88493449e-01            9.35275614e-01
            8.69982600e-03            1.46413175e+00            1.45941592e+00            1.71909783e-03            6.70510623e-03            2.60103197e-02            1.01249064e-01            3.88489217e-01            9.35243113e-01
            8.73446920e-03            1.46409312e+00            1.45937864e+00            1.71909623e-03            6.70509912e-03            2.60102793e-02            1.01248712e-01            3.88484968e-01            9.35210484e-01
            8.76925036e-03            1.46405434e+00            1.45934121e+00            1.71909463e-03            6.70509198e-03            2.60102387e-02            1.01248359e-01            3.88480702e-01            9.35177726e-01
            8.80417002e-03            1.46401541e+00            1.45930364e+00            1.71909301e-03            6.70508481e-03            2.60101980e-02            1.01248005e-01            3.88476419e-01            9.35144839e-01
            8.83922873e-03            1.46397632e+00            1.45926592e+00            1.71909139e-03            6.70507762e-03            2.60101572e-02            1.01247649e-01            3.88472119e-01            9.35111822e-01
            8.87442704e-03            1.46393707e+00            1.45922805e+00            1.71908976e-03            6.70507039e-03            2.60101161e-02            1.01247292e-01            3.88467802e-01            9.35078675e-01
            8.90976552e-03            1.46389767e+00            1.45919002e+00            1.71908813e-03            6.70506314e-03            2.60100749e-02            1.01246934e-01            3.88463468e-01            9.35045397e-01
            8.94524472e-03            1.46385812e+00            1.45915185e+00            1.71908649e-03            6.70505586e-03            2.60100336e-02            1.01246574e-01            3.88459117e-01            9.35011987e-01
            8.98086519e-03            1.46381841e+00            1.45911353e+00            1.71908484e-03            6.70504855e-03            2.60099920e-02            1.01246212e-01            3.88454749e-01            9.34978446e-01
            9.01662751e-03            1.46377854e+00            1.45907506e+00            1.71908319e-03            6.70504121e-03            2.60099504e-02            1.01245849e-01            3.88450363e-01            9.34944773e-01
            9.05253224e-03            1.46373852e+00            1.45903643e+00            1.71908153e-03            6.70503384e-03            2.60099085e-02            1.01245485e-01            3.88445959e-01            9.34910966e-01
            9.08857994e-03            1.46369834e+00            1.45899766e+00            1.71907986e-03            6.70502644e-03            2.60098665e-02            1.01245119e-01            3.88441538e-01            9.34877026e-01
            9.12477119e-03            1.46365800e+00            1.45895873e+00            1.71907819e-03            6.70501901e-03            2.60098243e-02            1.01244752e-01            3.88437100e-01            9.34842953e-01
            9.16110655e-03            1.46361750e+00            1.45891964e+00            1.71907651e-03            6.70501155e-03            2.60097819e-02            1.01244383e-01            3.88432644e-01            9.34808745e-01
            9.19758660e-03            1.46357684e+00            1.45888040e+00            1.71907483e-03            6.70500406e-03            2.60097394e-02            1.01244013e-01            3.88428170e-01            9.34774401e-01
            9.23421192e-03            1.46353602e+00            1.45884101e+00            1.71907313e-03            6.70499655e-03            2.60096967e-02            1.01243642e-01            3.88423679e-01            9.34739923e-01
            9.27098308e-03            1.46349504e+00            1.45880146e+00            1.71907143e-03            6.70498900e-03            2.60096538e-02            1.01243269e-01            3.88419170e-01            9.34705308e-01
            9.30790067e-03            1.46345389e+00            1.45876176e+00            1.71906973e-03            6.70498142e-03            2.60096108e-02            1.01242894e-01            3.88414642e-01            9.34670557e-01
            9.34496526e-03            1.46341259e+00            1.45872189e+00            1.71906801e-03            6.70497382e-03            2.60095676e-02            1.01242518e-01            3.88410097e-01            9.34635669e-01
            9.38217745e-03            1.46337112e+00            1.45868187e+00            1.71906629e-03            6.70496618e-03            2.60095242e-02            1.01242140e-01            3.88405534e-01            9.34600643e-01
            9.41953782e-03            1.46332949e+00            1.45864170e+00            1.71906457e-03            6.70495851e-03            2.60094807e-02            1.01241761e-01            3.88400953e-01            9.34565479e-01
            9.45704696e-03            1.46328769e+00            1.45860136e+00            1.71906283e-03            6.70495081e-03            2.60094369e-02            1.01241381e-01            3.88396353e-01            9.34530176e-01
            9.49470546e-03            1.46324573e+00            1.45856087e+00            1.71906109e-03            6.70494308e-03            2.60093930e-02            1.01240999e-01            3.88391735e-01            9.34494734e-01
            9.53251392e-03            1.46320361e+00            1.45852021e+00            1.71905934e-03            6.70493532e-03            2.60093490e-02            1.01240615e-01            3.88387099e-01            9.34459152e-01
            9.57047294e-03            1.46316131e+00            1.45847939e+00            1.71905759e-03            6.70492753e-03            2.60093047e-02            1.01240230e-01            3.88382445e-01            9.34423430e-01
            9.60858311e-03            1.46311886e+00            1.45843842e+00            1.71905583e-03            6.70491971e-03            2.60092603e-02            1.01239843e-01            3.88377772e-01            9.34387567e-01
            9.64684504e-03            1.46307623e+00            1.45839728e+00            1.71905406e-03            6.70491185e-03            2.60092157e-02            1.01239455e-01            3.88373080e-01            9.34351563e-01
            9.68525933e-03            1.46303343e+00            1.45835598e+00            1.71905228e-03            6.70490397e-03            2.60091709e-02            1.01239065e-01            3.88368370e-01            9.34315417e-01
            9.72382659e-03            1.46299047e+00            1.45831452e+00            1.71905050e-03            6.70489605e-03            2.60091259e-02            1.01238674e-01            3.88363641e-01            9.34279128e-01
            9.76254742e-03            1.46294734e+00            1.45827289e+00            1.71904871e-03            6.70488811e-03            2.60090808e-02            1.01238281e-01            3.88358893e-01            9.34242696e-01
            9.80142244e-03            1.46290404e+00            1.45823110e+00            1.71904692e-03            6.70488013e-03            2.60090355e-02            1.01237887e-01            3.88354127e-01            9.34206120e-01
            9.84045227e-03            1.46286056e+00            1.45818914e+00            1.71904511e-03            6.70487212e-03            2.60089900e-02            1.01237491e-01            3.88349342e-01            9.34169401e-01
            9.87963751e-03            1.46281692e+00            1.45814702e+00            1.71904330e-03            6.70486407e-03            2.60089443e-02            1.01237093e-01            3.88344537e-01            9.34132536e-01
            9.91897880e-03            1.46277310e+00            1.45810473e+00            1.71904148e-03            6.70485600e-03            2.60088985e-02            1.01236694e-01            3.88339714e-01            9.34095526e-01
            9.95847674e-03            1.46272911e+00            1.45806227e+00            1.71903966e-03            6.70484789e-03            2.60088524e-02            1.01236293e-01            3.88334871e-01            9.34058370e-01
            9.99813196e-03            1.46268495e+00            1.45801965e+00            1.71903782e-03            6.70483975e-03            2.60088062e-02            1.01235891e-01            3.88330009e-01            9.34021068e-01
            1.00379451e-02            1.46264061e+00            1.45797686e+00            1.71903598e-03            6.70483158e-03            2.60087598e-02            1.01235487e-01            3.88325128e-01            9.33983619e-01
            1.00779168e-02            1.46259610e+00            1.45793390e+00            1.71903413e-03            6.70482338e-03            2.60087132e-02            1.01235082e-01            3.88320228e-01            9.33946022e-01
            1.01180476e-02            1.46255141e+00            1.45789077e+00            1.71903228e-03            6.70481514e-03            2.60086664e-02            1.01234675e-01            3.88315308e-01            9.33908277e-01
            1.01583383e-02            1.46250655e+00            1.45784747e+00            1.71903042e-03            6.70480687e-03            2.60086194e-02            1.01234266e-01            3.88310368e-01            9.33870383e-01
            1.01987893e-02            1.46246151e+00            1.45780400e+00            1.71902855e-03            6.70479857e-03            2.60085723e-02            1.01233855e-01            3.88305409e-01            9.33832339e-01
            1.02394015e-02            1.46241629e+00            1.45776036e+00            1.71902667e-03            6.70479023e-03            2.60085249e-02            1.01233443e-01            3.88300430e-01            9.33794146e-01
            1.02801754e-02            1.46237089e+00            1.45771655e+00            1.71902479e-03            6.70478187e-03            2.60084774e-02            1.01233030e-01            3.88295432e-01            9.33755803e-01
            1.03211116e-02            1.46232532e+00            1.45767256e+00            1.71902289e-03            6.70477346e-03            2.60084297e-02            1.01232614e-01            3.88290413e-01            9.33717308e-01
            1.03622109e-02            1.46227956e+00            1.45762840e+00            1.71902099e-03            6.70476503e-03            2.60083818e-02            1.01232197e-01            3.88285375e-01            9.33678661e-01
            1.04034738e-02            1.46223363e+00            1.45758407e+00            1.71901909e-03            6.70475656e-03            2.60083337e-02            1.01231779e-01            3.88280317e-01            9.33639863e-01
            1.04449010e-02            1.46218751e+00            1.45753956e+00            1.71901717e-03            6.70474806e-03            2.60082854e-02            1.01231359e-01            3.88275238e-01            9.33600911e-01
            1.04864932e-02            1.46214121e+00            1.45749487e+00            1.71901525e-03            6.70473952e-03            2.60082369e-02            1.01230937e-01            3.88270140e-01            9.33561806e-01
            1.05282511e-02            1.46209473e+00            1.45745001e+00            1.71901332e-03            6.70473095e-03            2.60081882e-02            1.01230513e-01            3.88265021e-01            9.33522547e-01
            1.05701752e-02            1.46204807e+00            1.45740498e+00            1.71901138e-03            6.70472234e-03            2.60081394e-02            1.01230088e-01            3.88259882e-01            9.33483133e-01
            1.06122662e-02            1.46200122e+00            1.45735976e+00            1.71900944e-03            6.70471371e-03            2.60080903e-02            1.01229661e-01            3.88254722e-01            9.33443564e-01
            1.06545249e-02            1.46195419e+00            1.45731437e+00            1.71900748e-03            6.70470503e-03            2.60080410e-02            1.01229232e-01            3.88249542e-01            9.33403839e-01
            1.06969518e-02            1.46190697e+00            1.45726879e+00            1.71900552e-03            6.70469632e-03            2.60079916e-02            1.01228802e-01            3.88244342e-01            9.33363957e-01
            1.07395477e-02            1.46185957e+00            1.45722304e+00            1.71900355e-03            6.70468758e-03            2.60079419e-02            1.01228369e-01            3.88239121e-01            9.33323919e-01
            1.07823131e-02            1.46181198e+00            1.45717711e+00            1.71900158e-03            6.70467880e-03            2.60078921e-02            1.01227936e-01            3.88233879e-01            9.33283722e-01
            1.08252489e-02            1.46176420e+00            1.45713100e+00            1.71899959e-03            6.70466999e-03            2.60078420e-02            1.01227500e-01            3.88228616e-01            9.33243368e-01
            1.08683557e-02            1.46171624e+00            1.45708470e+00            1.71899760e-03            6.70466115e-03            2.60077918e-02            1.01227063e-01            3.88223332e-01            9.33202854e-01
            1.09116341e-02            1.46166808e+00            1.45703822e+00            1.71899560e-03            6.70465226e-03            2.60077413e-02            1.01226624e-01            3.88218028e-01            9.33162181e-01
            1.09550849e-02            1.46161974e+00            1.45699156e+00            1.71899359e-03            6.70464334e-03            2.60076907e-02            1.01226183e-01            3.88212702e-01            9.33121348e-01
            1.09987086e-02            1.46157120e+00            1.45694472e+00            1.71899157e-03            6.70463439e-03            2.60076398e-02            1.01225740e-01            3.88207356e-01            9.33080354e-01
            1.10425061e-02            1.46152248e+00            1.45689769e+00            1.71898955e-03            6.70462540e-03            2.60075888e-02            1.01225296e-01            3.88201988e-01            9.33039198e-01
            1.10864780e-02            1.46147356e+00            1.45685047e+00            1.71898752e-03            6.70461638e-03            2.60075375e-02            1.01224850e-01            3.88196598e-01            9.32997880e-01
            1.11306250e-02            1.46142445e+00            1.45680307e+00            1.71898548e-03            6.70460732e-03            2.60074861e-02            1.01224402e-01            3.88191188e-01            9.32956400e-01
            1.11749478e-02            1.46137515e+00            1.45675548e+00            1.71898343e-03            6.70459822e-03            2.60074344e-02            1.01223953e-01            3.88185756e-01            9.32914757e-01
            1.12194471e-02            1.46132565e+00            1.45670771e+00            1.71898137e-03            6.70458909e-03            2.60073825e-02            1.01223501e-01            3.88180302e-01            9.32872949e-01
            1.12641236e-02            1.46127595e+00            1.45665974e+00            1.71897931e-03            6.70457992e-03            2.60073305e-02            1.01223048e-01            3.88174827e-01            9.32830977e-01
            1.13089780e-02            1.46122607e+00            1.45661159e+00            1.71897723e-03            6.70457071e-03            2.60072782e-02            1.01222593e-01            3.88169330e-01            9.32788839e-01
            1.13540109e-02            1.46117598e+00            1.45656325e+00            1.71897515e-03            6.70456147e-03            2.60072257e-02            1.01222136e-01            3.88163811e-01            9.32746536e-01
            1.13992233e-02            1.46112570e+00            1.45651471e+00            1.71897306e-03            6.70455219e-03            2.60071730e-02            1.01221678e-01            3.88158270e-01            9.32704066e-01
            1.14446156e-02            1.46107522e+00            1.45646599e+00            1.71897096e-03            6.70454287e-03            2.60071201e-02            1.01221217e-01            3.88152707e-01            9.32661429e-01
            1.14901887e-02            1.46102454e+00            1.45641707e+00            1.71896886e-03            6.70453352e-03            2.60070670e-02            1.01220755e-01            3.88147123e-01            9.32618625e-01
            1.15359433e-02            1.46097366e+00            1.45636796e+00            1.71896674e-03            6.70452413e-03            2.60070136e-02            1.01220291e-01            3.88141516e-01            9.32575651e-01
            1.15818801e-02            1.46092259e+00            1.45631866e+00            1.71896462e-03            6.70451470e-03            2.60069601e-02            1.01219825e-01            3.88135887e-01            9.32532509e-01
            1.16279998e-02            1.46087131e+00            1.45626916e+00            1.71896249e-03            6.70450524e-03            2.60069063e-02            1.01219357e-01            3.88130235e-01            9.32489197e-01
            1.16743032e-02            1.46081983e+00            1.45621947e+00            1.71896035e-03            6.70449573e-03            2.60068523e-02            1.01218887e-01            3.88124561e-01            9.32445714e-01
            1.17207909e-02            1.46076814e+00            1.45616958e+00            1.71895820e-03            6.70448619e-03            2.60067982e-02            1.01218416e-01            3.88118865e-01            9.32402060e-01
            1.17674638e-02            1.46071625e+00            1.45611950e+00            1.71895604e-03            6.70447661e-03            2.60067438e-02            1.01217942e-01            3.88113146e-01            9.32358235e-01
            1.18143225e-02            1.46066416e+00            1.45606922e+00            1.71895388e-03            6.70446700e-03            2.60066891e-02            1.01217467e-01            3.88107404e-01            9.32314237e-01
            1.18613678e-02            1.46061187e+00            1.45601874e+00            1.71895170e-03            6.70445734e-03            2.60066343e-02            1.01216990e-01            3.88101639e-01            9.32270066e-01
            1.19086005e-02            1.46055937e+00            1.45596806e+00            1.71894952e-03            6.70444765e-03            2.60065792e-02            1.01216511e-01            3.88095852e-01            9.32225721e-01
            1.19560212e-02            1.46050666e+00            1.45591718e+00            1.71894733e-03            6.70443791e-03            2.60065240e-02            1.01216030e-01            3.88090042e-01            9.32181202e-01
            1.20036308e-02            1.46045374e+00            1.45586610e+00            1.71894513e-03            6.70442814e-03            2.60064685e-02            1.01215547e-01            3.88084208e-01            9.32136507e-01
            1.20514299e-02            1.46040062e+00            1.45581482e+00            1.71894292e-03            6.70441833e-03            2.60064128e-02            1.01215062e-01            3.88078352e-01            9.32091637e-01
            1.20994194e-02            1.46034728e+00            1.45576334e+00            1.71894070e-03            6.70440848e-03            2.60063568e-02            1.01214575e-01            3.88072472e-01            9.32046590e-01
            1.21476000e-02            1.46029374e+00            1.45571166e+00            1.71893847e-03            6.70439860e-03            2.60063007e-02            1.01214086e-01            3.88066569e-01            9.32001366e-01
            1.21959724e-02            1.46023999e+00            1.45565977e+00            1.71893624e-03            6.70438867e-03            2.60062443e-02            1.01213596e-01            3.88060642e-01            9.31955964e-01
            1.22445375e-02            1.46018602e+00            1.45560768e+00            1.71893399e-03            6.70437870e-03            2.60061877e-02            1.01213103e-01            3.88054692e-01            9.31910384e-01
            1.22932959e-02            1.46013184e+00            1.45555538e+00            1.71893174e-03            6.70436869e-03            2.60061308e-02            1.01212609e-01            3.88048719e-01            9.31864624e-01
            1.23422485e-02            1.46007745e+00            1.45550288e+00            1.71892948e-03            6.70435865e-03            2.60060738e-02            1.01212112e-01            3.88042721e-01            9.31818685e-01
            1.23913961e-02            1.46002285e+00            1.45545017e+00            1.71892720e-03            6.70434856e-03            2.60060165e-02            1.01211614e-01            3.88036700e-01            9.31772564e-01
            1.24407393e-02            1.45996803e+00            1.45539725e+00            1.71892492e-03            6.70433843e-03            2.60059590e-02            1.01211113e-01            3.88030655e-01            9.31726263e-01
            1.24902791e-02            1.45991300e+00            1.45534413e+00            1.71892263e-03            6.70432827e-03            2.60059012e-02            1.01210611e-01            3.88024586e-01            9.31679779e-01
            1.25400161e-02            1.45985775e+00            1.45529079e+00            1.71892034e-03            6.70431806e-03            2.60058433e-02            1.01210106e-01            3.88018493e-01            9.31633112e-01
            1.25899511e-02            1.45980228e+00            1.45523725e+00            1.71891803e-03            6.70430781e-03            2.60057851e-02            1.01209600e-01            3.88012376e-01            9.31586263e-01
            1.26400850e-02            1.45974659e+00            1.45518349e+00            1.71891571e-03            6.70429752e-03            2.60057266e-02            1.01209091e-01            3.88006235e-01            9.31539228e-01
            1.26904186e-02            1.45969069e+00            1.45512953e+00            1.71891338e-03            6.70428719e-03            2.60056680e-02            1.01208581e-01            3.88000069e-01            9.31492009e-01
            1.27409526e-02            1.45963456e+00            1.45507535e+00            1.71891105e-03            6.70427682e-03            2.60056091e-02            1.01208068e-01            3.87993879e-01            9.31444605e-01
            1.27916878e-02            1.45957822e+00            1.45502096e+00            1.71890870e-03            6.70426641e-03            2.60055499e-02            1.01207554e-01            3.87987664e-01            9.31397014e-01
            1.28426250e-02            1.45952165e+00            1.45496635e+00            1.71890635e-03            6.70425596e-03            2.60054906e-02            1.01207037e-01            3.87981424e-01            9.31349236e-01
            1.28937651e-02            1.45946486e+00            1.45491153e+00            1.71890399e-03            6.70424546e-03            2.60054310e-02            1.01206518e-01            3.87975160e-01            9.31301270e-01
            1.29451088e-02            1.45940785e+00            1.45485649e+00            1.71890161e-03            6.70423492e-03            2.60053711e-02            1.01205998e-01            3.87968871e-01            9.31253115e-01
            1.29966569e-02            1.45935061e+00            1.45480124e+00            1.71889923e-03            6.70422434e-03            2.60053110e-02            1.01205475e-01            3.87962557e-01            9.31204772e-01
            1.30484104e-02            1.45929315e+00            1.45474577e+00            1.71889684e-03            6.70421372e-03            2.60052507e-02            1.01204950e-01            3.87956218e-01            9.31156238e-01
            1.31003699e-02            1.45923546e+00            1.45469008e+00            1.71889444e-03            6.70420306e-03            2.60051902e-02            1.01204423e-01            3.87949854e-01            9.31107514e-01
            1.31525363e-02            1.45917755e+00            1.45463417e+00            1.71889203e-03            6.70419235e-03            2.60051293e-02            1.01203894e-01            3.87943464e-01            9.31058598e-01
            1.32049105e-02            1.45911940e+00            1.45457804e+00            1.71888961e-03            6.70418160e-03            2.60050683e-02            1.01203363e-01            3.87937050e-01            9.31009490e-01
            1.32574932e-02            1.45906103e+00            1.45452169e+00            1.71888718e-03            6.70417081e-03            2.60050070e-02            1.01202829e-01            3.87930609e-01            9.30960189e-01
            1.33102853e-02            1.45900243e+00            1.45446512e+00            1.71888474e-03            6.70415998e-03            2.60049455e-02            1.01202294e-01            3.87924144e-01            9.30910694e-01
            1.33632876e-02            1.45894360e+00            1.45440833e+00            1.71888229e-03            6.70414910e-03            2.60048837e-02            1.01201756e-01            3.87917652e-01            9.30861005e-01
            1.34165010e-02            1.45888454e+00            1.45435131e+00            1.71887983e-03            6.70413818e-03            2.60048217e-02            1.01201217e-01            3.87911135e-01            9.30811121e-01
            1.34699262e-02            1.45882525e+00            1.45429407e+00            1.71887736e-03            6.70412722e-03            2.60047594e-02            1.01200675e-01            3.87904592e-01            9.30761041e-01
            1.35235643e-02            1.45876572e+00            1.45423661e+00            1.71887488e-03            6.70411621e-03            2.60046969e-02            1.01200131e-01            3.87898023e-01            9.30710764e-01
            1.35774159e-02            1.45870596e+00            1.45417891e+00            1.71887239e-03            6.70410516e-03            2.60046341e-02            1.01199585e-01            3.87891428e-01            9.30660290e-01
            1.36314819e-02            1.45864597e+00            1.45412100e+00            1.71886989e-03            6.70409406e-03            2.60045711e-02            1.01199036e-01            3.87884807e-01            9.30609617e-01
            1.36857633e-02            1.45858574e+00            1.45406285e+00            1.71886738e-03            6.70408292e-03            2.60045079e-02            1.01198486e-01            3.87878160e-01            9.30558745e-01
            1.37402608e-02            1.45852527e+00            1.45400447e+00            1.71886486e-03            6.70407174e-03            2.60044443e-02            1.01197933e-01            3.87871486e-01            9.30507674e-01
            1.37949753e-02            1.45846457e+00            1.45394587e+00            1.71886233e-03            6.70406051e-03            2.60043806e-02            1.01197378e-01            3.87864786e-01            9.30456402e-01
            1.38499076e-02            1.45840362e+00            1.45388703e+00            1.71885980e-03            6.70404923e-03            2.60043165e-02            1.01196821e-01            3.87858060e-01            9.30404929e-01
            1.39050588e-02            1.45834244e+00            1.45382797e+00            1.71885725e-03            6.70403792e-03            2.60042523e-02            1.01196262e-01            3.87851306e-01            9.30353253e-01
            1.39604295e-02            1.45828102e+00            1.45376867e+00            1.71885469e-03            6.70402655e-03            2.60041877e-02            1.01195700e-01            3.87844526e-01            9.30301375e-01
            1.40160207e-02            1.45821936e+00            1.45370914e+00            1.71885212e-03            6.70401514e-03            2.60041229e-02            1.01195137e-01            3.87837719e-01            9.30249293e-01
            1.40718333e-02            1.45815745e+00            1.45364937e+00            1.71884954e-03            6.70400369e-03            2.60040579e-02            1.01194571e-01            3.87830885e-01            9.30197006e-01
            1.41278682e-02            1.45809530e+00            1.45358937e+00            1.71884695e-03            6.70399219e-03            2.60039926e-02            1.01194002e-01            3.87824024e-01            9.30144515e-01
            1.41841262e-02            1.45803291e+00            1.45352914e+00            1.71884435e-03            6.70398065e-03            2.60039270e-02            1.01193432e-01            3.87817136e-01            9.30091817e-01
            1.42406082e-02            1.45797027e+00            1.45346866e+00            1.71884174e-03            6.70396905e-03            2.60038612e-02            1.01192859e-01            3.87810220e-01            9.30038913e-01
            1.42973151e-02            1.45790739e+00            1.45340795e+00            1.71883912e-03            6.70395742e-03            2.60037951e-02            1.01192284e-01            3.87803277e-01            9.29985800e-01
            1.43542478e-02            1.45784426e+00            1.45334700e+00            1.71883649e-03            6.70394573e-03            2.60037287e-02            1.01191707e-01            3.87796306e-01            9.29932480e-01
            1.44114073e-02            1.45778088e+00            1.45328581e+00            1.71883384e-03            6.70393400e-03            2.60036621e-02            1.01191127e-01            3.87789308e-01            9.29878950e-01
            1.44687943e-02            1.45771725e+00            1.45322439e+00            1.71883119e-03            6.70392223e-03            2.60035952e-02            1.01190545e-01            3.87782282e-01            9.29825210e-01
            1.45264099e-02            1.45765338e+00            1.45316272e+00            1.71882853e-03            6.70391040e-03            2.60035281e-02            1.01189961e-01            3.87775228e-01            9.29771259e-01
            1.45842549e-02            1.45758925e+00            1.45310080e+00            1.71882586e-03            6.70389853e-03            2.60034607e-02            1.01189374e-01            3.87768147e-01            9.29717096e-01
            1.46423302e-02            1.45752487e+00            1.45303865e+00            1.71882317e-03            6.70388661e-03            2.60033930e-02            1.01188785e-01            3.87761037e-01            9.29662721e-01
            1.47006368e-02            1.45746024e+00            1.45297625e+00            1.71882048e-03            6.70387465e-03            2.60033250e-02            1.01188194e-01            3.87753899e-01            9.29608133e-01
            1.47591756e-02            1.45739536e+00            1.45291360e+00            1.71881777e-03            6.70386263e-03            2.60032568e-02            1.01187600e-01            3.87746733e-01            9.29553331e-01
            1.48179475e-02            1.45733022e+00            1.45285071e+00            1.71881506e-03            6.70385057e-03            2.60031883e-02            1.01187004e-01            3.87739538e-01            9.29498313e-01
            1.48769534e-02            1.45726482e+00            1.45278757e+00            1.71881233e-03            6.70383846e-03            2.60031196e-02            1.01186406e-01            3.87732315e-01            9.29443080e-01
            1.49361943e-02            1.45719917e+00            1.45272418e+00            1.71880959e-03            6.70382631e-03            2.60030505e-02            1.01185805e-01            3.87725063e-01            9.29387630e-01
            1.49956710e-02            1.45713326e+00            1.45266055e+00            1.71880684e-03            6.70381410e-03            2.60029812e-02            1.01185202e-01            3.87717782e-01            9.29331963e-01
            1.50553847e-02            1.45706709e+00            1.45259666e+00            1.71880408e-03            6.70380185e-03            2.60029116e-02            1.01184597e-01            3.87710473e-01            9.29276077e-01
            1.51153361e-02            1.45700067e+00            1.45253253e+00            1.71880131e-03            6.70378955e-03            2.60028417e-02            1.01183989e-01            3.87703135e-01            9.29219972e-01
            1.51755262e-02            1.45693398e+00            1.45246814e+00            1.71879853e-03            6.70377719e-03            2.60027716e-02            1.01183378e-01            3.87695767e-01            9.29163647e-01
            1.52359560e-02            1.45686703e+00            1.45240350e+00            1.71879574e-03            6.70376479e-03            2.60027012e-02            1.01182766e-01            3.87688370e-01            9.29107101e-01
            1.52966265e-02            1.45679982e+00            1.45233860e+00            1.71879293e-03            6.70375234e-03            2.60026305e-02            1.01182150e-01            3.87680944e-01            9.29050334e-01
            1.53575385e-02            1.45673234e+00            1.45227346e+00            1.71879012e-03            6.70373984e-03            2.60025595e-02            1.01181533e-01            3.87673489e-01            9.28993344e-01
            1.54186931e-02            1.45666460e+00            1.45220805e+00            1.71878729e-03            6.70372729e-03            2.60024882e-02            1.01180913e-01            3.87666004e-01            9.28936130e-01
            1.54800912e-02            1.45659660e+00            1.45214239e+00            1.71878445e-03            6.70371469e-03            2.60024166e-02            1.01180290e-01            3.87658489e-01            9.28878693e-01
            1.55417338e-02            1.45652833e+00            1.45207647e+00            1.71878161e-03            6.70370204e-03            2.60023448e-02            1.01179665e-01            3.87650945e-01            9.28821030e-01
            1.56036219e-02            1.45645979e+00            1.45201029e+00            1.71877875e-03            6.70368934e-03            2.60022727e-02            1.01179038e-01            3.87643371e-01            9.28763141e-01
            1.56657564e-02            1.45639098e+00            1.45194385e+00            1.71877587e-03            6.70367659e-03            2.60022003e-02            1.01178408e-01            3.87635767e-01            9.28705025e-01
            1.57281384e-02            1.45632190e+00            1.45187715e+00            1.71877299e-03            6.70366379e-03            2.60021276e-02            1.01177775e-01            3.87628132e-01            9.28646682e-01
            1.57907687e-02            1.45625255e+00            1.45181019e+00            1.71877010e-03            6.70365094e-03            2.60020546e-02            1.01177140e-01            3.87620467e-01            9.28588110e-01
            1.58536485e-02            1.45618293e+00            1.45174297e+00            1.71876719e-03            6.70363803e-03            2.60019813e-02            1.01176502e-01            3.87612772e-01            9.28529308e-01
            1.59167786e-02            1.45611304e+00            1.45167548e+00            1.71876427e-03            6.70362508e-03            2.60019077e-02            1.01175862e-01            3.87605047e-01            9.28470276e-01
            1.59801601e-02            1.45604287e+00            1.45160773e+00            1.71876134e-03            6.70361207e-03            2.60018339e-02            1.01175220e-01            3.87597291e-01            9.28411012e-01
            1.60437940e-02            1.45597243e+00            1.45153971e+00            1.71875840e-03            6.70359901e-03            2.60017597e-02            1.01174575e-01            3.87589504e-01            9.28351517e-01
            1.61076814e-02            1.45590171e+00            1.45147143e+00            1.71875545e-03            6.70358590e-03            2.60016852e-02            1.01173927e-01            3.87581686e-01            9.28291788e-01
            1.61718231e-02            1.45583072e+00            1.45140288e+00            1.71875249e-03            6.70357274e-03            2.60016105e-02            1.01173276e-01            3.87573837e-01            9.28231826e-01
            1.62362202e-02            1.45575944e+00            1.45133405e+00            1.71874951e-03            6.70355953e-03            2.60015354e-02            1.01172624e-01            3.87565958e-01            9.28171628e-01
            1.63008738e-02            1.45568789e+00            1.45126496e+00            1.71874652e-03            6.70354626e-03            2.60014601e-02            1.01171968e-01            3.87558047e-01            9.28111195e-01
            1.63657848e-02            1.45561606e+00            1.45119560e+00            1.71874352e-03            6.70353294e-03            2.60013845e-02            1.01171310e-01            3.87550104e-01            9.28050525e-01
            1.64309543e-02            1.45554394e+00            1.45112597e+00            1.71874051e-03            6.70351957e-03            2.60013085e-02            1.01170649e-01            3.87542131e-01            9.27989617e-01
            1.64963833e-02            1.45547155e+00            1.45105606e+00            1.71873749e-03            6.70350614e-03            2.60012323e-02            1.01169986e-01            3.87534125e-01            9.27928471e-01
            1.65620728e-02            1.45539887e+00            1.45098588e+00            1.71873445e-03            6.70349266e-03            2.60011557e-02            1.01169320e-01            3.87526088e-01            9.27867086e-01
            1.66280239e-02            1.45532590e+00            1.45091542e+00            1.71873140e-03            6.70347913e-03            2.60010789e-02            1.01168651e-01            3.87518019e-01            9.27805460e-01
            1.66942377e-02            1.45525265e+00            1.45084469e+00            1.71872834e-03            6.70346554e-03            2.60010017e-02            1.01167980e-01            3.87509918e-01            9.27743593e-01
            1.67607151e-02            1.45517911e+00            1.45077368e+00            1.71872527e-03            6.70345190e-03            2.60009242e-02            1.01167306e-01            3.87501785e-01            9.27681483e-01
            1.68274572e-02            1.45510529e+00            1.45070239e+00            1.71872219e-03            6.70343820e-03            2.60008464e-02            1.01166629e-01            3.87493620e-01            9.27619131e-01
            1.68944651e-02            1.45503117e+00            1.45063082e+00            1.71871909e-03            6.70342445e-03            2.60007684e-02            1.01165950e-01            3.87485422e-01            9.27556534e-01
            1.69617398e-02            1.45495677e+00            1.45055897e+00            1.71871598e-03            6.70341065e-03            2.60006900e-02            1.01165268e-01            3.87477192e-01            9.27493693e-01
            1.70292825e-02            1.45488207e+00            1.45048684e+00            1.71871286e-03            6.70339679e-03            2.60006112e-02            1.01164583e-01            3.87468930e-01            9.27430605e-01
            1.70970940e-02            1.45480709e+00            1.45041443e+00            1.71870973e-03            6.70338287e-03            2.60005322e-02            1.01163896e-01            3.87460634e-01            9.27367271e-01
            1.71651756e-02            1.45473180e+00            1.45034173e+00            1.71870658e-03            6.70336890e-03            2.60004529e-02            1.01163205e-01            3.87452306e-01            9.27303688e-01
            1.72335284e-02            1.45465623e+00            1.45026875e+00            1.71870342e-03            6.70335487e-03            2.60003732e-02            1.01162512e-01            3.87443945e-01            9.27239857e-01
            1.73021533e-02            1.45458036e+00            1.45019548e+00            1.71870025e-03            6.70334079e-03            2.60002933e-02            1.01161817e-01            3.87435551e-01            9.27175776e-01
            1.73710514e-02            1.45450419e+00            1.45012192e+00            1.71869707e-03            6.70332665e-03            2.60002130e-02            1.01161118e-01            3.87427123e-01            9.27111445e-01
            1.74402239e-02            1.45442772e+00            1.45004808e+00            1.71869387e-03            6.70331246e-03            2.60001324e-02            1.01160417e-01            3.87418662e-01            9.27046862e-01
            1.75096719e-02            1.45435096e+00            1.44997395e+00            1.71869066e-03            6.70329821e-03            2.60000514e-02            1.01159713e-01            3.87410168e-01            9.26982026e-01
            1.75793964e-02            1.45427389e+00            1.44989952e+00            1.71868744e-03            6.70328390e-03            2.59999702e-02            1.01159006e-01            3.87401640e-01            9.26916936e-01
            1.76493986e-02            1.45419652e+00            1.44982481e+00            1.71868420e-03            6.70326954e-03            2.59998886e-02            1.01158296e-01            3.87393078e-01            9.26851592e-01
            1.77196795e-02            1.45411885e+00            1.44974980e+00            1.71868095e-03            6.70325512e-03            2.59998067e-02            1.01157584e-01            3.87384482e-01            9.26785992e-01
            1.77902403e-02            1.45404088e+00            1.44967450e+00            1.71867769e-03            6.70324064e-03            2.59997245e-02            1.01156869e-01            3.87375853e-01            9.26720136e-01
            1.78610820e-02            1.45396260e+00            1.44959890e+00            1.71867442e-03            6.70322610e-03            2.59996419e-02            1.01156150e-01            3.87367189e-01            9.26654022e-01
            1.79322059e-02            1.45388401e+00            1.44952301e+00            1.71867113e-03            6.70321151e-03            2.59995591e-02            1.01155429e-01            3.87358491e-01            9.26587650e-01
            1.80036130e-02            1.45380512e+00            1.44944682e+00            1.71866783e-03            6.70319685e-03            2.59994759e-02            1.01154706e-01            3.87349758e-01            9.26521018e-01
            1.80753044e-02            1.45372592e+00            1.44937033e+00            1.71866452e-03            6.70318214e-03            2.59993923e-02            1.01153979e-01            3.87340991e-01            9.26454126e-01
            1.81472813e-02            1.45364641e+00            1.44929355e+00            1.71866119e-03            6.70316737e-03            2.59993084e-02            1.01153249e-01            3.87332189e-01            9.26386972e-01
            1.82195448e-02            1.45356659e+00            1.44921646e+00            1.71865785e-03            6.70315255e-03            2.59992242e-02            1.01152517e-01            3.87323352e-01            9.26319556e-01
            1.82920961e-02            1.45348645e+00            1.44913907e+00            1.71865450e-03            6.70313766e-03            2.59991397e-02            1.01151781e-01            3.87314480e-01            9.26251876e-01
            1.83649363e-02            1.45340600e+00            1.44906138e+00            1.71865114e-03            6.70312271e-03            2.59990548e-02            1.01151043e-01            3.87305573e-01            9.26183931e-01
            1.84380665e-02            1.45332524e+00            1.44898338e+00            1.71864776e-03            6.70310771e-03            2.59989696e-02            1.01150302e-01            3.87296631e-01            9.26115721e-01
            1.85114879e-02            1.45324417e+00            1.44890508e+00            1.71864436e-03            6.70309264e-03            2.59988840e-02            1.01149557e-01            3.87287653e-01            9.26047245e-01
            1.85852017e-02            1.45316277e+00            1.44882647e+00            1.71864096e-03            6.70307752e-03            2.59987981e-02            1.01148810e-01            3.87278640e-01            9.25978501e-01
            1.86592091e-02            1.45308106e+00            1.44874755e+00            1.71863754e-03            6.70306233e-03            2.59987119e-02            1.01148060e-01            3.87269591e-01            9.25909488e-01
            1.87335111e-02            1.45299903e+00            1.44866833e+00            1.71863410e-03            6.70304708e-03            2.59986253e-02            1.01147307e-01            3.87260507e-01            9.25840206e-01
            1.88081090e-02            1.45291668e+00            1.44858879e+00            1.71863066e-03            6.70303178e-03            2.59985384e-02            1.01146551e-01            3.87251386e-01            9.25770653e-01
            1.88830040e-02            1.45283400e+00            1.44850894e+00            1.71862720e-03            6.70301641e-03            2.59984511e-02            1.01145791e-01            3.87242230e-01            9.25700828e-01
            1.89581972e-02            1.45275100e+00            1.44842878e+00            1.71862372e-03            6.70300098e-03            2.59983635e-02            1.01145029e-01            3.87233037e-01            9.25630730e-01
            1.90336898e-02            1.45266768e+00            1.44834831e+00            1.71862023e-03            6.70298549e-03            2.59982755e-02            1.01144264e-01            3.87223807e-01            9.25560359e-01
            1.91094831e-02            1.45258404e+00            1.44826752e+00            1.71861673e-03            6.70296994e-03            2.59981872e-02            1.01143496e-01            3.87214541e-01            9.25489713e-01
            1.91855781e-02            1.45250006e+00            1.44818642e+00            1.71861321e-03            6.70295432e-03            2.59980986e-02            1.01142724e-01            3.87205239e-01            9.25418791e-01
            1.92619762e-02            1.45241576e+00            1.44810500e+00            1.71860968e-03            6.70293865e-03            2.59980095e-02            1.01141950e-01            3.87195900e-01            9.25347592e-01
            1.93386785e-02            1.45233113e+00            1.44802326e+00            1.71860614e-03            6.70292291e-03            2.59979202e-02            1.01141173e-01            3.87186523e-01            9.25276115e-01
            1.94156862e-02            1.45224617e+00            1.44794120e+00            1.71860258e-03            6.70290711e-03            2.59978304e-02            1.01140392e-01            3.87177110e-01            9.25204359e-01
            1.94930006e-02            1.45216088e+00            1.44785882e+00            1.71859901e-03            6.70289124e-03            2.59977404e-02            1.01139609e-01            3.87167659e-01            9.25132323e-01
            1.95706228e-02            1.45207525e+00            1.44777612e+00            1.71859542e-03            6.70287532e-03            2.59976499e-02            1.01138822e-01            3.87158171e-01            9.25060006e-01
            1.96485542e-02            1.45198929e+00            1.44769309e+00            1.71859182e-03            6.70285933e-03            2.59975591e-02            1.01138032e-01            3.87148646e-01            9.24987406e-01
            1.97267958e-02            1.45190300e+00            1.44760974e+00            1.71858820e-03            6.70284327e-03            2.59974679e-02            1.01137239e-01            3.87139082e-01            9.24914523e-01
            1.98053491e-02            1.45181637e+00            1.44752607e+00            1.71858457e-03            6.70282715e-03            2.59973764e-02            1.01136443e-01            3.87129481e-01            9.24841355e-01
            1.98842151e-02            1.45172939e+00            1.44744206e+00            1.71858093e-03            6.70281097e-03            2.59972845e-02            1.01135643e-01            3.87119842e-01            9.24767902e-01
            1.99633952e-02            1.45164208e+00            1.44735773e+00            1.71857727e-03            6.70279473e-03            2.59971922e-02            1.01134841e-01            3.87110165e-01            9.24694163e-01
            2.00428906e-02            1.45155443e+00            1.44727307e+00            1.71857360e-03            6.70277841e-03            2.59970996e-02            1.01134035e-01            3.87100449e-01            9.24620135e-01
            2.01227025e-02            1.45146644e+00            1.44718808e+00            1.71856991e-03            6.70276204e-03            2.59970066e-02            1.01133226e-01            3.87090695e-01            9.24545819e-01
            2.02028323e-02            1.45137811e+00            1.44710275e+00            1.71856621e-03            6.70274560e-03            2.59969133e-02            1.01132414e-01            3.87080902e-01            9.24471213e-01
            2.02832811e-02            1.45128942e+00            1.44701710e+00            1.71856249e-03            6.70272909e-03            2.59968195e-02            1.01131599e-01            3.87071071e-01            9.24396316e-01
            2.03640503e-02            1.45120040e+00            1.44693110e+00            1.71855876e-03            6.70271252e-03            2.59967254e-02            1.01130780e-01            3.87061201e-01            9.24321127e-01
            2.04451411e-02            1.45111102e+00            1.44684478e+00            1.71855501e-03            6.70269588e-03            2.59966309e-02            1.01129958e-01            3.87051291e-01            9.24245644e-01
            2.05265548e-02            1.45102130e+00            1.44675811e+00            1.71855125e-03            6.70267917e-03            2.59965361e-02            1.01129133e-01            3.87041343e-01            9.24169867e-01
            2.06082927e-02            1.45093123e+00            1.44667111e+00            1.71854747e-03            6.70266240e-03            2.59964408e-02            1.01128305e-01            3.87031355e-01            9.24093795e-01
            2.06903562e-02            1.45084080e+00            1.44658376e+00            1.71854368e-03            6.70264557e-03            2.59963452e-02            1.01127473e-01            3.87021328e-01            9.24017426e-01
            2.07727463e-02            1.45075003e+00            1.44649608e+00            1.71853987e-03            6.70262866e-03            2.59962492e-02            1.01126638e-01            3.87011261e-01            9.23940759e-01
            2.08554646e-02            1.45065890e+00            1.44640805e+00            1.71853605e-03            6.70261169e-03            2.59961528e-02            1.01125800e-01            3.87001154e-01            9.23863794e-01
            2.09385123e-02            1.45056741e+00            1.44631968e+00            1.71853221e-03            6.70259465e-03            2.59960561e-02            1.01124958e-01            3.86991007e-01            9.23786528e-01
            2.10218906e-02            1.45047557e+00            1.44623096e+00            1.71852836e-03            6.70257754e-03            2.59959589e-02            1.01124113e-01            3.86980820e-01            9.23708961e-01
            2.11056010e-02            1.45038337e+00            1.44614190e+00            1.71852449e-03            6.70256037e-03            2.59958614e-02            1.01123265e-01            3.86970593e-01            9.23631092e-01
            2.11896447e-02            1.45029081e+00            1.44605248e+00            1.71852061e-03            6.70254312e-03            2.59957635e-02            1.01122413e-01            3.86960325e-01            9.23552919e-01
            2.12740231e-02            1.45019789e+00            1.44596272e+00            1.71851671e-03            6.70252581e-03            2.59956652e-02            1.01121558e-01            3.86950016e-01            9.23474442e-01
            2.13587375e-02            1.45010461e+00            1.44587261e+00            1.71851279e-03            6.70250843e-03            2.59955665e-02            1.01120700e-01            3.86939667e-01            9.23395659e-01
            2.14437892e-02            1.45001096e+00            1.44578215e+00            1.71850886e-03            6.70249098e-03            2.59954674e-02            1.01119838e-01            3.86929277e-01            9.23316569e-01
            2.15291796e-02            1.44991695e+00            1.44569134e+00            1.71850492e-03            6.70247346e-03            2.59953679e-02            1.01118973e-01            3.86918846e-01            9.23237170e-01
            2.16149100e-02            1.44982257e+00            1.44560017e+00            1.71850096e-03            6.70245587e-03            2.59952680e-02            1.01118104e-01            3.86908374e-01            9.23157463e-01
            2.17009818e-02            1.44972783e+00            1.44550864e+00            1.71849698e-03            6.70243821e-03            2.59951677e-02            1.01117232e-01            3.86897860e-01            9.23077445e-01
            2.17873964e-02            1.44963271e+00            1.44541676e+00            1.71849299e-03            6.70242048e-03            2.59950670e-02            1.01116356e-01            3.86887304e-01            9.22997115e-01
            2.18741550e-02            1.44953723e+00            1.44532451e+00            1.71848898e-03            6.70240268e-03            2.59949660e-02            1.01115477e-01            3.86876707e-01            9.22916473e-01
            2.19612592e-02            1.44944137e+00            1.44523191e+00            1.71848495e-03            6.70238481e-03            2.59948645e-02            1.01114594e-01            3.86866068e-01            9.22835516e-01
            2.20487102e-02            1.44934514e+00            1.44513895e+00            1.71848091e-03            6.70236687e-03            2.59947626e-02            1.01113708e-01            3.86855387e-01            9.22754245e-01
            2.21365094e-02            1.44924853e+00            1.44504562e+00            1.71847685e-03            6.70234885e-03            2.59946603e-02            1.01112818e-01            3.86844664e-01            9.22672657e-01
            2.22246582e-02            1.44915155e+00            1.44495194e+00            1.71847278e-03            6.70233077e-03            2.59945576e-02            1.01111925e-01            3.86833898e-01            9.22590751e-01
            2.23131581e-02            1.44905419e+00            1.44485788e+00            1.71846869e-03            6.70231261e-03            2.59944545e-02            1.01111028e-01            3.86823090e-01            9.22508526e-01
            2.24020104e-02            1.44895646e+00            1.44476346e+00            1.71846459e-03            6.70229438e-03            2.59943510e-02            1.01110128e-01            3.86812239e-01            9.22425981e-01
            2.24912165e-02            1.44885834e+00            1.44466867e+00            1.71846046e-03            6.70227608e-03            2.59942470e-02            1.01109224e-01            3.86801345e-01            9.22343116e-01
            2.25807778e-02            1.44875984e+00            1.44457351e+00            1.71845633e-03            6.70225770e-03            2.59941427e-02            1.01108317e-01            3.86790408e-01            9.22259927e-01
            2.26706957e-02            1.44866096e+00            1.44447798e+00            1.71845217e-03            6.70223925e-03            2.59940379e-02            1.01107406e-01            3.86779427e-01            9.22176415e-01
            2.27609717e-02            1.44856169e+00            1.44438207e+00            1.71844800e-03            6.70222073e-03            2.59939328e-02            1.01106491e-01            3.86768404e-01            9.22092578e-01
            2.28516072e-02            1.44846203e+00            1.44428580e+00            1.71844381e-03            6.70220214e-03            2.59938272e-02            1.01105573e-01            3.86757336e-01            9.22008415e-01
            2.29426036e-02            1.44836199e+00            1.44418914e+00            1.71843961e-03            6.70218347e-03            2.59937212e-02            1.01104651e-01            3.86746225e-01            9.21923924e-01
            2.30339624e-02            1.44826156e+00            1.44409211e+00            1.71843539e-03            6.70216472e-03            2.59936147e-02            1.01103725e-01            3.86735070e-01            9.21839105e-01
            2.31256850e-02            1.44816074e+00            1.44399471e+00            1.71843115e-03            6.70214590e-03            2.59935079e-02            1.01102796e-01            3.86723871e-01            9.21753955e-01
            2.32177728e-02            1.44805952e+00            1.44389692e+00            1.71842689e-03            6.70212701e-03            2.59934006e-02            1.01101863e-01            3.86712628e-01            9.21668475e-01
            2.33102273e-02            1.44795791e+00            1.44379875e+00            1.71842262e-03            6.70210804e-03            2.59932929e-02            1.01100926e-01            3.86701340e-01            9.21582662e-01
            2.34030499e-02            1.44785591e+00            1.44370020e+00            1.71841833e-03            6.70208900e-03            2.59931847e-02            1.01099985e-01            3.86690008e-01            9.21496516e-01
            2.34962422e-02            1.44775351e+00            1.44360127e+00            1.71841403e-03            6.70206988e-03            2.59930762e-02            1.01099041e-01            3.86678631e-01            9.21410034e-01
            2.35898056e-02            1.44765071e+00            1.44350195e+00            1.71840970e-03            6.70205068e-03            2.59929672e-02            1.01098093e-01            3.86667208e-01            9.21323217e-01
            2.36837416e-02            1.44754751e+00            1.44340224e+00            1.71840536e-03            6.70203141e-03            2.59928577e-02            1.01097141e-01            3.86655741e-01            9.21236061e-01
            2.37780516e-02            1.44744391e+00            1.44330214e+00            1.71840101e-03            6.70201206e-03            2.59927479e-02            1.01096186e-01            3.86644229e-01            9.21148568e-01
            2.38727371e-02            1.44733991e+00            1.44320166e+00            1.71839663e-03            6.70199264e-03            2.59926376e-02            1.01095227e-01            3.86632670e-01            9.21060734e-01
            2.39677997e-02            1.44723551e+00            1.44310078e+00            1.71839224e-03            6.70197313e-03            2.59925268e-02            1.01094264e-01            3.86621067e-01            9.20972558e-01
            2.40632409e-02            1.44713069e+00            1.44299951e+00            1.71838783e-03            6.70195355e-03            2.59924156e-02            1.01093297e-01            3.86609417e-01            9.20884040e-01
            2.41590621e-02            1.44702548e+00            1.44289785e+00            1.71838340e-03            6.70193390e-03            2.59923040e-02            1.01092326e-01            3.86597721e-01            9.20795179e-01
            2.42552649e-02            1.44691985e+00            1.44279579e+00            1.71837896e-03            6.70191416e-03            2.59921919e-02            1.01091351e-01            3.86585980e-01            9.20705972e-01
            2.43518507e-02            1.44681381e+00            1.44269333e+00            1.71837449e-03            6.70189434e-03            2.59920794e-02            1.01090373e-01            3.86574191e-01            9.20616418e-01
            2.44488212e-02            1.44670736e+00            1.44259047e+00            1.71837001e-03            6.70187445e-03            2.59919664e-02            1.01089390e-01            3.86562356e-01            9.20526517e-01
            2.45461778e-02            1.44660049e+00            1.44248722e+00            1.71836552e-03            6.70185448e-03            2.59918530e-02            1.01088404e-01            3.86550475e-01            9.20436266e-01
            2.46439221e-02            1.44649321e+00            1.44238356e+00            1.71836100e-03            6.70183442e-03            2.59917392e-02            1.01087414e-01            3.86538546e-01            9.20345665e-01
            2.47420556e-02            1.44638552e+00            1.44227950e+00            1.71835646e-03            6.70181429e-03            2.59916248e-02            1.01086420e-01            3.86526570e-01            9.20254712e-01
            2.48405799e-02            1.44627740e+00            1.44217503e+00            1.71835191e-03            6.70179408e-03            2.59915101e-02            1.01085422e-01            3.86514547e-01            9.20163406e-01
            2.49394965e-02            1.44616887e+00            1.44207016e+00            1.71834734e-03            6.70177379e-03            2.59913948e-02            1.01084420e-01            3.86502477e-01            9.20071746e-01
            2.50388070e-02            1.44605992e+00            1.44196488e+00            1.71834275e-03            6.70175341e-03            2.59912791e-02            1.01083414e-01            3.86490359e-01            9.19979729e-01
            2.51385130e-02            1.44595054e+00            1.44185919e+00            1.71833815e-03            6.70173296e-03            2.59911630e-02            1.01082404e-01            3.86478193e-01            9.19887356e-01
            2.52386160e-02            1.44584073e+00            1.44175308e+00            1.71833352e-03            6.70171242e-03            2.59910464e-02            1.01081390e-01            3.86465978e-01            9.19794624e-01
            2.53391176e-02            1.44573050e+00            1.44164657e+00            1.71832888e-03            6.70169180e-03            2.59909293e-02            1.01080372e-01            3.86453716e-01            9.19701532e-01
            2.54400194e-02            1.44561985e+00            1.44153964e+00            1.71832422e-03            6.70167110e-03            2.59908118e-02            1.01079349e-01            3.86441405e-01            9.19608079e-01
            2.55413230e-02            1.44550876e+00            1.44143230e+00            1.71831954e-03            6.70165032e-03            2.59906938e-02            1.01078323e-01            3.86429046e-01            9.19514263e-01
            2.56430300e-02            1.44539724e+00            1.44132453e+00            1.71831484e-03            6.70162945e-03            2.59905753e-02            1.01077293e-01            3.86416637e-01            9.19420084e-01
            2.57451420e-02            1.44528529e+00            1.44121635e+00            1.71831012e-03            6.70160851e-03            2.59904563e-02            1.01076259e-01            3.86404180e-01            9.19325539e-01
            2.58476607e-02            1.44517291e+00            1.44110775e+00            1.71830538e-03            6.70158747e-03            2.59903369e-02            1.01075220e-01            3.86391674e-01            9.19230627e-01
            2.59505875e-02            1.44506009e+00            1.44099873e+00            1.71830063e-03            6.70156636e-03            2.59902170e-02            1.01074178e-01            3.86379118e-01            9.19135348e-01
            2.60539243e-02            1.44494683e+00            1.44088928e+00            1.71829585e-03            6.70154516e-03            2.59900966e-02            1.01073131e-01            3.86366512e-01            9.19039699e-01
            2.61576725e-02            1.44483313e+00            1.44077941e+00            1.71829106e-03            6.70152388e-03            2.59899758e-02            1.01072080e-01            3.86353857e-01            9.18943679e-01
            2.62618338e-02            1.44471899e+00            1.44066911e+00            1.71828625e-03            6.70150251e-03            2.59898545e-02            1.01071025e-01            3.86341152e-01            9.18847286e-01
            2.63664100e-02            1.44460441e+00            1.44055838e+00            1.71828142e-03            6.70148106e-03            2.59897326e-02            1.01069966e-01            3.86328396e-01            9.18750520e-01
            2.64714025e-02            1.44448939e+00            1.44044722e+00            1.71827656e-03            6.70145952e-03            2.59896103e-02            1.01068903e-01            3.86315591e-01            9.18653379e-01
            2.65768132e-02            1.44437392e+00            1.44033563e+00            1.71827169e-03            6.70143789e-03            2.59894876e-02            1.01067835e-01            3.86302734e-01            9.18555862e-01
            2.66826435e-02            1.44425800e+00            1.44022360e+00            1.71826680e-03            6.70141618e-03            2.59893643e-02            1.01066763e-01            3.86289827e-01            9.18457966e-01
            2.67888954e-02            1.44414163e+00            1.44011114e+00            1.71826190e-03            6.70139439e-03            2.59892405e-02            1.01065687e-01            3.86276869e-01            9.18359692e-01
            2.68955703e-02            1.44402481e+00            1.43999825e+00            1.71825697e-03            6.70137250e-03            2.59891163e-02            1.01064606e-01            3.86263860e-01            9.18261036e-01
            2.70026700e-02            1.44390754e+00            1.43988491e+00            1.71825202e-03            6.70135053e-03            2.59889915e-02            1.01063522e-01            3.86250799e-01            9.18161998e-01
            2.71101962e-02            1.44378981e+00            1.43977114e+00            1.71824705e-03            6.70132847e-03            2.59888663e-02            1.01062433e-01            3.86237687e-01            9.18062577e-01
            2.72181505e-02            1.44367163e+00            1.43965692e+00            1.71824206e-03            6.70130633e-03            2.59887405e-02            1.01061339e-01            3.86224523e-01            9.17962771e-01
            2.73265347e-02            1.44355299e+00            1.43954226e+00            1.71823706e-03            6.70128409e-03            2.59886143e-02            1.01060242e-01            3.86211307e-01            9.17862578e-01
            2.74353506e-02            1.44343389e+00            1.43942716e+00            1.71823203e-03            6.70126177e-03            2.59884875e-02            1.01059140e-01            3.86198039e-01            9.17761997e-01
            2.75445997e-02            1.44331433e+00            1.43931161e+00            1.71822698e-03            6.70123936e-03            2.59883603e-02            1.01058033e-01            3.86184719e-01            9.17661026e-01
            2.76542839e-02            1.44319431e+00            1.43919560e+00            1.71822191e-03            6.70121686e-03            2.59882325e-02            1.01056922e-01            3.86171346e-01            9.17559665e-01
            2.77644048e-02            1.44307382e+00            1.43907915e+00            1.71821683e-03            6.70119427e-03            2.59881042e-02            1.01055807e-01            3.86157920e-01            9.17457912e-01
            2.78749643e-02            1.44295287e+00            1.43896225e+00            1.71821172e-03            6.70117159e-03            2.59879755e-02            1.01054687e-01            3.86144441e-01            9.17355764e-01
            2.79859640e-02            1.44283144e+00            1.43884490e+00            1.71820659e-03            6.70114882e-03            2.59878462e-02            1.01053563e-01            3.86130909e-01            9.17253221e-01
            2.80974057e-02            1.44270955e+00            1.43872708e+00            1.71820144e-03            6.70112596e-03            2.59877164e-02            1.01052435e-01            3.86117324e-01            9.17150282e-01
            2.82092912e-02            1.44258718e+00            1.43860882e+00            1.71819627e-03            6.70110301e-03            2.59875861e-02            1.01051302e-01            3.86103685e-01            9.17046944e-01
            2.83216222e-02            1.44246435e+00            1.43849009e+00            1.71819108e-03            6.70107997e-03            2.59874552e-02            1.01050164e-01            3.86089992e-01            9.16943206e-01
            2.84344005e-02            1.44234103e+00            1.43837090e+00            1.71818587e-03            6.70105683e-03            2.59873239e-02            1.01049022e-01            3.86076245e-01            9.16839068e-01
            2.85476279e-02            1.44221724e+00            1.43825125e+00            1.71818064e-03            6.70103361e-03            2.59871920e-02            1.01047875e-01            3.86062444e-01            9.16734526e-01
            2.86613062e-02            1.44209297e+00            1.43813114e+00            1.71817539e-03            6.70101029e-03            2.59870596e-02            1.01046724e-01            3.86048588e-01            9.16629580e-01
            2.87754372e-02            1.44196822e+00            1.43801056e+00            1.71817012e-03            6.70098688e-03            2.59869266e-02            1.01045569e-01            3.86034678e-01            9.16524228e-01
            2.88900226e-02            1.44184299e+00            1.43788951e+00            1.71816482e-03            6.70096337e-03            2.59867932e-02            1.01044408e-01            3.86020713e-01            9.16418469e-01
            2.90050644e-02            1.44171727e+00            1.43776800e+00            1.71815951e-03            6.70093977e-03            2.59866592e-02            1.01043243e-01            3.86006693e-01            9.16312301e-01
            2.91205642e-02            1.44159107e+00            1.43764601e+00            1.71815417e-03            6.70091608e-03            2.59865247e-02            1.01042074e-01            3.85992617e-01            9.16205723e-01
            2.92365239e-02            1.44146438e+00            1.43752355e+00            1.71814882e-03            6.70089229e-03            2.59863896e-02            1.01040900e-01            3.85978486e-01            9.16098732e-01
            2.93529454e-02            1.44133719e+00            1.43740061e+00            1.71814344e-03            6.70086841e-03            2.59862540e-02            1.01039721e-01            3.85964299e-01            9.15991328e-01
            2.94698306e-02            1.44120952e+00            1.43727720e+00            1.71813804e-03            6.70084444e-03            2.59861179e-02            1.01038537e-01            3.85950056e-01            9.15883510e-01
            2.95871811e-02            1.44108136e+00            1.43715331e+00            1.71813262e-03            6.70082037e-03            2.59859812e-02            1.01037349e-01            3.85935757e-01            9.15775274e-01
            2.97049990e-02            1.44095269e+00            1.43702895e+00            1.71812717e-03            6.70079620e-03            2.59858440e-02            1.01036156e-01            3.85921402e-01            9.15666621e-01
            2.98232860e-02            1.44082354e+00            1.43690410e+00            1.71812171e-03            6.70077194e-03            2.59857062e-02            1.01034958e-01            3.85906990e-01            9.15557547e-01
            2.99420440e-02            1.44069388e+00            1.43677876e+00            1.71811622e-03            6.70074758e-03            2.59855679e-02            1.01033756e-01            3.85892521e-01            9.15448053e-01
            3.00612749e-02            1.44056372e+00            1.43665294e+00            1.71811071e-03            6.70072312e-03            2.59854290e-02            1.01032549e-01            3.85877995e-01            9.15338136e-01
            3.01809807e-02            1.44043306e+00            1.43652664e+00            1.71810518e-03            6.70069856e-03            2.59852896e-02            1.01031337e-01            3.85863412e-01            9.15227794e-01
            3.03011631e-02            1.44030189e+00            1.43639984e+00            1.71809963e-03            6.70067391e-03            2.59851497e-02            1.01030120e-01            3.85848771e-01            9.15117026e-01
            3.04218240e-02            1.44017022e+00            1.43627255e+00            1.71809406e-03            6.70064916e-03            2.59850091e-02            1.01028898e-01            3.85834073e-01            9.15005831e-01
            3.05429655e-02            1.44003804e+00            1.43614477e+00            1.71808846e-03            6.70062431e-03            2.59848680e-02            1.01027672e-01            3.85819316e-01            9.14894206e-01
            3.06645893e-02            1.43990535e+00            1.43601650e+00            1.71808284e-03            6.70059937e-03            2.59847264e-02            1.01026440e-01            3.85804501e-01            9.14782151e-01
            3.07866975e-02            1.43977215e+00            1.43588773e+00            1.71807720e-03            6.70057432e-03            2.59845842e-02            1.01025204e-01            3.85789628e-01            9.14669663e-01
            3.09092919e-02            1.43963843e+00            1.43575846e+00            1.71807154e-03            6.70054917e-03            2.59844414e-02            1.01023963e-01            3.85774697e-01            9.14556741e-01
            3.10323744e-02            1.43950420e+00            1.43562869e+00            1.71806585e-03            6.70052393e-03            2.59842981e-02            1.01022717e-01            3.85759706e-01            9.14443384e-01
            3.11559471e-02            1.43936944e+00            1.43549842e+00            1.71806015e-03            6.70049858e-03            2.59841542e-02            1.01021466e-01            3.85744656e-01            9.14329589e-01
            3.12800119e-02            1.43923417e+00            1.43536765e+00            1.71805441e-03            6.70047313e-03            2.59840097e-02            1.01020210e-01            3.85729547e-01            9.14215356e-01
            3.14045707e-02            1.43909838e+00            1.43523637e+00            1.71804866e-03            6.70044759e-03            2.59838646e-02            1.01018949e-01            3.85714379e-01            9.14100682e-01
            3.15296255e-02            1.43896206e+00            1.43510458e+00            1.71804288e-03            6.70042194e-03            2.59837190e-02            1.01017683e-01            3.85699150e-01            9.13985565e-01
            3.16551783e-02            1.43882522e+00            1.43497228e+00            1.71803708e-03            6.70039618e-03            2.59835728e-02            1.01016412e-01            3.85683862e-01            9.13870005e-01
            3.17812310e-02            1.43868785e+00            1.43483948e+00            1.71803126e-03            6.70037033e-03            2.59834260e-02            1.01015136e-01            3.85668513e-01            9.13754000e-01
            3.19077857e-02            1.43854995e+00            1.43470615e+00            1.71802541e-03            6.70034437e-03            2.59832786e-02            1.01013855e-01            3.85653104e-01            9.13637547e-01
            3.20348443e-02            1.43841152e+00            1.43457232e+00            1.71801954e-03            6.70031831e-03            2.59831306e-02            1.01012568e-01            3.85637634e-01            9.13520646e-01
            3.21624089e-02            1.43827255e+00            1.43443796e+00            1.71801365e-03            6.70029215e-03            2.59829821e-02            1.01011277e-01            3.85622103e-01            9.13403294e-01
            3.22904815e-02            1.43813305e+00            1.43430309e+00            1.71800774e-03            6.70026588e-03            2.59828329e-02            1.01009981e-01            3.85606510e-01            9.13285490e-01
            3.24190640e-02            1.43799302e+00            1.43416769e+00            1.71800180e-03            6.70023950e-03            2.59826832e-02            1.01008679e-01            3.85590857e-01            9.13167232e-01
            3.25481586e-02            1.43785244e+00            1.43403177e+00            1.71799583e-03            6.70021303e-03            2.59825328e-02            1.01007372e-01            3.85575141e-01            9.13048519e-01
            3.26777672e-02            1.43771132e+00            1.43389533e+00            1.71798985e-03            6.70018644e-03            2.59823819e-02            1.01006060e-01            3.85559364e-01            9.12929348e-01
            3.28078920e-02            1.43756965e+00            1.43375836e+00            1.71798383e-03            6.70015975e-03            2.59822304e-02            1.01004743e-01            3.85543525e-01            9.12809719e-01
            3.29385349e-02            1.43742745e+00            1.43362086e+00            1.71797780e-03            6.70013296e-03            2.59820782e-02            1.01003421e-01            3.85527623e-01            9.12689628e-01
            3.30696980e-02            1.43728469e+00            1.43348283e+00            1.71797174e-03            6.70010606e-03            2.59819255e-02            1.01002093e-01            3.85511658e-01            9.12569076e-01
            3.32013834e-02            1.43714138e+00            1.43334427e+00            1.71796566e-03            6.70007905e-03            2.59817722e-02            1.01000760e-01            3.85495631e-01            9.12448060e-01
            3.33335932e-02            1.43699753e+00            1.43320517e+00            1.71795955e-03            6.70005193e-03            2.59816182e-02            1.00999422e-01            3.85479540e-01            9.12326578e-01
            3.34663295e-02            1.43685311e+00            1.43306553e+00            1.71795342e-03            6.70002471e-03            2.59814636e-02            1.00998079e-01            3.85463386e-01            9.12204628e-01
            3.35995944e-02            1.43670815e+00            1.43292536e+00            1.71794726e-03            6.69999737e-03            2.59813085e-02            1.00996730e-01            3.85447169e-01            9.12082209e-01
            3.37333899e-02            1.43656262e+00            1.43278465e+00            1.71794108e-03            6.69996993e-03            2.59811527e-02            1.00995376e-01            3.85430887e-01            9.11959319e-01
            3.38677182e-02            1.43641654e+00            1.43264339e+00            1.71793488e-03            6.69994238e-03            2.59809962e-02            1.00994016e-01            3.85414542e-01            9.11835957e-01
            3.40025814e-02            1.43626989e+00            1.43250159e+00            1.71792865e-03            6.69991472e-03            2.59808392e-02            1.00992651e-01            3.85398132e-01            9.11712120e-01
            3.41379816e-02            1.43612268e+00            1.43235924e+00            1.71792239e-03            6.69988695e-03            2.59806815e-02            1.00991281e-01            3.85381657e-01            9.11587807e-01
            3.42739210e-02            1.43597490e+00            1.43221634e+00            1.71791611e-03            6.69985907e-03            2.59805232e-02            1.00989905e-01            3.85365117e-01            9.11463016e-01
            3.44104017e-02            1.43582655e+00            1.43207289e+00            1.71790981e-03            6.69983108e-03            2.59803643e-02            1.00988524e-01            3.85348512e-01            9.11337745e-01
            3.45474259e-02            1.43567764e+00            1.43192888e+00            1.71790348e-03            6.69980298e-03            2.59802048e-02            1.00987137e-01            3.85331842e-01            9.11211992e-01
            3.46849957e-02            1.43552815e+00            1.43178432e+00            1.71789713e-03            6.69977476e-03            2.59800446e-02            1.00985745e-01            3.85315107e-01            9.11085757e-01
            3.48231134e-02            1.43537808e+00            1.43163921e+00            1.71789075e-03            6.69974644e-03            2.59798837e-02            1.00984347e-01            3.85298305e-01            9.10959036e-01
            3.49617810e-02            1.43522744e+00            1.43149353e+00            1.71788434e-03            6.69971800e-03            2.59797223e-02            1.00982944e-01            3.85281437e-01            9.10831828e-01
            3.51010008e-02            1.43507622e+00            1.43134730e+00            1.71787791e-03            6.69968945e-03            2.59795602e-02            1.00981535e-01            3.85264503e-01            9.10704132e-01
            3.52407750e-02            1.43492442e+00            1.43120050e+00            1.71787145e-03            6.69966078e-03            2.59793974e-02            1.00980120e-01            3.85247502e-01            9.10575945e-01
            3.53811058e-02            1.43477204e+00            1.43105313e+00            1.71786497e-03            6.69963200e-03            2.59792340e-02            1.00978700e-01            3.85230434e-01            9.10447266e-01
            3.55219954e-02            1.43461907e+00            1.43090520e+00            1.71785846e-03            6.69960310e-03            2.59790700e-02            1.00977274e-01            3.85213299e-01            9.10318093e-01
            3.56634460e-02            1.43446551e+00            1.43075669e+00            1.71785193e-03            6.69957409e-03            2.59789053e-02            1.00975843e-01            3.85196096e-01            9.10188424e-01
            3.58054599e-02            1.43431137e+00            1.43060762e+00            1.71784537e-03            6.69954497e-03            2.59787399e-02            1.00974406e-01            3.85178826e-01            9.10058257e-01
            3.59480393e-02            1.43415663e+00            1.43045797e+00            1.71783879e-03            6.69951573e-03            2.59785739e-02            1.00972963e-01            3.85161487e-01            9.09927590e-01
            3.60911864e-02            1.43400130e+00            1.43030774e+00            1.71783217e-03            6.69948637e-03            2.59784072e-02            1.00971515e-01            3.85144081e-01            9.09796422e-01
            3.62349036e-02            1.43384537e+00            1.43015694e+00            1.71782554e-03            6.69945690e-03            2.59782399e-02            1.00970061e-01            3.85126606e-01            9.09664751e-01
            3.63791931e-02            1.43368884e+00            1.43000555e+00            1.71781887e-03            6.69942731e-03            2.59780719e-02            1.00968600e-01            3.85109062e-01            9.09532575e-01
            3.65240571e-02            1.43353171e+00            1.42985359e+00            1.71781218e-03            6.69939760e-03            2.59779032e-02            1.00967135e-01            3.85091449e-01            9.09399891e-01
            3.66694980e-02            1.43337398e+00            1.42970104e+00            1.71780546e-03            6.69936777e-03            2.59777339e-02            1.00965663e-01            3.85073766e-01            9.09266699e-01
            3.68155180e-02            1.43321565e+00            1.42954790e+00            1.71779872e-03            6.69933783e-03            2.59775639e-02            1.00964186e-01            3.85056015e-01            9.09132996e-01
            3.69621195e-02            1.43305670e+00            1.42939417e+00            1.71779195e-03            6.69930776e-03            2.59773932e-02            1.00962702e-01            3.85038193e-01            9.08998780e-01
            3.71093048e-02            1.43289715e+00            1.42923985e+00            1.71778515e-03            6.69927758e-03            2.59772218e-02            1.00961213e-01            3.85020301e-01            9.08864050e-01
            3.72570762e-02            1.43273698e+00            1.42908494e+00            1.71777832e-03            6.69924727e-03            2.59770498e-02            1.00959718e-01            3.85002339e-01            9.08728803e-01
            3.74054360e-02            1.43257621e+00            1.42892943e+00            1.71777147e-03            6.69921685e-03            2.59768770e-02            1.00958217e-01            3.84984306e-01            9.08593038e-01
            3.75543866e-02            1.43241481e+00            1.42877332e+00            1.71776459e-03            6.69918630e-03            2.59767036e-02            1.00956710e-01            3.84966202e-01            9.08456753e-01
            3.77039303e-02            1.43225280e+00            1.42861661e+00            1.71775768e-03            6.69915563e-03            2.59765295e-02            1.00955197e-01            3.84948027e-01            9.08319946e-01
            3.78540695e-02            1.43209016e+00            1.42845930e+00            1.71775075e-03            6.69912484e-03            2.59763547e-02            1.00953678e-01            3.84929780e-01            9.08182614e-01
            3.80048066e-02            1.43192690e+00            1.42830139e+00            1.71774379e-03            6.69909393e-03            2.59761792e-02            1.00952153e-01            3.84911462e-01            9.08044757e-01
            3.81561439e-02            1.43176302e+00            1.42814287e+00            1.71773680e-03            6.69906290e-03            2.59760030e-02            1.00950622e-01            3.84893071e-01            9.07906372e-01
            3.83080839e-02            1.43159851e+00            1.42798374e+00            1.71772978e-03            6.69903174e-03            2.59758261e-02            1.00949085e-01            3.84874608e-01            9.07767457e-01
            3.84606289e-02            1.43143337e+00            1.42782400e+00            1.71772273e-03            6.69900046e-03            2.59756485e-02            1.00947542e-01            3.84856073e-01            9.07628010e-01
            3.86137813e-02            1.43126760e+00            1.42766364e+00            1.71771566e-03            6.69896905e-03            2.59754702e-02            1.00945992e-01            3.84837464e-01            9.07488029e-01
            3.87675436e-02            1.43110119e+00            1.42750267e+00            1.71770856e-03            6.69893752e-03            2.59752912e-02            1.00944437e-01            3.84818783e-01            9.07347513e-01
            3.89219182e-02            1.43093414e+00            1.42734108e+00            1.71770143e-03            6.69890586e-03            2.59751115e-02            1.00942875e-01            3.84800027e-01            9.07206459e-01
            3.90769075e-02            1.43076646e+00            1.42717887e+00            1.71769427e-03            6.69887408e-03            2.59749311e-02            1.00941307e-01            3.84781199e-01            9.07064865e-01
            3.92325140e-02            1.43059813e+00            1.42701604e+00            1.71768708e-03            6.69884217e-03            2.59747499e-02            1.00939733e-01            3.84762296e-01            9.06922730e-01
            3.93887401e-02            1.43042916e+00            1.42685258e+00            1.71767987e-03            6.69881013e-03            2.59745680e-02            1.00938153e-01            3.84743318e-01            9.06780051e-01
            3.95455883e-02            1.43025955e+00            1.42668850e+00            1.71767262e-03            6.69877797e-03            2.59743854e-02            1.00936566e-01            3.84724267e-01            9.06636827e-01
            3.97030611e-02            1.43008928e+00            1.42652378e+00            1.71766535e-03            6.69874568e-03            2.59742021e-02            1.00934973e-01            3.84705140e-01            9.06493055e-01
            3.98611610e-02            1.42991836e+00            1.42635844e+00            1.71765805e-03            6.69871326e-03            2.59740181e-02            1.00933374e-01            3.84685938e-01            9.06348734e-01
            4.00198904e-02            1.42974679e+00            1.42619245e+00            1.71765072e-03            6.69868071e-03            2.59738333e-02            1.00931769e-01            3.84666660e-01            9.06203861e-01
            4.01792519e-02            1.42957457e+00            1.42602584e+00            1.71764336e-03            6.69864803e-03            2.59736478e-02            1.00930157e-01            3.84647307e-01            9.06058434e-01
            4.03392480e-02            1.42940168e+00            1.42585858e+00            1.71763597e-03            6.69861522e-03            2.59734615e-02            1.00928539e-01            3.84627878e-01            9.05912452e-01
            4.04998812e-02            1.42922814e+00            1.42569068e+00            1.71762855e-03            6.69858228e-03            2.59732745e-02            1.00926914e-01            3.84608372e-01            9.05765912e-01
            4.06611540e-02            1.42905393e+00            1.42552214e+00            1.71762110e-03            6.69854921e-03            2.59730868e-02            1.00925283e-01            3.84588789e-01            9.05618812e-01
            4.08230691e-02            1.42887906e+00            1.42535295e+00            1.71761362e-03            6.69851601e-03            2.59728983e-02            1.00923645e-01            3.84569130e-01            9.05471151e-01
            4.09856289e-02            1.42870352e+00            1.42518312e+00            1.71760612e-03            6.69848268e-03            2.59727091e-02            1.00922001e-01            3.84549393e-01            9.05322926e-01
            4.11488360e-02            1.42852730e+00            1.42501263e+00            1.71759858e-03            6.69844921e-03            2.59725191e-02            1.00920350e-01            3.84529579e-01            9.05174135e-01
            4.13126930e-02            1.42835042e+00            1.42484149e+00            1.71759101e-03            6.69841561e-03            2.59723283e-02            1.00918693e-01            3.84509687e-01            9.05024776e-01
            4.14772025e-02            1.42817286e+00            1.42466970e+00            1.71758341e-03            6.69838188e-03            2.59721368e-02            1.00917029e-01            3.84489717e-01            9.04874847e-01
            4.16423671e-02            1.42799462e+00            1.42449724e+00            1.71757579e-03            6.69834802e-03            2.59719446e-02            1.00915359e-01            3.84469668e-01            9.04724346e-01
            4.18081894e-02            1.42781570e+00            1.42432413e+00            1.71756813e-03            6.69831401e-03            2.59717515e-02            1.00913682e-01            3.84449540e-01            9.04573271e-01
            4.19746720e-02            1.42763610e+00            1.42415035e+00            1.71756044e-03            6.69827988e-03            2.59715578e-02            1.00911998e-01            3.84429334e-01            9.04421620e-01
            4.21418176e-02            1.42745581e+00            1.42397591e+00            1.71755272e-03            6.69824560e-03            2.59713632e-02            1.00910308e-01            3.84409048e-01            9.04269391e-01
            4.23096287e-02            1.42727484e+00            1.42380080e+00            1.71754497e-03            6.69821120e-03            2.59711679e-02            1.00908611e-01            3.84388682e-01            9.04116581e-01
            4.24781081e-02            1.42709317e+00            1.42362502e+00            1.71753719e-03            6.69817665e-03            2.59709717e-02            1.00906907e-01            3.84368236e-01            9.03963188e-01
            4.26472583e-02            1.42691082e+00            1.42344856e+00            1.71752938e-03            6.69814197e-03            2.59707749e-02            1.00905197e-01            3.84347710e-01            9.03809211e-01
            4.28170822e-02            1.42672776e+00            1.42327144e+00            1.71752154e-03            6.69810715e-03            2.59705772e-02            1.00903480e-01            3.84327103e-01            9.03654647e-01
            4.29875822e-02            1.42654401e+00            1.42309363e+00            1.71751366e-03            6.69807219e-03            2.59703787e-02            1.00901755e-01            3.84306416e-01            9.03499495e-01
            4.31587612e-02            1.42635956e+00            1.42291514e+00            1.71750576e-03            6.69803709e-03            2.59701795e-02            1.00900025e-01            3.84285647e-01            9.03343751e-01
            4.33306219e-02            1.42617441e+00            1.42273598e+00            1.71749782e-03            6.69800185e-03            2.59699794e-02            1.00898287e-01            3.84264796e-01            9.03187414e-01
            4.35031669e-02            1.42598855e+00            1.42255612e+00            1.71748985e-03            6.69796647e-03            2.59697786e-02            1.00896542e-01            3.84243864e-01            9.03030482e-01
            4.36763990e-02            1.42580198e+00            1.42237558e+00            1.71748185e-03            6.69793095e-03            2.59695770e-02            1.00894791e-01            3.84222849e-01            9.02872952e-01
            4.38503210e-02            1.42561470e+00            1.42219435e+00            1.71747382e-03            6.69789529e-03            2.59693745e-02            1.00893032e-01            3.84201752e-01            9.02714823e-01
            4.40249354e-02            1.42542671e+00            1.42201243e+00            1.71746576e-03            6.69785949e-03            2.59691713e-02            1.00891266e-01            3.84180572e-01            9.02556092e-01
            4.42002453e-02            1.42523801e+00            1.42182981e+00            1.71745766e-03            6.69782355e-03            2.59689672e-02            1.00889494e-01            3.84159309e-01            9.02396756e-01
            4.43762532e-02            1.42504858e+00            1.42164649e+00            1.71744953e-03            6.69778746e-03            2.59687624e-02            1.00887714e-01            3.84137962e-01            9.02236815e-01
            4.45529620e-02            1.42485844e+00            1.42146247e+00            1.71744137e-03            6.69775123e-03            2.59685567e-02            1.00885928e-01            3.84116532e-01            9.02076265e-01
            4.47303744e-02            1.42466757e+00            1.42127775e+00            1.71743318e-03            6.69771485e-03            2.59683502e-02            1.00884134e-01            3.84095017e-01            9.01915105e-01
            4.49084933e-02            1.42447597e+00            1.42109233e+00            1.71742495e-03            6.69767834e-03            2.59681429e-02            1.00882333e-01            3.84073418e-01            9.01753332e-01
            4.50873215e-02            1.42428365e+00            1.42090620e+00            1.71741670e-03            6.69764167e-03            2.59679348e-02            1.00880526e-01            3.84051734e-01            9.01590944e-01
            4.52668618e-02            1.42409059e+00            1.42071935e+00            1.71740841e-03            6.69760486e-03            2.59677258e-02            1.00878710e-01            3.84029965e-01            9.01427939e-01
            4.54471170e-02            1.42389680e+00            1.42053180e+00            1.71740008e-03            6.69756790e-03            2.59675160e-02            1.00876888e-01            3.84008111e-01            9.01264314e-01
            4.56280901e-02            1.42370227e+00            1.42034352e+00            1.71739172e-03            6.69753080e-03            2.59673054e-02            1.00875059e-01            3.83986171e-01            9.01100067e-01
            4.58097837e-02            1.42350701e+00            1.42015453e+00            1.71738333e-03            6.69749355e-03            2.59670939e-02            1.00873222e-01            3.83964145e-01            9.00935197e-01
            4.59922009e-02            1.42331100e+00            1.41996482e+00            1.71737491e-03            6.69745615e-03            2.59668816e-02            1.00871378e-01            3.83942032e-01            9.00769700e-01
            4.61753445e-02            1.42311425e+00            1.41977439e+00            1.71736645e-03            6.69741860e-03            2.59666685e-02            1.00869527e-01            3.83919832e-01            9.00603575e-01
            4.63592174e-02            1.42291675e+00            1.41958323e+00            1.71735796e-03            6.69738090e-03            2.59664545e-02            1.00867668e-01            3.83897546e-01            9.00436820e-01
            4.65438224e-02            1.42271850e+00            1.41939134e+00            1.71734944e-03            6.69734306e-03            2.59662397e-02            1.00865802e-01            3.83875172e-01            9.00269431e-01
            4.67291626e-02            1.42251949e+00            1.41919872e+00            1.71734088e-03            6.69730506e-03            2.59660240e-02            1.00863928e-01            3.83852710e-01            9.00101407e-01
            4.69152408e-02            1.42231973e+00            1.41900536e+00            1.71733229e-03            6.69726691e-03            2.59658074e-02            1.00862047e-01            3.83830160e-01            8.99932746e-01
            4.71020600e-02            1.42211922e+00            1.41881127e+00            1.71732366e-03            6.69722861e-03            2.59655900e-02            1.00860159e-01            3.83807522e-01            8.99763444e-01
            4.72896231e-02            1.42191794e+00            1.41861644e+00            1.71731500e-03            6.69719016e-03            2.59653717e-02            1.00858263e-01            3.83784795e-01            8.99593501e-01
            4.74779331e-02            1.42171590e+00            1.41842086e+00            1.71730631e-03            6.69715155e-03            2.59651526e-02            1.00856360e-01            3.83761978e-01            8.99422913e-01
            4.76669929e-02            1.42151309e+00            1.41822454e+00            1.71729758e-03            6.69711279e-03            2.59649326e-02            1.00854449e-01            3.83739072e-01            8.99251679e-01
            4.78568056e-02            1.42130951e+00            1.41802748e+00            1.71728881e-03            6.69707388e-03            2.59647117e-02            1.00852531e-01            3.83716077e-01            8.99079795e-01
            4.80473742e-02            1.42110516e+00            1.41782966e+00            1.71728001e-03            6.69703481e-03            2.59644899e-02            1.00850605e-01            3.83692991e-01            8.98907260e-01
            4.82387016e-02            1.42090004e+00            1.41763109e+00            1.71727118e-03            6.69699559e-03            2.59642672e-02            1.00848671e-01            3.83669814e-01            8.98734071e-01
            4.84307908e-02            1.42069414e+00            1.41743177e+00            1.71726231e-03            6.69695621e-03            2.59640437e-02            1.00846730e-01            3.83646547e-01            8.98560226e-01
            4.86236450e-02            1.42048745e+00            1.41723168e+00            1.71725340e-03            6.69691667e-03            2.59638193e-02            1.00844781e-01            3.83623189e-01            8.98385723e-01
            4.88172672e-02            1.42027999e+00            1.41703084e+00            1.71724446e-03            6.69687698e-03            2.59635940e-02            1.00842824e-01            3.83599739e-01            8.98210559e-01
            4.90116603e-02            1.42007174e+00            1.41682923e+00            1.71723549e-03            6.69683713e-03            2.59633678e-02            1.00840859e-01            3.83576197e-01            8.98034731e-01
            4.92068276e-02            1.41986270e+00            1.41662685e+00            1.71722647e-03            6.69679712e-03            2.59631407e-02            1.00838887e-01            3.83552562e-01            8.97858239e-01
            4.94027720e-02            1.41965286e+00            1.41642371e+00            1.71721743e-03            6.69675695e-03            2.59629126e-02            1.00836907e-01            3.83528835e-01            8.97681078e-01
            4.95994966e-02            1.41944224e+00            1.41621979e+00            1.71720834e-03            6.69671662e-03            2.59626837e-02            1.00834919e-01            3.83505015e-01            8.97503247e-01
            4.97970047e-02            1.41923082e+00            1.41601510e+00            1.71719922e-03            6.69667613e-03            2.59624539e-02            1.00832923e-01            3.83481102e-01            8.97324743e-01
            4.99952992e-02            1.41901859e+00            1.41580963e+00            1.71719007e-03            6.69663548e-03            2.59622232e-02            1.00830920e-01            3.83457095e-01            8.97145565e-01
            5.01943833e-02            1.41880556e+00            1.41560338e+00            1.71718088e-03            6.69659467e-03            2.59619915e-02            1.00828908e-01            3.83432994e-01            8.96965708e-01
            5.03942603e-02            1.41859173e+00            1.41539634e+00            1.71717165e-03            6.69655370e-03            2.59617589e-02            1.00826888e-01            3.83408798e-01            8.96785172e-01
            5.05949331e-02            1.41837709e+00            1.41518852e+00            1.71716238e-03            6.69651256e-03            2.59615254e-02            1.00824861e-01            3.83384508e-01            8.96603953e-01
            5.07964050e-02            1.41816164e+00            1.41497991e+00            1.71715308e-03            6.69647126e-03            2.59612910e-02            1.00822825e-01            3.83360122e-01            8.96422050e-01
            5.09986792e-02            1.41794537e+00            1.41477051e+00            1.71714374e-03            6.69642979e-03            2.59610556e-02            1.00820781e-01            3.83335641e-01            8.96239460e-01
            5.12017589e-02            1.41772829e+00            1.41456031e+00            1.71713436e-03            6.69638817e-03            2.59608193e-02            1.00818729e-01            3.83311064e-01            8.96056179e-01
            5.14056472e-02            1.41751038e+00            1.41434932e+00            1.71712495e-03            6.69634637e-03            2.59605821e-02            1.00816669e-01            3.83286391e-01            8.95872207e-01
            5.16103474e-02            1.41729165e+00            1.41413753e+00            1.71711550e-03            6.69630441e-03            2.59603439e-02            1.00814601e-01            3.83261621e-01            8.95687540e-01
            5.18158628e-02            1.41707210e+00            1.41392493e+00            1.71710601e-03            6.69626228e-03            2.59601048e-02            1.00812525e-01            3.83236754e-01            8.95502176e-01
            5.20221965e-02            1.41685171e+00            1.41371152e+00            1.71709648e-03            6.69621999e-03            2.59598647e-02            1.00810440e-01            3.83211789e-01            8.95316112e-01
            5.22293519e-02            1.41663050e+00            1.41349731e+00            1.71708692e-03            6.69617752e-03            2.59596237e-02            1.00808348e-01            3.83186727e-01            8.95129347e-01
            5.24373322e-02            1.41640845e+00            1.41328228e+00            1.71707732e-03            6.69613489e-03            2.59593817e-02            1.00806246e-01            3.83161567e-01            8.94941877e-01
            5.26461406e-02            1.41618556e+00            1.41306644e+00            1.71706768e-03            6.69609209e-03            2.59591388e-02            1.00804137e-01            3.83136308e-01            8.94753700e-01
            5.28557806e-02            1.41596183e+00            1.41284978e+00            1.71705800e-03            6.69604912e-03            2.59588949e-02            1.00802019e-01            3.83110950e-01            8.94564813e-01
            5.30662553e-02            1.41573725e+00            1.41263230e+00            1.71704828e-03            6.69600598e-03            2.59586500e-02            1.00799893e-01            3.83085493e-01            8.94375214e-01
            5.32775682e-02            1.41551183e+00            1.41241400e+00            1.71703853e-03            6.69596266e-03            2.59584041e-02            1.00797759e-01            3.83059937e-01            8.94184901e-01
            5.34897225e-02            1.41528556e+00            1.41219487e+00            1.71702873e-03            6.69591918e-03            2.59581573e-02            1.00795616e-01            3.83034280e-01            8.93993871e-01
            5.37027217e-02            1.41505843e+00            1.41197491e+00            1.71701890e-03            6.69587552e-03            2.59579095e-02            1.00793464e-01            3.83008523e-01            8.93802121e-01
            5.39165690e-02            1.41483045e+00            1.41175412e+00            1.71700902e-03            6.69583168e-03            2.59576607e-02            1.00791304e-01            3.82982665e-01            8.93609648e-01
            5.41312679e-02            1.41460161e+00            1.41153249e+00            1.71699911e-03            6.69578768e-03            2.59574109e-02            1.00789135e-01            3.82956705e-01            8.93416451e-01
            5.43468217e-02            1.41437191e+00            1.41131002e+00            1.71698916e-03            6.69574350e-03            2.59571602e-02            1.00786958e-01            3.82930645e-01            8.93222527e-01
            5.45632338e-02            1.41414135e+00            1.41108671e+00            1.71697917e-03            6.69569914e-03            2.59569084e-02            1.00784772e-01            3.82904482e-01            8.93027873e-01
            5.47805078e-02            1.41390991e+00            1.41086256e+00            1.71696914e-03            6.69565460e-03            2.59566556e-02            1.00782578e-01            3.82878216e-01            8.92832487e-01
            5.49986469e-02            1.41367760e+00            1.41063756e+00            1.71695907e-03            6.69560989e-03            2.59564018e-02            1.00780375e-01            3.82851848e-01            8.92636365e-01
            5.52176547e-02            1.41344442e+00            1.41041171e+00            1.71694896e-03            6.69556500e-03            2.59561471e-02            1.00778163e-01            3.82825377e-01            8.92439506e-01
            5.54375345e-02            1.41321037e+00            1.41018500e+00            1.71693881e-03            6.69551994e-03            2.59558913e-02            1.00775942e-01            3.82798803e-01            8.92241906e-01
            5.56582900e-02            1.41297543e+00            1.40995744e+00            1.71692862e-03            6.69547469e-03            2.59556345e-02            1.00773713e-01            3.82772124e-01            8.92043564e-01
            5.58799245e-02            1.41273960e+00            1.40972902e+00            1.71691838e-03            6.69542927e-03            2.59553766e-02            1.00771475e-01            3.82745341e-01            8.91844476e-01
            5.61024415e-02            1.41250289e+00            1.40949973e+00            1.71690811e-03            6.69538366e-03            2.59551178e-02            1.00769227e-01            3.82718453e-01            8.91644640e-01
            5.63258447e-02            1.41226529e+00            1.40926958e+00            1.71689780e-03            6.69533787e-03            2.59548579e-02            1.00766971e-01            3.82691460e-01            8.91444054e-01
            5.65501374e-02            1.41202680e+00            1.40903856e+00            1.71688744e-03            6.69529190e-03            2.59545970e-02            1.00764706e-01            3.82664361e-01            8.91242714e-01
            5.67753233e-02            1.41178741e+00            1.40880667e+00            1.71687705e-03            6.69524575e-03            2.59543350e-02            1.00762433e-01            3.82637157e-01            8.91040618e-01
            5.70014059e-02            1.41154712e+00            1.40857390e+00            1.71686661e-03            6.69519941e-03            2.59540720e-02            1.00760150e-01            3.82609846e-01            8.90837764e-01
            5.72283887e-02            1.41130593e+00            1.40834025e+00            1.71685613e-03            6.69515289e-03            2.59538080e-02            1.00757858e-01            3.82582428e-01            8.90634148e-01
            5.74562755e-02            1.41106384e+00            1.40810572e+00            1.71684561e-03            6.69510619e-03            2.59535429e-02            1.00755557e-01            3.82554903e-01            8.90429768e-01
            5.76850696e-02            1.41082083e+00            1.40787031e+00            1.71683505e-03            6.69505930e-03            2.59532768e-02            1.00753246e-01            3.82527271e-01            8.90224621e-01
            5.79147749e-02            1.41057691e+00            1.40763401e+00            1.71682445e-03            6.69501222e-03            2.59530096e-02            1.00750927e-01            3.82499530e-01            8.90018705e-01
            5.81453949e-02            1.41033208e+00            1.40739682e+00            1.71681380e-03            6.69496495e-03            2.59527413e-02            1.00748599e-01            3.82471681e-01            8.89812017e-01
            5.83769332e-02            1.41008633e+00            1.40715873e+00            1.71680311e-03            6.69491750e-03            2.59524720e-02            1.00746261e-01            3.82443723e-01            8.89604555e-01
            5.86093934e-02            1.40983966e+00            1.40691975e+00            1.71679238e-03            6.69486986e-03            2.59522016e-02            1.00743914e-01            3.82415656e-01            8.89396315e-01
            5.88427794e-02            1.40959206e+00            1.40667987e+00            1.71678161e-03            6.69482203e-03            2.59519301e-02            1.00741558e-01            3.82387479e-01            8.89187294e-01
            5.90770947e-02            1.40934353e+00            1.40643908e+00            1.71677079e-03            6.69477401e-03            2.59516576e-02            1.00739192e-01            3.82359192e-01            8.88977491e-01
            5.93123431e-02            1.40909407e+00            1.40619738e+00            1.71675993e-03            6.69472580e-03            2.59513840e-02            1.00736817e-01            3.82330795e-01            8.88766902e-01
            5.95485283e-02            1.40884368e+00            1.40595478e+00            1.71674903e-03            6.69467739e-03            2.59511093e-02            1.00734433e-01            3.82302286e-01            8.88555525e-01
            5.97856539e-02            1.40859235e+00            1.40571126e+00            1.71673809e-03            6.69462880e-03            2.59508335e-02            1.00732039e-01            3.82273667e-01            8.88343356e-01
            6.00237238e-02            1.40834008e+00            1.40546683e+00            1.71672710e-03            6.69458001e-03            2.59505566e-02            1.00729636e-01            3.82244935e-01            8.88130394e-01
            6.02627417e-02            1.40808686e+00            1.40522147e+00            1.71671606e-03            6.69453103e-03            2.59502786e-02            1.00727223e-01            3.82216091e-01            8.87916635e-01
            6.05027114e-02            1.40783270e+00            1.40497520e+00            1.71670499e-03            6.69448185e-03            2.59499995e-02            1.00724801e-01            3.82187135e-01            8.87702076e-01
            6.07436367e-02            1.40757758e+00            1.40472800e+00            1.71669387e-03            6.69443248e-03            2.59497193e-02            1.00722369e-01            3.82158065e-01            8.87486716e-01
            6.09855213e-02            1.40732151e+00            1.40447986e+00            1.71668270e-03            6.69438291e-03            2.59494379e-02            1.00719927e-01            3.82128882e-01            8.87270550e-01
            6.12283692e-02            1.40706448e+00            1.40423080e+00            1.71667149e-03            6.69433314e-03            2.59491555e-02            1.00717476e-01            3.82099585e-01            8.87053576e-01
            6.14721840e-02            1.40680649e+00            1.40398080e+00            1.71666024e-03            6.69428318e-03            2.59488719e-02            1.00715015e-01            3.82070173e-01            8.86835792e-01
            6.17169698e-02            1.40654754e+00            1.40372986e+00            1.71664894e-03            6.69423302e-03            2.59485872e-02            1.00712545e-01            3.82040647e-01            8.86617195e-01
            6.19627303e-02            1.40628762e+00            1.40347797e+00            1.71663759e-03            6.69418266e-03            2.59483014e-02            1.00710064e-01            3.82011005e-01            8.86397781e-01
            6.22094694e-02            1.40602673e+00            1.40322514e+00            1.71662621e-03            6.69413209e-03            2.59480145e-02            1.00707574e-01            3.81981248e-01            8.86177548e-01
            6.24571911e-02            1.40576486e+00            1.40297136e+00            1.71661477e-03            6.69408133e-03            2.59477264e-02            1.00705074e-01            3.81951374e-01            8.85956493e-01
            6.27058992e-02            1.40550201e+00            1.40271663e+00            1.71660329e-03            6.69403037e-03            2.59474371e-02            1.00702564e-01            3.81921384e-01            8.85734613e-01
            6.29555977e-02            1.40523819e+00            1.40246094e+00            1.71659177e-03            6.69397920e-03            2.59471467e-02            1.00700044e-01            3.81891277e-01            8.85511906e-01
            6.32062905e-02            1.40497337e+00            1.40220430e+00            1.71658020e-03            6.69392783e-03            2.59468552e-02            1.00697514e-01            3.81861052e-01            8.85288368e-01
            6.34579816e-02            1.40470757e+00            1.40194669e+00            1.71656858e-03            6.69387626e-03            2.59465625e-02            1.00694975e-01            3.81830709e-01            8.85063997e-01
            6.37106749e-02            1.40444078e+00            1.40168811e+00            1.71655692e-03            6.69382448e-03            2.59462687e-02            1.00692425e-01            3.81800248e-01            8.84838789e-01
            6.39643745e-02            1.40417300e+00            1.40142857e+00            1.71654521e-03            6.69377249e-03            2.59459736e-02            1.00689865e-01            3.81769668e-01            8.84612743e-01
            6.42190843e-02            1.40390421e+00            1.40116805e+00            1.71653345e-03            6.69372030e-03            2.59456774e-02            1.00687294e-01            3.81738969e-01            8.84385854e-01
            6.44748083e-02            1.40363442e+00            1.40090655e+00            1.71652165e-03            6.69366790e-03            2.59453801e-02            1.00684714e-01            3.81708150e-01            8.84158121e-01
            6.47315507e-02            1.40336363e+00            1.40064408e+00            1.71650980e-03            6.69361529e-03            2.59450815e-02            1.00682124e-01            3.81677211e-01            8.83929539e-01
            6.49893155e-02            1.40309183e+00            1.40038062e+00            1.71649790e-03            6.69356248e-03            2.59447818e-02            1.00679523e-01            3.81646151e-01            8.83700107e-01
            6.52481067e-02            1.40281902e+00            1.40011618e+00            1.71648596e-03            6.69350945e-03            2.59444808e-02            1.00676912e-01            3.81614970e-01            8.83469821e-01
            6.55079284e-02            1.40254519e+00            1.39985075e+00            1.71647396e-03            6.69345621e-03            2.59441787e-02            1.00674290e-01            3.81583667e-01            8.83238679e-01
            6.57687847e-02            1.40227034e+00            1.39958432e+00            1.71646193e-03            6.69340276e-03            2.59438754e-02            1.00671659e-01            3.81552243e-01            8.83006676e-01
            6.60306797e-02            1.40199446e+00            1.39931689e+00            1.71644984e-03            6.69334910e-03            2.59435709e-02            1.00669017e-01            3.81520696e-01            8.82773812e-01
            6.62936177e-02            1.40171757e+00            1.39904847e+00            1.71643770e-03            6.69329523e-03            2.59432651e-02            1.00666364e-01            3.81489025e-01            8.82540082e-01
            6.65576027e-02            1.40143964e+00            1.39877904e+00            1.71642552e-03            6.69324114e-03            2.59429582e-02            1.00663701e-01            3.81457232e-01            8.82305483e-01
            6.68226389e-02            1.40116067e+00            1.39850860e+00            1.71641329e-03            6.69318683e-03            2.59426500e-02            1.00661027e-01            3.81425314e-01            8.82070013e-01
            6.70887305e-02            1.40088068e+00            1.39823716e+00            1.71640101e-03            6.69313232e-03            2.59423406e-02            1.00658343e-01            3.81393272e-01            8.81833668e-01
            6.73558816e-02            1.40059964e+00            1.39796470e+00            1.71638868e-03            6.69307758e-03            2.59420300e-02            1.00655648e-01            3.81361105e-01            8.81596446e-01
            6.76240966e-02            1.40031755e+00            1.39769122e+00            1.71637630e-03            6.69302263e-03            2.59417181e-02            1.00652943e-01            3.81328813e-01            8.81358344e-01
            6.78933796e-02            1.40003442e+00            1.39741672e+00            1.71636387e-03            6.69296745e-03            2.59414050e-02            1.00650226e-01            3.81296395e-01            8.81119358e-01
            6.81637350e-02            1.39975024e+00            1.39714119e+00            1.71635140e-03            6.69291206e-03            2.59410907e-02            1.00647499e-01            3.81263850e-01            8.80879486e-01
            6.84351669e-02            1.39946500e+00            1.39686464e+00            1.71633887e-03            6.69285645e-03            2.59407751e-02            1.00644762e-01            3.81231179e-01            8.80638724e-01
            6.87076796e-02            1.39917870e+00            1.39658705e+00            1.71632629e-03            6.69280062e-03            2.59404583e-02            1.00642013e-01            3.81198380e-01            8.80397070e-01
            6.89812775e-02            1.39889134e+00            1.39630843e+00            1.71631367e-03            6.69274457e-03            2.59401402e-02            1.00639254e-01            3.81165454e-01            8.80154520e-01
            6.92559649e-02            1.39860292e+00            1.39602876e+00            1.71630099e-03            6.69268829e-03            2.59398208e-02            1.00636483e-01            3.81132400e-01            8.79911071e-01
            6.95317462e-02            1.39831342e+00            1.39574806e+00            1.71628826e-03            6.69263179e-03            2.59395002e-02            1.00633702e-01            3.81099216e-01            8.79666721e-01
            6.98086256e-02            1.39802286e+00            1.39546631e+00            1.71627549e-03            6.69257506e-03            2.59391783e-02            1.00630910e-01            3.81065904e-01            8.79421466e-01
            7.00866075e-02            1.39773121e+00            1.39518351e+00            1.71626266e-03            6.69251811e-03            2.59388551e-02            1.00628107e-01            3.81032461e-01            8.79175303e-01
            7.03656964e-02            1.39743849e+00            1.39489965e+00            1.71624978e-03            6.69246094e-03            2.59385307e-02            1.00625292e-01            3.80998889e-01            8.78928229e-01
            7.06458966e-02            1.39714468e+00            1.39461474e+00            1.71623685e-03            6.69240353e-03            2.59382049e-02            1.00622467e-01            3.80965186e-01            8.78680242e-01
            7.09272126e-02            1.39684978e+00            1.39432877e+00            1.71622387e-03            6.69234590e-03            2.59378779e-02            1.00619630e-01            3.80931351e-01            8.78431337e-01
            7.12096489e-02            1.39655379e+00            1.39404173e+00            1.71621083e-03            6.69228804e-03            2.59375496e-02            1.00616782e-01            3.80897385e-01            8.78181512e-01
            7.14932098e-02            1.39625671e+00            1.39375362e+00            1.71619775e-03            6.69222995e-03            2.59372199e-02            1.00613923e-01            3.80863287e-01            8.77930763e-01
            7.17778998e-02            1.39595853e+00            1.39346444e+00            1.71618461e-03            6.69217163e-03            2.59368890e-02            1.00611052e-01            3.80829056e-01            8.77679089e-01
            7.20637235e-02            1.39565924e+00            1.39317419e+00            1.71617142e-03            6.69211307e-03            2.59365567e-02            1.00608171e-01            3.80794692e-01            8.77426484e-01
            7.23506854e-02            1.39535885e+00            1.39288285e+00            1.71615818e-03            6.69205429e-03            2.59362231e-02            1.00605277e-01            3.80760194e-01            8.77172947e-01
            7.26387900e-02            1.39505735e+00            1.39259044e+00            1.71614489e-03            6.69199527e-03            2.59358882e-02            1.00602373e-01            3.80725562e-01            8.76918474e-01
            7.29280418e-02            1.39475473e+00            1.39229693e+00            1.71613154e-03            6.69193601e-03            2.59355520e-02            1.00599457e-01            3.80690795e-01            8.76663061e-01
            7.32184455e-02            1.39445100e+00            1.39200234e+00            1.71611814e-03            6.69187652e-03            2.59352144e-02            1.00596529e-01            3.80655893e-01            8.76406707e-01
            7.35100055e-02            1.39414614e+00            1.39170665e+00            1.71610468e-03            6.69181680e-03            2.59348755e-02            1.00593590e-01            3.80620855e-01            8.76149407e-01
            7.38027266e-02            1.39384016e+00            1.39140986e+00            1.71609118e-03            6.69175684e-03            2.59345353e-02            1.00590639e-01            3.80585681e-01            8.75891159e-01
            7.40966132e-02            1.39353305e+00            1.39111197e+00            1.71607762e-03            6.69169663e-03            2.59341937e-02            1.00587676e-01            3.80550370e-01            8.75631959e-01
            7.43916702e-02            1.39322481e+00            1.39081298e+00            1.71606400e-03            6.69163619e-03            2.59338507e-02            1.00584702e-01            3.80514921e-01            8.75371803e-01
            7.46879021e-02            1.39291543e+00            1.39051287e+00            1.71605033e-03            6.69157551e-03            2.59335064e-02            1.00581716e-01            3.80479335e-01            8.75110690e-01
            7.49853136e-02            1.39260491e+00            1.39021166e+00            1.71603661e-03            6.69151459e-03            2.59331607e-02            1.00578718e-01            3.80443611e-01            8.74848615e-01
            7.52839094e-02            1.39229324e+00            1.38990932e+00            1.71602283e-03            6.69145343e-03            2.59328136e-02            1.00575709e-01            3.80407747e-01            8.74585576e-01
            7.55836943e-02            1.39198043e+00            1.38960587e+00            1.71600900e-03            6.69139202e-03            2.59324652e-02            1.00572687e-01            3.80371744e-01            8.74321568e-01
            7.58846729e-02            1.39166647e+00            1.38930129e+00            1.71599511e-03            6.69133037e-03            2.59321154e-02            1.00569654e-01            3.80335602e-01            8.74056590e-01
            7.61868500e-02            1.39135134e+00            1.38899558e+00            1.71598117e-03            6.69126847e-03            2.59317642e-02            1.00566608e-01            3.80299318e-01            8.73790637e-01
            7.64902304e-02            1.39103506e+00            1.38868874e+00            1.71596717e-03            6.69120633e-03            2.59314116e-02            1.00563551e-01            3.80262894e-01            8.73523707e-01
            7.67948189e-02            1.39071762e+00            1.38838076e+00            1.71595312e-03            6.69114394e-03            2.59310576e-02            1.00560481e-01            3.80226328e-01            8.73255795e-01
            7.71006202e-02            1.39039901e+00            1.38807164e+00            1.71593901e-03            6.69108131e-03            2.59307022e-02            1.00557399e-01            3.80189621e-01            8.72986900e-01
            7.74076393e-02            1.39007922e+00            1.38776138e+00            1.71592484e-03            6.69101842e-03            2.59303453e-02            1.00554305e-01            3.80152770e-01            8.72717017e-01
            7.77158810e-02            1.38975826e+00            1.38744997e+00            1.71591062e-03            6.69095529e-03            2.59299871e-02            1.00551199e-01            3.80115777e-01            8.72446143e-01
            7.80253501e-02            1.38943612e+00            1.38713741e+00            1.71589635e-03            6.69089190e-03            2.59296275e-02            1.00548081e-01            3.80078639e-01            8.72174275e-01
            7.83360515e-02            1.38911280e+00            1.38682369e+00            1.71588201e-03            6.69082826e-03            2.59292664e-02            1.00544950e-01            3.80041358e-01            8.71901410e-01
            7.86479901e-02            1.38878829e+00            1.38650882e+00            1.71586762e-03            6.69076437e-03            2.59289039e-02            1.00541807e-01            3.80003932e-01            8.71627544e-01
            7.89611709e-02            1.38846259e+00            1.38619278e+00            1.71585317e-03            6.69070023e-03            2.59285399e-02            1.00538652e-01            3.79966360e-01            8.71352674e-01
            7.92755989e-02            1.38813569e+00            1.38587557e+00            1.71583866e-03            6.69063583e-03            2.59281745e-02            1.00535484e-01            3.79928643e-01            8.71076797e-01
            7.95912788e-02            1.38780759e+00            1.38555719e+00            1.71582410e-03            6.69057118e-03            2.59278077e-02            1.00532303e-01            3.79890779e-01            8.70799909e-01
            7.99082159e-02            1.38747829e+00            1.38523764e+00            1.71580948e-03            6.69050626e-03            2.59274394e-02            1.00529110e-01            3.79852768e-01            8.70522007e-01
            8.02264150e-02            1.38714779e+00            1.38491691e+00            1.71579480e-03            6.69044110e-03            2.59270696e-02            1.00525905e-01            3.79814610e-01            8.70243088e-01
            8.05458811e-02            1.38681607e+00            1.38459499e+00            1.71578006e-03            6.69037567e-03            2.59266984e-02            1.00522686e-01            3.79776303e-01            8.69963147e-01
            8.08666195e-02            1.38648313e+00            1.38427189e+00            1.71576526e-03            6.69030998e-03            2.59263257e-02            1.00519455e-01            3.79737848e-01            8.69682183e-01
            8.11886350e-02            1.38614898e+00            1.38394759e+00            1.71575041e-03            6.69024403e-03            2.59259515e-02            1.00516212e-01            3.79699244e-01            8.69400191e-01
            8.15119328e-02            1.38581361e+00            1.38362210e+00            1.71573549e-03            6.69017782e-03            2.59255758e-02            1.00512955e-01            3.79660489e-01            8.69117169e-01
            8.18365180e-02            1.38547700e+00            1.38329541e+00            1.71572052e-03            6.69011134e-03            2.59251987e-02            1.00509685e-01            3.79621585e-01            8.68833112e-01
            8.21623957e-02            1.38513917e+00            1.38296752e+00            1.71570548e-03            6.69004461e-03            2.59248200e-02            1.00506403e-01            3.79582529e-01            8.68548017e-01
            8.24895710e-02            1.38480009e+00            1.38263842e+00            1.71569039e-03            6.68997760e-03            2.59244399e-02            1.00503108e-01            3.79543323e-01            8.68261881e-01
            8.28180492e-02            1.38445978e+00            1.38230811e+00            1.71567524e-03            6.68991033e-03            2.59240582e-02            1.00499799e-01            3.79503964e-01            8.67974700e-01
            8.31478354e-02            1.38411823e+00            1.38197658e+00            1.71566002e-03            6.68984280e-03            2.59236750e-02            1.00496478e-01            3.79464452e-01            8.67686472e-01
            8.34789349e-02            1.38377543e+00            1.38164383e+00            1.71564475e-03            6.68977499e-03            2.59232903e-02            1.00493144e-01            3.79424787e-01            8.67397192e-01
            8.38113528e-02            1.38343137e+00            1.38130986e+00            1.71562941e-03            6.68970692e-03            2.59229041e-02            1.00489796e-01            3.79384969e-01            8.67106857e-01
            8.41450944e-02            1.38308606e+00            1.38097466e+00            1.71561402e-03            6.68963857e-03            2.59225164e-02            1.00486435e-01            3.79344996e-01            8.66815463e-01
            8.44801650e-02            1.38273949e+00            1.38063823e+00            1.71559856e-03            6.68956996e-03            2.59221271e-02            1.00483061e-01            3.79304868e-01            8.66523008e-01
            8.48165699e-02            1.38239165e+00            1.38030057e+00            1.71558304e-03            6.68950107e-03            2.59217362e-02            1.00479673e-01            3.79264585e-01            8.66229488e-01
            8.51543143e-02            1.38204255e+00            1.37996166e+00            1.71556746e-03            6.68943191e-03            2.59213438e-02            1.00476272e-01            3.79224145e-01            8.65934899e-01
            8.54934037e-02            1.38169217e+00            1.37962151e+00            1.71555182e-03            6.68936247e-03            2.59209499e-02            1.00472858e-01            3.79183549e-01            8.65639237e-01
            8.58338433e-02            1.38134052e+00            1.37928011e+00            1.71553612e-03            6.68929276e-03            2.59205544e-02            1.00469430e-01            3.79142796e-01            8.65342500e-01
            8.61756386e-02            1.38098758e+00            1.37893746e+00            1.71552035e-03            6.68922277e-03            2.59201573e-02            1.00465989e-01            3.79101885e-01            8.65044683e-01
            8.65187949e-02            1.38063336e+00            1.37859355e+00            1.71550452e-03            6.68915250e-03            2.59197587e-02            1.00462534e-01            3.79060815e-01            8.64745784e-01
            8.68633177e-02            1.38027785e+00            1.37824838e+00            1.71548863e-03            6.68908195e-03            2.59193584e-02            1.00459066e-01            3.79019586e-01            8.64445798e-01
            8.72092124e-02            1.37992105e+00            1.37790194e+00            1.71547268e-03            6.68901113e-03            2.59189566e-02            1.00455583e-01            3.78978198e-01            8.64144722e-01
            8.75564845e-02            1.37956294e+00            1.37755424e+00            1.71545666e-03            6.68894002e-03            2.59185532e-02            1.00452087e-01            3.78936649e-01            8.63842553e-01
            8.79051394e-02            1.37920354e+00            1.37720526e+00            1.71544058e-03            6.68886863e-03            2.59181482e-02            1.00448578e-01            3.78894939e-01            8.63539287e-01
            8.82551827e-02            1.37884283e+00            1.37685501e+00            1.71542443e-03            6.68879696e-03            2.59177416e-02            1.00445054e-01            3.78853068e-01            8.63234921e-01
            8.86066199e-02            1.37848081e+00            1.37650347e+00            1.71540822e-03            6.68872500e-03            2.59173333e-02            1.00441517e-01            3.78811035e-01            8.62929450e-01
            8.89594566e-02            1.37811747e+00            1.37615064e+00            1.71539195e-03            6.68865275e-03            2.59169235e-02            1.00437965e-01            3.78768839e-01            8.62622872e-01
            8.93136982e-02            1.37775282e+00            1.37579653e+00            1.71537561e-03            6.68858022e-03            2.59165120e-02            1.00434400e-01            3.78726480e-01            8.62315182e-01
            8.96693505e-02            1.37738684e+00            1.37544112e+00            1.71535920e-03            6.68850740e-03            2.59160989e-02            1.00430820e-01            3.78683957e-01            8.62006378e-01
            9.00264190e-02            1.37701953e+00            1.37508441e+00            1.71534274e-03            6.68843429e-03            2.59156841e-02            1.00427226e-01            3.78641269e-01            8.61696455e-01
            9.03849093e-02            1.37665089e+00            1.37472640e+00            1.71532620e-03            6.68836090e-03            2.59152677e-02            1.00423618e-01            3.78598416e-01            8.61385410e-01
            9.07448272e-02            1.37628091e+00            1.37436708e+00            1.71530960e-03            6.68828721e-03            2.59148497e-02            1.00419996e-01            3.78555398e-01            8.61073240e-01
            9.11061783e-02            1.37590960e+00            1.37400645e+00            1.71529293e-03            6.68821322e-03            2.59144300e-02            1.00416360e-01            3.78512213e-01            8.60759940e-01
            9.14689684e-02            1.37553694e+00            1.37364450e+00            1.71527620e-03            6.68813895e-03            2.59140086e-02            1.00412709e-01            3.78468861e-01            8.60445507e-01
            9.18332030e-02            1.37516292e+00            1.37328123e+00            1.71525940e-03            6.68806438e-03            2.59135856e-02            1.00409044e-01            3.78425342e-01            8.60129938e-01
            9.21988881e-02            1.37478756e+00            1.37291664e+00            1.71524254e-03            6.68798951e-03            2.59131609e-02            1.00405364e-01            3.78381654e-01            8.59813229e-01
            9.25660294e-02            1.37441084e+00            1.37255072e+00            1.71522561e-03            6.68791434e-03            2.59127345e-02            1.00401670e-01            3.78337797e-01            8.59495376e-01
            9.29346326e-02            1.37403275e+00            1.37218346e+00            1.71520861e-03            6.68783888e-03            2.59123064e-02            1.00397961e-01            3.78293771e-01            8.59176375e-01
            9.33047036e-02            1.37365330e+00            1.37181487e+00            1.71519154e-03            6.68776312e-03            2.59118766e-02            1.00394238e-01            3.78249574e-01            8.58856223e-01
            9.36762483e-02            1.37327247e+00            1.37144493e+00            1.71517440e-03            6.68768705e-03            2.59114451e-02            1.00390500e-01            3.78205207e-01            8.58534916e-01
            9.40492725e-02            1.37289027e+00            1.37107365e+00            1.71515720e-03            6.68761069e-03            2.59110119e-02            1.00386747e-01            3.78160669e-01            8.58212451e-01
            9.44237821e-02            1.37250669e+00            1.37070101e+00            1.71513993e-03            6.68753402e-03            2.59105770e-02            1.00382980e-01            3.78115958e-01            8.57888824e-01
            9.47997830e-02            1.37212173e+00            1.37032702e+00            1.71512259e-03            6.68745704e-03            2.59101403e-02            1.00379197e-01            3.78071075e-01            8.57564030e-01
            9.51772812e-02            1.37173537e+00            1.36995167e+00            1.71510518e-03            6.68737977e-03            2.59097019e-02            1.00375400e-01            3.78026018e-01            8.57238067e-01
            9.55562826e-02            1.37134763e+00            1.36957496e+00            1.71508770e-03            6.68730218e-03            2.59092618e-02            1.00371588e-01            3.77980787e-01            8.56910931e-01
            9.59367932e-02            1.37095848e+00            1.36919687e+00            1.71507015e-03            6.68722429e-03            2.59088200e-02            1.00367760e-01            3.77935382e-01            8.56582617e-01
            9.63188190e-02            1.37056793e+00            1.36881742e+00            1.71505254e-03            6.68714608e-03            2.59083764e-02            1.00363918e-01            3.77889801e-01            8.56253123e-01
            9.67023660e-02            1.37017598e+00            1.36843658e+00            1.71503485e-03            6.68706757e-03            2.59079310e-02            1.00360060e-01            3.77844044e-01            8.55922444e-01
            9.70874404e-02            1.36978261e+00            1.36805436e+00            1.71501709e-03            6.68698874e-03            2.59074838e-02            1.00356187e-01            3.77798111e-01            8.55590577e-01
            9.74740482e-02            1.36938783e+00            1.36767076e+00            1.71499927e-03            6.68690961e-03            2.59070349e-02            1.00352299e-01            3.77752000e-01            8.55257517e-01
            9.78621954e-02            1.36899163e+00            1.36728576e+00            1.71498137e-03            6.68683015e-03            2.59065842e-02            1.00348396e-01            3.77705711e-01            8.54923262e-01
            9.82518883e-02            1.36859400e+00            1.36689937e+00            1.71496340e-03            6.68675038e-03            2.59061318e-02            1.00344477e-01            3.77659244e-01            8.54587807e-01
            9.86431329e-02            1.36819495e+00            1.36651158e+00            1.71494536e-03            6.68667030e-03            2.59056775e-02            1.00340543e-01            3.77612597e-01            8.54251149e-01
            9.90359355e-02            1.36779446e+00            1.36612239e+00            1.71492724e-03            6.68658990e-03            2.59052214e-02            1.00336593e-01            3.77565771e-01            8.53913284e-01
            9.94303023e-02            1.36739253e+00            1.36573178e+00            1.71490906e-03            6.68650918e-03            2.59047636e-02            1.00332628e-01            3.77518764e-01            8.53574208e-01
            9.98262395e-02            1.36698916e+00            1.36533976e+00            1.71489080e-03            6.68642813e-03            2.59043039e-02            1.00328647e-01            3.77471575e-01            8.53233917e-01
            1.00223753e-01            1.36658434e+00            1.36494632e+00            1.71487247e-03            6.68634677e-03            2.59038423e-02            1.00324650e-01            3.77424205e-01            8.52892407e-01
            1.00622850e-01            1.36617806e+00            1.36455146e+00            1.71485407e-03            6.68626508e-03            2.59033790e-02            1.00320638e-01            3.77376652e-01            8.52549675e-01
            1.01023536e-01            1.36577034e+00            1.36415517e+00            1.71483559e-03            6.68618307e-03            2.59029138e-02            1.00316609e-01            3.77328916e-01            8.52205717e-01
            1.01425817e-01            1.36536115e+00            1.36375745e+00            1.71481705e-03            6.68610073e-03            2.59024468e-02            1.00312565e-01            3.77280995e-01            8.51860528e-01
            1.01829701e-01            1.36495049e+00            1.36335830e+00            1.71479842e-03            6.68601807e-03            2.59019779e-02            1.00308505e-01            3.77232890e-01            8.51514106e-01
            1.02235193e-01            1.36453837e+00            1.36295770e+00            1.71477973e-03            6.68593508e-03            2.59015072e-02            1.00304429e-01            3.77184600e-01            8.51166446e-01
            1.02642299e-01            1.36412476e+00            1.36255565e+00            1.71476096e-03            6.68585176e-03            2.59010346e-02            1.00300337e-01            3.77136123e-01            8.50817544e-01
            1.03051027e-01            1.36370968e+00            1.36215216e+00            1.71474211e-03            6.68576811e-03            2.59005601e-02            1.00296229e-01            3.77087460e-01            8.50467397e-01
            1.03461382e-01            1.36329312e+00            1.36174721e+00            1.71472319e-03            6.68568412e-03            2.59000837e-02            1.00292104e-01            3.77038609e-01            8.50116001e-01
            1.03873371e-01            1.36287506e+00            1.36134079e+00            1.71470420e-03            6.68559980e-03            2.58996055e-02            1.00287963e-01            3.76989570e-01            8.49763351e-01
            1.04287000e-01            1.36245552e+00            1.36093292e+00            1.71468513e-03            6.68551515e-03            2.58991253e-02            1.00283806e-01            3.76940342e-01            8.49409445e-01
            1.04702277e-01            1.36203447e+00            1.36052357e+00            1.71466598e-03            6.68543016e-03            2.58986433e-02            1.00279633e-01            3.76890925e-01            8.49054277e-01
            1.05119208e-01            1.36161192e+00            1.36011276e+00            1.71464676e-03            6.68534484e-03            2.58981594e-02            1.00275443e-01            3.76841317e-01            8.48697844e-01
            1.05537798e-01            1.36118786e+00            1.35970046e+00            1.71462746e-03            6.68525917e-03            2.58976735e-02            1.00271237e-01            3.76791519e-01            8.48340143e-01
            1.05958056e-01            1.36076229e+00            1.35928668e+00            1.71460808e-03            6.68517317e-03            2.58971857e-02            1.00267014e-01            3.76741528e-01            8.47981168e-01
            1.06379987e-01            1.36033521e+00            1.35887141e+00            1.71458863e-03            6.68508683e-03            2.58966960e-02            1.00262774e-01            3.76691346e-01            8.47620918e-01
            1.06803598e-01            1.35990660e+00            1.35845465e+00            1.71456910e-03            6.68500014e-03            2.58962043e-02            1.00258518e-01            3.76640970e-01            8.47259386e-01
            1.07228896e-01            1.35947646e+00            1.35803639e+00            1.71454950e-03            6.68491310e-03            2.58957107e-02            1.00254245e-01            3.76590400e-01            8.46896570e-01
            1.07655888e-01            1.35904480e+00            1.35761663e+00            1.71452981e-03            6.68482573e-03            2.58952151e-02            1.00249955e-01            3.76539636e-01            8.46532466e-01
            1.08084580e-01            1.35861160e+00            1.35719536e+00            1.71451005e-03            6.68473800e-03            2.58947175e-02            1.00245648e-01            3.76488677e-01            8.46167069e-01
            1.08514979e-01            1.35817685e+00            1.35677258e+00            1.71449021e-03            6.68464993e-03            2.58942180e-02            1.00241325e-01            3.76437521e-01            8.45800376e-01
            1.08947092e-01            1.35774056e+00            1.35634828e+00            1.71447029e-03            6.68456151e-03            2.58937165e-02            1.00236984e-01            3.76386169e-01            8.45432382e-01
            1.09380925e-01            1.35730273e+00            1.35592247e+00            1.71445029e-03            6.68447273e-03            2.58932131e-02            1.00232626e-01            3.76334620e-01            8.45063085e-01
            1.09816486e-01            1.35686333e+00            1.35549512e+00            1.71443021e-03            6.68438361e-03            2.58927076e-02            1.00228251e-01            3.76282872e-01            8.44692479e-01
            1.10253782e-01            1.35642238e+00            1.35506625e+00            1.71441005e-03            6.68429413e-03            2.58922001e-02            1.00223859e-01            3.76230925e-01            8.44320560e-01
            1.10692819e-01            1.35597986e+00            1.35463584e+00            1.71438981e-03            6.68420430e-03            2.58916906e-02            1.00219449e-01            3.76178779e-01            8.43947326e-01
            1.11133604e-01            1.35553577e+00            1.35420389e+00            1.71436949e-03            6.68411411e-03            2.58911791e-02            1.00215022e-01            3.76126432e-01            8.43572771e-01
            1.11576144e-01            1.35509011e+00            1.35377039e+00            1.71434909e-03            6.68402356e-03            2.58906656e-02            1.00210578e-01            3.76073885e-01            8.43196891e-01
            1.12020447e-01            1.35464287e+00            1.35333535e+00            1.71432861e-03            6.68393265e-03            2.58901500e-02            1.00206116e-01            3.76021135e-01            8.42819684e-01
            1.12466519e-01            1.35419405e+00            1.35289875e+00            1.71430805e-03            6.68384138e-03            2.58896324e-02            1.00201637e-01            3.75968183e-01            8.42441144e-01
            1.12914367e-01            1.35374363e+00            1.35246058e+00            1.71428741e-03            6.68374975e-03            2.58891128e-02            1.00197140e-01            3.75915027e-01            8.42061268e-01
            1.13363998e-01            1.35329163e+00            1.35202086e+00            1.71426668e-03            6.68365775e-03            2.58885910e-02            1.00192625e-01            3.75861667e-01            8.41680052e-01
            1.13815420e-01            1.35283802e+00            1.35157956e+00            1.71424588e-03            6.68356539e-03            2.58880672e-02            1.00188092e-01            3.75808103e-01            8.41297491e-01
            1.14268640e-01            1.35238281e+00            1.35113670e+00            1.71422499e-03            6.68347267e-03            2.58875414e-02            1.00183542e-01            3.75754333e-01            8.40913582e-01
            1.14723664e-01            1.35192600e+00            1.35069225e+00            1.71420401e-03            6.68337957e-03            2.58870134e-02            1.00178974e-01            3.75700356e-01            8.40528320e-01
            1.15180500e-01            1.35146757e+00            1.35024621e+00            1.71418296e-03            6.68328611e-03            2.58864834e-02            1.00174388e-01            3.75646172e-01            8.40141701e-01
            1.15639156e-01            1.35100752e+00            1.34979859e+00            1.71416182e-03            6.68319228e-03            2.58859513e-02            1.00169783e-01            3.75591781e-01            8.39753722e-01
            1.16099637e-01            1.35054585e+00            1.34934938e+00            1.71414059e-03            6.68309807e-03            2.58854170e-02            1.00165161e-01            3.75537181e-01            8.39364378e-01
            1.16561953e-01            1.35008255e+00            1.34889856e+00            1.71411928e-03            6.68300349e-03            2.58848807e-02            1.00160520e-01            3.75482371e-01            8.38973666e-01
            1.17026109e-01            1.34961762e+00            1.34844614e+00            1.71409789e-03            6.68290853e-03            2.58843422e-02            1.00155861e-01            3.75427351e-01            8.38581580e-01
            1.17492114e-01            1.34915106e+00            1.34799211e+00            1.71407641e-03            6.68281320e-03            2.58838016e-02            1.00151184e-01            3.75372120e-01            8.38188118e-01
            1.17959974e-01            1.34868285e+00            1.34753647e+00            1.71405485e-03            6.68271749e-03            2.58832588e-02            1.00146489e-01            3.75316678e-01            8.37793275e-01
            1.18429698e-01            1.34821299e+00            1.34707921e+00            1.71403320e-03            6.68262140e-03            2.58827139e-02            1.00141774e-01            3.75261022e-01            8.37397046e-01
            1.18901291e-01            1.34774148e+00            1.34662033e+00            1.71401147e-03            6.68252493e-03            2.58821668e-02            1.00137042e-01            3.75205154e-01            8.36999428e-01
            1.19374763e-01            1.34726831e+00            1.34615981e+00            1.71398965e-03            6.68242807e-03            2.58816176e-02            1.00132291e-01            3.75149071e-01            8.36600417e-01
            1.19850120e-01            1.34679349e+00            1.34569767e+00            1.71396774e-03            6.68233083e-03            2.58810662e-02            1.00127521e-01            3.75092774e-01            8.36200008e-01
            1.20327370e-01            1.34631699e+00            1.34523388e+00            1.71394575e-03            6.68223321e-03            2.58805126e-02            1.00122732e-01            3.75036261e-01            8.35798197e-01
            1.20806521e-01            1.34583882e+00            1.34476845e+00            1.71392366e-03            6.68213520e-03            2.58799568e-02            1.00117924e-01            3.74979531e-01            8.35394981e-01
            1.21287579e-01            1.34535898e+00            1.34430137e+00            1.71390149e-03            6.68203680e-03            2.58793988e-02            1.00113098e-01            3.74922584e-01            8.34990354e-01
            1.21770553e-01            1.34487745e+00            1.34383264e+00            1.71387924e-03            6.68193801e-03            2.58788386e-02            1.00108252e-01            3.74865419e-01            8.34584314e-01
            1.22255451e-01            1.34439424e+00            1.34336225e+00            1.71385689e-03            6.68183882e-03            2.58782762e-02            1.00103388e-01            3.74808035e-01            8.34176855e-01
            1.22742279e-01            1.34390933e+00            1.34289020e+00            1.71383446e-03            6.68173925e-03            2.58777116e-02            1.00098504e-01            3.74750432e-01            8.33767974e-01
            1.23231046e-01            1.34342273e+00            1.34241647e+00            1.71381193e-03            6.68163928e-03            2.58771447e-02            1.00093601e-01            3.74692608e-01            8.33357667e-01
            1.23721759e-01            1.34293442e+00            1.34194107e+00            1.71378932e-03            6.68153891e-03            2.58765756e-02            1.00088679e-01            3.74634562e-01            8.32945928e-01
            1.24214426e-01            1.34244441e+00            1.34146400e+00            1.71376662e-03            6.68143814e-03            2.58760042e-02            1.00083738e-01            3.74576295e-01            8.32532755e-01
            1.24709055e-01            1.34195268e+00            1.34098524e+00            1.71374383e-03            6.68133698e-03            2.58754305e-02            1.00078777e-01            3.74517805e-01            8.32118143e-01
            1.25205654e-01            1.34145924e+00            1.34050478e+00            1.71372094e-03            6.68123541e-03            2.58748546e-02            1.00073796e-01            3.74459091e-01            8.31702087e-01
            1.25704230e-01            1.34096408e+00            1.34002264e+00            1.71369797e-03            6.68113344e-03            2.58742764e-02            1.00068796e-01            3.74400152e-01            8.31284584e-01
            1.26204791e-01            1.34046719e+00            1.33953880e+00            1.71367491e-03            6.68103106e-03            2.58736960e-02            1.00063777e-01            3.74340988e-01            8.30865629e-01
            1.26707346e-01            1.33996856e+00            1.33905325e+00            1.71365175e-03            6.68092828e-03            2.58731132e-02            1.00058737e-01            3.74281598e-01            8.30445218e-01
            1.27211902e-01            1.33946820e+00            1.33856599e+00            1.71362850e-03            6.68082509e-03            2.58725281e-02            1.00053678e-01            3.74221981e-01            8.30023347e-01
            1.27718467e-01            1.33896610e+00            1.33807701e+00            1.71360516e-03            6.68072150e-03            2.58719407e-02            1.00048599e-01            3.74162136e-01            8.29600012e-01
            1.28227049e-01            1.33846225e+00            1.33758632e+00            1.71358173e-03            6.68061749e-03            2.58713510e-02            1.00043500e-01            3.74102062e-01            8.29175208e-01
            1.28737657e-01            1.33795664e+00            1.33709390e+00            1.71355820e-03            6.68051307e-03            2.58707589e-02            1.00038381e-01            3.74041759e-01            8.28748932e-01
            1.29250297e-01            1.33744928e+00            1.33659975e+00            1.71353458e-03            6.68040823e-03            2.58701645e-02            1.00033241e-01            3.73981226e-01            8.28321178e-01
            1.29764979e-01            1.33694015e+00            1.33610387e+00            1.71351087e-03            6.68030298e-03            2.58695677e-02            1.00028082e-01            3.73920461e-01            8.27891944e-01
            1.30281711e-01            1.33642926e+00            1.33560624e+00            1.71348706e-03            6.68019731e-03            2.58689686e-02            1.00022902e-01            3.73859464e-01            8.27461223e-01
            1.30800500e-01            1.33591659e+00            1.33510687e+00            1.71346316e-03            6.68009122e-03            2.58683671e-02            1.00017702e-01            3.73798235e-01            8.27029014e-01
            1.31321355e-01            1.33540215e+00            1.33460575e+00            1.71343916e-03            6.67998471e-03            2.58677632e-02            1.00012482e-01            3.73736771e-01            8.26595310e-01
            1.31844284e-01            1.33488592e+00            1.33410287e+00            1.71341507e-03            6.67987778e-03            2.58671570e-02            1.00007241e-01            3.73675073e-01            8.26160108e-01
            1.32369296e-01            1.33436791e+00            1.33359823e+00            1.71339088e-03            6.67977043e-03            2.58665483e-02            1.00001979e-01            3.73613140e-01            8.25723403e-01
            1.32896398e-01            1.33384809e+00            1.33309182e+00            1.71336660e-03            6.67966265e-03            2.58659372e-02            9.99966967e-02            3.73550970e-01            8.25285192e-01
            1.33425599e-01            1.33332649e+00            1.33258365e+00            1.71334222e-03            6.67955444e-03            2.58653237e-02            9.99913936e-02            3.73488564e-01            8.24845469e-01
            1.33956908e-01            1.33280307e+00            1.33207369e+00            1.71331774e-03            6.67944580e-03            2.58647078e-02            9.99860697e-02            3.73425919e-01            8.24404231e-01
            1.34490332e-01            1.33227785e+00            1.33156195e+00            1.71329317e-03            6.67933673e-03            2.58640894e-02            9.99807249e-02            3.73363035e-01            8.23961474e-01
            1.35025880e-01            1.33175081e+00            1.33104843e+00            1.71326850e-03            6.67922723e-03            2.58634686e-02            9.99753591e-02            3.73299911e-01            8.23517193e-01
            1.35563561e-01            1.33122196e+00            1.33053311e+00            1.71324373e-03            6.67911730e-03            2.58628454e-02            9.99699723e-02            3.73236547e-01            8.23071383e-01
            1.36103382e-01            1.33069128e+00            1.33001599e+00            1.71321886e-03            6.67900693e-03            2.58622196e-02            9.99645642e-02            3.73172942e-01            8.22624042e-01
            1.36645354e-01            1.33015876e+00            1.32949707e+00            1.71319390e-03            6.67889612e-03            2.58615914e-02            9.99591349e-02            3.73109094e-01            8.22175163e-01
            1.37189484e-01            1.32962442e+00            1.32897634e+00            1.71316883e-03            6.67878487e-03            2.58609607e-02            9.99536844e-02            3.73045003e-01            8.21724743e-01
            1.37735780e-01            1.32908823e+00            1.32845380e+00            1.71314367e-03            6.67867318e-03            2.58603275e-02            9.99482124e-02            3.72980667e-01            8.21272778e-01
            1.38284252e-01            1.32855020e+00            1.32792944e+00            1.71311840e-03            6.67856105e-03            2.58596918e-02            9.99427189e-02            3.72916087e-01            8.20819264e-01
            1.38834908e-01            1.32801032e+00            1.32740325e+00            1.71309304e-03            6.67844847e-03            2.58590536e-02            9.99372038e-02            3.72851260e-01            8.20364195e-01
            1.39387756e-01            1.32746858e+00            1.32687524e+00            1.71306757e-03            6.67833545e-03            2.58584129e-02            9.99316671e-02            3.72786187e-01            8.19907568e-01
            1.39942806e-01            1.32692498e+00            1.32634539e+00            1.71304201e-03            6.67822198e-03            2.58577696e-02            9.99261086e-02            3.72720866e-01            8.19449379e-01
            1.40500066e-01            1.32637951e+00            1.32581370e+00            1.71301634e-03            6.67810806e-03            2.58571238e-02            9.99205284e-02            3.72655297e-01            8.18989622e-01
            1.41059546e-01            1.32583217e+00            1.32528016e+00            1.71299057e-03            6.67799369e-03            2.58564754e-02            9.99149262e-02            3.72589478e-01            8.18528294e-01
            1.41621253e-01            1.32528296e+00            1.32474477e+00            1.71296470e-03            6.67787886e-03            2.58558245e-02            9.99093020e-02            3.72523409e-01            8.18065391e-01
            1.42185197e-01            1.32473186e+00            1.32420752e+00            1.71293872e-03            6.67776358e-03            2.58551710e-02            9.99036557e-02            3.72457088e-01            8.17600907e-01
            1.42751386e-01            1.32417888e+00            1.32366842e+00            1.71291265e-03            6.67764784e-03            2.58545149e-02            9.98979873e-02            3.72390515e-01            8.17134840e-01
            1.43319831e-01            1.32362400e+00            1.32312744e+00            1.71288646e-03            6.67753164e-03            2.58538562e-02            9.98922967e-02            3.72323689e-01            8.16667183e-01
            1.43890538e-01            1.32306722e+00            1.32258460e+00            1.71286018e-03            6.67741499e-03            2.58531949e-02            9.98865837e-02            3.72256609e-01            8.16197934e-01
            1.44463519e-01            1.32250854e+00            1.32203987e+00            1.71283379e-03            6.67729787e-03            2.58525309e-02            9.98808482e-02            3.72189274e-01            8.15727087e-01
            1.45038781e-01            1.32194796e+00            1.32149326e+00            1.71280730e-03            6.67718028e-03            2.58518644e-02            9.98750903e-02            3.72121684e-01            8.15254639e-01
            1.45616334e-01            1.32138546e+00            1.32094477e+00            1.71278070e-03            6.67706223e-03            2.58511952e-02            9.98693098e-02            3.72053836e-01            8.14780584e-01
            1.46196186e-01            1.32082104e+00            1.32039438e+00            1.71275399e-03            6.67694371e-03            2.58505234e-02            9.98635066e-02            3.71985731e-01            8.14304920e-01
            1.46778348e-01            1.32025469e+00            1.31984209e+00            1.71272718e-03            6.67682472e-03            2.58498489e-02            9.98576806e-02            3.71917366e-01            8.13827640e-01
            1.47362828e-01            1.31968642e+00            1.31928789e+00            1.71270027e-03            6.67670526e-03            2.58491717e-02            9.98518318e-02            3.71848743e-01            8.13348741e-01
            1.47949635e-01            1.31911621e+00            1.31873179e+00            1.71267324e-03            6.67658533e-03            2.58484919e-02            9.98459600e-02            3.71779859e-01            8.12868219e-01
            1.48538779e-01            1.31854406e+00            1.31817377e+00            1.71264611e-03            6.67646492e-03            2.58478094e-02            9.98400652e-02            3.71710713e-01            8.12386069e-01
            1.49130269e-01            1.31796996e+00            1.31761383e+00            1.71261888e-03            6.67634403e-03            2.58471242e-02            9.98341472e-02            3.71641305e-01            8.11902287e-01
            1.49724114e-01            1.31739392e+00            1.31705196e+00            1.71259153e-03            6.67622267e-03            2.58464362e-02            9.98282061e-02            3.71571634e-01            8.11416868e-01
            1.50320324e-01            1.31681592e+00            1.31648816e+00            1.71256408e-03            6.67610082e-03            2.58457456e-02            9.98222416e-02            3.71501698e-01            8.10929808e-01
            1.50918908e-01            1.31623595e+00            1.31592242e+00            1.71253651e-03            6.67597849e-03            2.58450522e-02            9.98162538e-02            3.71431497e-01            8.10441102e-01
            1.51519876e-01            1.31565402e+00            1.31535474e+00            1.71250884e-03            6.67585567e-03            2.58443561e-02            9.98102425e-02            3.71361030e-01            8.09950747e-01
            1.52123237e-01            1.31507012e+00            1.31478511e+00            1.71248106e-03            6.67573237e-03            2.58436572e-02            9.98042076e-02            3.71290296e-01            8.09458738e-01
            1.52729000e-01            1.31448424e+00            1.31421353e+00            1.71245317e-03            6.67560858e-03            2.58429555e-02            9.97981490e-02            3.71219293e-01            8.08965070e-01
            1.53337176e-01            1.31389638e+00            1.31363999e+00            1.71242516e-03            6.67548430e-03            2.58422511e-02            9.97920667e-02            3.71148022e-01            8.08469739e-01
            1.53947773e-01            1.31330653e+00            1.31306448e+00            1.71239705e-03            6.67535953e-03            2.58415439e-02            9.97859605e-02            3.71076480e-01            8.07972741e-01
            1.54560802e-01            1.31271468e+00            1.31248701e+00            1.71236882e-03            6.67523426e-03            2.58408339e-02            9.97798304e-02            3.71004668e-01            8.07474071e-01
            1.55176272e-01            1.31212084e+00            1.31190755e+00            1.71234048e-03            6.67510850e-03            2.58401211e-02            9.97736763e-02            3.70932583e-01            8.06973725e-01
            1.55794193e-01            1.31152499e+00            1.31132612e+00            1.71231203e-03            6.67498223e-03            2.58394055e-02            9.97674980e-02            3.70860226e-01            8.06471698e-01
            1.56414574e-01            1.31092713e+00            1.31074270e+00            1.71228347e-03            6.67485547e-03            2.58386870e-02            9.97612956e-02            3.70787595e-01            8.05967987e-01
            1.57037426e-01            1.31032726e+00            1.31015729e+00            1.71225480e-03            6.67472821e-03            2.58379657e-02            9.97550688e-02            3.70714688e-01            8.05462586e-01
            1.57662758e-01            1.30972537e+00            1.30956988e+00            1.71222601e-03            6.67460044e-03            2.58372415e-02            9.97488176e-02            3.70641506e-01            8.04955492e-01
            1.58290580e-01            1.30912145e+00            1.30898047e+00            1.71219710e-03            6.67447216e-03            2.58365145e-02            9.97425419e-02            3.70568047e-01            8.04446699e-01
            1.58920902e-01            1.30851550e+00            1.30838905e+00            1.71216808e-03            6.67434337e-03            2.58357846e-02            9.97362416e-02            3.70494310e-01            8.03936204e-01
            1.59553734e-01            1.30790751e+00            1.30779562e+00            1.71213895e-03            6.67421408e-03            2.58350519e-02            9.97299166e-02            3.70420294e-01            8.03424002e-01
            1.60189087e-01            1.30729749e+00            1.30720016e+00            1.71210970e-03            6.67408427e-03            2.58343162e-02            9.97235669e-02            3.70345999e-01            8.02910089e-01
            1.60826969e-01            1.30668541e+00            1.30660269e+00            1.71208034e-03            6.67395395e-03            2.58335776e-02            9.97171922e-02            3.70271422e-01            8.02394459e-01
            1.61467391e-01            1.30607128e+00            1.30600318e+00            1.71205085e-03            6.67382311e-03            2.58328361e-02            9.97107926e-02            3.70196564e-01            8.01877110e-01
            1.62110363e-01            1.30545510e+00            1.30540163e+00            1.71202126e-03            6.67369176e-03            2.58320917e-02            9.97043680e-02            3.70121422e-01            8.01358036e-01
            1.62755896e-01            1.30483685e+00            1.30479804e+00            1.71199154e-03            6.67355988e-03            2.58313443e-02            9.96979181e-02            3.70045997e-01            8.00837234e-01
            1.63403999e-01            1.30421653e+00            1.30419241e+00            1.71196171e-03            6.67342748e-03            2.58305940e-02            9.96914430e-02            3.69970287e-01            8.00314697e-01
            1.64054683e-01            1.30359414e+00            1.30358472e+00            1.71193175e-03            6.67329456e-03            2.58298407e-02            9.96849425e-02            3.69894291e-01            7.99790423e-01
            1.64707959e-01            1.30296967e+00            1.30297498e+00            1.71190168e-03            6.67316111e-03            2.58290844e-02            9.96784166e-02            3.69818009e-01            7.99264407e-01
            1.65363835e-01            1.30234312e+00            1.30236317e+00            1.71187149e-03            6.67302713e-03            2.58283251e-02            9.96718651e-02            3.69741438e-01            7.98736645e-01
            1.66022323e-01            1.30171447e+00            1.30174929e+00            1.71184118e-03            6.67289262e-03            2.58275629e-02            9.96652880e-02            3.69664578e-01            7.98207131e-01
            1.66683434e-01            1.30108373e+00            1.30113334e+00            1.71181075e-03            6.67275757e-03            2.58267976e-02            9.96586851e-02            3.69587428e-01            7.97675862e-01
            1.67347177e-01            1.30045089e+00            1.30051531e+00            1.71178020e-03            6.67262200e-03            2.58260293e-02            9.96520563e-02            3.69509988e-01            7.97142833e-01
            1.68013563e-01            1.29981594e+00            1.29989519e+00            1.71174953e-03            6.67248588e-03            2.58252580e-02            9.96454016e-02            3.69432255e-01            7.96608040e-01
            1.68682602e-01            1.29917888e+00            1.29927298e+00            1.71171874e-03            6.67234923e-03            2.58244836e-02            9.96387209e-02            3.69354229e-01            7.96071478e-01
            1.69354306e-01            1.29853970e+00            1.29864867e+00            1.71168783e-03            6.67221203e-03            2.58237061e-02            9.96320140e-02            3.69275909e-01            7.95533143e-01
            1.70028685e-01            1.29789840e+00            1.29802226e+00            1.71165679e-03            6.67207429e-03            2.58229256e-02            9.96252808e-02            3.69197294e-01            7.94993030e-01
            1.70705749e-01            1.29725497e+00            1.29739374e+00            1.71162563e-03            6.67193601e-03            2.58221420e-02            9.96185213e-02            3.69118383e-01            7.94451136e-01
            1.71385509e-01            1.29660941e+00            1.29676311e+00            1.71159434e-03            6.67179717e-03            2.58213553e-02            9.96117353e-02            3.69039174e-01            7.93907456e-01
            1.72067976e-01            1.29596171e+00            1.29613036e+00            1.71156294e-03            6.67165779e-03            2.58205655e-02            9.96049228e-02            3.68959667e-01            7.93361984e-01
            1.72753160e-01            1.29531187e+00            1.29549548e+00            1.71153140e-03            6.67151786e-03            2.58197726e-02            9.95980836e-02            3.68879861e-01            7.92814718e-01
            1.73441073e-01            1.29465987e+00            1.29485848e+00            1.71149974e-03            6.67137737e-03            2.58189765e-02            9.95912177e-02            3.68799754e-01            7.92265652e-01
            1.74131726e-01            1.29400572e+00            1.29421933e+00            1.71146796e-03            6.67123632e-03            2.58181773e-02            9.95843249e-02            3.68719346e-01            7.91714783e-01
            1.74825128e-01            1.29334942e+00            1.29357805e+00            1.71143605e-03            6.67109472e-03            2.58173749e-02            9.95774051e-02            3.68638635e-01            7.91162105e-01
            1.75521292e-01            1.29269094e+00            1.29293462e+00            1.71140402e-03            6.67095255e-03            2.58165694e-02            9.95704582e-02            3.68557620e-01            7.90607614e-01
            1.76220228e-01            1.29203029e+00            1.29228903e+00            1.71137186e-03            6.67080983e-03            2.58157607e-02            9.95634842e-02            3.68476301e-01            7.90051307e-01
            1.76921947e-01            1.29136747e+00            1.29164129e+00            1.71133957e-03            6.67066653e-03            2.58149488e-02            9.95564829e-02            3.68394676e-01            7.89493178e-01
            1.77626460e-01            1.29070247e+00            1.29099139e+00            1.71130715e-03            6.67052267e-03            2.58141337e-02            9.95494542e-02            3.68312745e-01            7.88933223e-01
            1.78333779e-01            1.29003527e+00            1.29033931e+00            1.71127460e-03            6.67037824e-03            2.58133153e-02            9.95423980e-02            3.68230505e-01            7.88371437e-01
            1.79043914e-01            1.28936589e+00            1.28968506e+00            1.71124193e-03            6.67023324e-03            2.58124937e-02            9.95353143e-02            3.68147956e-01            7.87807818e-01
            1.79756877e-01            1.28869431e+00            1.28902862e+00            1.71120912e-03            6.67008766e-03            2.58116689e-02            9.95282028e-02            3.68065098e-01            7.87242359e-01
            1.80472679e-01            1.28802052e+00            1.28837001e+00            1.71117619e-03            6.66994151e-03            2.58108409e-02            9.95210635e-02            3.67981928e-01            7.86675056e-01
            1.81191332e-01            1.28734452e+00            1.28770920e+00            1.71114312e-03            6.66979478e-03            2.58100095e-02            9.95138963e-02            3.67898446e-01            7.86105906e-01
            1.81912846e-01            1.28666631e+00            1.28704619e+00            1.71110992e-03            6.66964746e-03            2.58091749e-02            9.95067011e-02            3.67814650e-01            7.85534904e-01
            1.82637234e-01            1.28598588e+00            1.28638098e+00            1.71107660e-03            6.66949957e-03            2.58083370e-02            9.94994778e-02            3.67730540e-01            7.84962045e-01
            1.83364506e-01            1.28530323e+00            1.28571356e+00            1.71104314e-03            6.66935109e-03            2.58074957e-02            9.94922262e-02            3.67646114e-01            7.84387326e-01
            1.84094674e-01            1.28461834e+00            1.28504392e+00            1.71100954e-03            6.66920202e-03            2.58066512e-02            9.94849462e-02            3.67561372e-01            7.83810741e-01
            1.84827749e-01            1.28393122e+00            1.28437207e+00            1.71097582e-03            6.66905236e-03            2.58058033e-02            9.94776379e-02            3.67476312e-01            7.83232286e-01
            1.85563744e-01            1.28324186e+00            1.28369799e+00            1.71094196e-03            6.66890210e-03            2.58049520e-02            9.94703009e-02            3.67390933e-01            7.82651958e-01
            1.86302669e-01            1.28255025e+00            1.28302168e+00            1.71090797e-03            6.66875126e-03            2.58040974e-02            9.94629353e-02            3.67305234e-01            7.82069751e-01
            1.87044537e-01            1.28185639e+00            1.28234313e+00            1.71087384e-03            6.66859981e-03            2.58032395e-02            9.94555409e-02            3.67219213e-01            7.81485662e-01
            1.87789359e-01            1.28116027e+00            1.28166234e+00            1.71083957e-03            6.66844777e-03            2.58023781e-02            9.94481176e-02            3.67132871e-01            7.80899685e-01
            1.88537147e-01            1.28046188e+00            1.28097930e+00            1.71080518e-03            6.66829512e-03            2.58015133e-02            9.94406653e-02            3.67046205e-01            7.80311817e-01
            1.89287913e-01            1.27976123e+00            1.28029401e+00            1.71077064e-03            6.66814187e-03            2.58006451e-02            9.94331839e-02            3.66959215e-01            7.79722053e-01
            1.90041668e-01            1.27905831e+00            1.27960646e+00            1.71073597e-03            6.66798801e-03            2.57997735e-02            9.94256733e-02            3.66871898e-01            7.79130390e-01
            1.90798425e-01            1.27835311e+00            1.27891664e+00            1.71070116e-03            6.66783355e-03            2.57988985e-02            9.94181334e-02            3.66784256e-01            7.78536822e-01
            1.91558195e-01            1.27764562e+00            1.27822456e+00            1.71066621e-03            6.66767847e-03            2.57980200e-02            9.94105639e-02            3.66696285e-01            7.77941345e-01
            1.92320991e-01            1.27693585e+00            1.27753020e+00            1.71063113e-03            6.66752278e-03            2.57971380e-02            9.94029650e-02            3.66607985e-01            7.77343955e-01
            1.93086824e-01            1.27622377e+00            1.27683355e+00            1.71059590e-03            6.66736647e-03            2.57962526e-02            9.93953363e-02            3.66519355e-01            7.76744648e-01
            1.93855707e-01            1.27550940e+00            1.27613462e+00            1.71056054e-03            6.66720954e-03            2.57953636e-02            9.93876779e-02            3.66430393e-01            7.76143419e-01
            1.94627652e-01            1.27479272e+00            1.27543340e+00            1.71052503e-03            6.66705199e-03            2.57944712e-02            9.93799895e-02            3.66341099e-01            7.75540264e-01
            1.95402670e-01            1.27407374e+00            1.27472988e+00            1.71048939e-03            6.66689382e-03            2.57935752e-02            9.93722712e-02            3.66251471e-01            7.74935179e-01
            1.96180775e-01            1.27335243e+00            1.27402405e+00            1.71045360e-03            6.66673502e-03            2.57926757e-02            9.93645227e-02            3.66161509e-01            7.74328159e-01
            1.96961978e-01            1.27262880e+00            1.27331592e+00            1.71041767e-03            6.66657560e-03            2.57917726e-02            9.93567439e-02            3.66071210e-01            7.73719200e-01
            1.97746292e-01            1.27190285e+00            1.27260547e+00            1.71038160e-03            6.66641554e-03            2.57908660e-02            9.93489348e-02            3.65980575e-01            7.73108299e-01
            1.98533729e-01            1.27117456e+00            1.27189270e+00            1.71034539e-03            6.66625485e-03            2.57899557e-02            9.93410953e-02            3.65889600e-01            7.72495450e-01
            1.99324301e-01            1.27044394e+00            1.27117761e+00            1.71030903e-03            6.66609352e-03            2.57890419e-02            9.93332251e-02            3.65798287e-01            7.71880649e-01
            2.00118022e-01            1.26971097e+00            1.27046018e+00            1.71027253e-03            6.66593156e-03            2.57881245e-02            9.93253242e-02            3.65706633e-01            7.71263892e-01
            2.00914904e-01            1.26897566e+00            1.26974041e+00            1.71023589e-03            6.66576895e-03            2.57872035e-02            9.93173925e-02            3.65614636e-01            7.70645175e-01
            2.01714958e-01            1.26823799e+00            1.26901830e+00            1.71019910e-03            6.66560570e-03            2.57862788e-02            9.93094298e-02            3.65522297e-01            7.70024494e-01
            2.02518199e-01            1.26749796e+00            1.26829385e+00            1.71016216e-03            6.66544180e-03            2.57853505e-02            9.93014361e-02            3.65429614e-01            7.69401843e-01
            2.03324638e-01            1.26675557e+00            1.26756704e+00            1.71012508e-03            6.66527726e-03            2.57844186e-02            9.92934112e-02            3.65336585e-01            7.68777220e-01
            2.04134288e-01            1.26601080e+00            1.26683787e+00            1.71008785e-03            6.66511206e-03            2.57834829e-02            9.92853550e-02            3.65243209e-01            7.68150620e-01
            2.04947163e-01            1.26526367e+00            1.26610633e+00            1.71005047e-03            6.66494621e-03            2.57825436e-02            9.92772673e-02            3.65149486e-01            7.67522039e-01
            2.05763274e-01            1.26451415e+00            1.26537243e+00            1.71001295e-03            6.66477971e-03            2.57816005e-02            9.92691481e-02            3.65055414e-01            7.66891471e-01
            2.06582635e-01            1.26376225e+00            1.26463614e+00            1.70997527e-03            6.66461254e-03            2.57806537e-02            9.92609973e-02            3.64960991e-01            7.66258914e-01
            2.07405259e-01            1.26300796e+00            1.26389748e+00            1.70993745e-03            6.66444472e-03            2.57797032e-02            9.92528147e-02            3.64866217e-01            7.65624363e-01
            2.08231159e-01            1.26225127e+00            1.26315643e+00            1.70989948e-03            6.66427623e-03            2.57787490e-02            9.92446001e-02            3.64771091e-01            7.64987814e-01
            2.09060347e-01            1.26149218e+00            1.26241299e+00            1.70986136e-03            6.66410707e-03            2.57777910e-02            9.92363536e-02            3.64675610e-01            7.64349263e-01
            2.09892837e-01            1.26073068e+00            1.26166714e+00            1.70982308e-03            6.66393725e-03            2.57768292e-02            9.92280748e-02            3.64579775e-01            7.63708704e-01
            2.10728643e-01            1.25996677e+00            1.26091890e+00            1.70978466e-03            6.66376675e-03            2.57758636e-02            9.92197639e-02            3.64483583e-01            7.63066136e-01
            2.11567776e-01            1.25920045e+00            1.26016824e+00            1.70974608e-03            6.66359558e-03            2.57748942e-02            9.92114205e-02            3.64387033e-01            7.62421552e-01
            2.12410251e-01            1.25843170e+00            1.25941517e+00            1.70970735e-03            6.66342373e-03            2.57739210e-02            9.92030446e-02            3.64290125e-01            7.61774949e-01
            2.13256081e-01            1.25766053e+00            1.25865968e+00            1.70966847e-03            6.66325120e-03            2.57729439e-02            9.91946360e-02            3.64192857e-01            7.61126323e-01
            2.14105279e-01            1.25688692e+00            1.25790176e+00            1.70962943e-03            6.66307798e-03            2.57719630e-02            9.91861947e-02            3.64095228e-01            7.60475670e-01
            2.14957858e-01            1.25611087e+00            1.25714141e+00            1.70959024e-03            6.66290409e-03            2.57709782e-02            9.91777206e-02            3.63997236e-01            7.59822986e-01
            2.15813833e-01            1.25533239e+00            1.25637863e+00            1.70955089e-03            6.66272950e-03            2.57699895e-02            9.91692133e-02            3.63898881e-01            7.59168265e-01
            2.16673216e-01            1.25455145e+00            1.25561340e+00            1.70951139e-03            6.66255423e-03            2.57689970e-02            9.91606730e-02            3.63800161e-01            7.58511506e-01
            2.17536021e-01            1.25376806e+00            1.25484573e+00            1.70947173e-03            6.66237826e-03            2.57680005e-02            9.91520994e-02            3.63701074e-01            7.57852702e-01
            2.18402262e-01            1.25298222e+00            1.25407560e+00            1.70943191e-03            6.66220159e-03            2.57670001e-02            9.91434923e-02            3.63601620e-01            7.57191851e-01
            2.19271952e-01            1.25219390e+00            1.25330301e+00            1.70939194e-03            6.66202423e-03            2.57659957e-02            9.91348518e-02            3.63501798e-01            7.56528948e-01
            2.20145106e-01            1.25140313e+00            1.25252796e+00            1.70935181e-03            6.66184616e-03            2.57649874e-02            9.91261776e-02            3.63401605e-01            7.55863989e-01
            2.21021736e-01            1.25060987e+00            1.25175044e+00            1.70931152e-03            6.66166739e-03            2.57639751e-02            9.91174697e-02            3.63301042e-01            7.55196971e-01
            2.21901858e-01            1.24981414e+00            1.25097044e+00            1.70927107e-03            6.66148792e-03            2.57629588e-02            9.91087278e-02            3.63200106e-01            7.54527888e-01
            2.22785483e-01            1.24901592e+00            1.25018796e+00            1.70923046e-03            6.66130773e-03            2.57619385e-02            9.90999519e-02            3.63098796e-01            7.53856737e-01
            2.23672628e-01            1.24821522e+00            1.24940300e+00            1.70918969e-03            6.66112683e-03            2.57609142e-02            9.90911418e-02            3.62997111e-01            7.53183514e-01
            2.24563305e-01            1.24741202e+00            1.24861554e+00            1.70914875e-03            6.66094522e-03            2.57598859e-02            9.90822974e-02            3.62895050e-01            7.52508216e-01
            2.25457529e-01            1.24660632e+00            1.24782559e+00            1.70910766e-03            6.66076288e-03            2.57588535e-02            9.90734187e-02            3.62792611e-01            7.51830837e-01
            2.26355314e-01            1.24579812e+00            1.24703314e+00            1.70906640e-03            6.66057983e-03            2.57578170e-02            9.90645053e-02            3.62689794e-01            7.51151374e-01
            2.27256674e-01            1.24498740e+00            1.24623817e+00            1.70902498e-03            6.66039605e-03            2.57567764e-02            9.90555573e-02            3.62586596e-01            7.50469823e-01
            2.28161623e-01            1.24417418e+00            1.24544070e+00            1.70898340e-03            6.66021155e-03            2.57557318e-02            9.90465744e-02            3.62483017e-01            7.49786181e-01
            2.29070176e-01            1.24335843e+00            1.24464071e+00            1.70894165e-03            6.66002632e-03            2.57546830e-02            9.90375566e-02            3.62379055e-01            7.49100443e-01
            2.29982346e-01            1.24254016e+00            1.24383819e+00            1.70889973e-03            6.65984035e-03            2.57536301e-02            9.90285037e-02            3.62274710e-01            7.48412605e-01
            2.30898149e-01            1.24171936e+00            1.24303314e+00            1.70885765e-03            6.65965365e-03            2.57525730e-02            9.90194156e-02            3.62169979e-01            7.47722663e-01
            2.31817599e-01            1.24089602e+00            1.24222556e+00            1.70881541e-03            6.65946621e-03            2.57515118e-02            9.90102922e-02            3.62064861e-01            7.47030614e-01
            2.32740710e-01            1.24007015e+00            1.24141544e+00            1.70877299e-03            6.65927803e-03            2.57504464e-02            9.90011332e-02            3.61959356e-01            7.46336453e-01
            2.33667496e-01            1.23924173e+00            1.24060277e+00            1.70873041e-03            6.65908910e-03            2.57493768e-02            9.89919387e-02            3.61853461e-01            7.45640177e-01
            2.34597974e-01            1.23841076e+00            1.23978756e+00            1.70868766e-03            6.65889943e-03            2.57483030e-02            9.89827084e-02            3.61747176e-01            7.44941782e-01
            2.35532156e-01            1.23757723e+00            1.23896978e+00            1.70864474e-03            6.65870901e-03            2.57472249e-02            9.89734422e-02            3.61640499e-01            7.44241264e-01
            2.36470059e-01            1.23674115e+00            1.23814945e+00            1.70860165e-03            6.65851783e-03            2.57461426e-02            9.89641400e-02            3.61533429e-01            7.43538619e-01
            2.37411696e-01            1.23590250e+00            1.23732655e+00            1.70855839e-03            6.65832590e-03            2.57450561e-02            9.89548016e-02            3.61425965e-01            7.42833843e-01
            2.38357083e-01            1.23506128e+00            1.23650108e+00            1.70851496e-03            6.65813321e-03            2.57439652e-02            9.89454269e-02            3.61318104e-01            7.42126933e-01
            2.39306235e-01            1.23421749e+00            1.23567303e+00            1.70847136e-03            6.65793976e-03            2.57428701e-02            9.89360158e-02            3.61209847e-01            7.41417885e-01
            2.40259166e-01            1.23337112e+00            1.23484240e+00            1.70842759e-03            6.65774555e-03            2.57417707e-02            9.89265681e-02            3.61101191e-01            7.40706694e-01
            2.41215892e-01            1.23252217e+00            1.23400918e+00            1.70838364e-03            6.65755057e-03            2.57406669e-02            9.89170836e-02            3.60992135e-01            7.39993359e-01
            2.42176427e-01            1.23167063e+00            1.23317337e+00            1.70833951e-03            6.65735481e-03            2.57395587e-02            9.89075624e-02            3.60882678e-01            7.39277873e-01
            2.43140788e-01            1.23081649e+00            1.23233496e+00            1.70829522e-03            6.65715828e-03            2.57384462e-02            9.88980041e-02            3.60772819e-01            7.38560235e-01
            2.44108988e-01            1.22995976e+00            1.23149394e+00            1.70825075e-03            6.65696098e-03            2.57373294e-02            9.88884087e-02            3.60662555e-01            7.37840439e-01
            2.45081044e-01            1.22910042e+00            1.23065032e+00            1.70820610e-03            6.65676290e-03            2.57362081e-02            9.88787761e-02            3.60551887e-01            7.37118483e-01
            2.46056971e-01            1.22823847e+00            1.22980409e+00            1.70816127e-03            6.65656403e-03            2.57350824e-02            9.88691060e-02            3.60440812e-01            7.36394363e-01
            2.47036784e-01            1.22737392e+00            1.22895524e+00            1.70811627e-03            6.65636438e-03            2.57339523e-02            9.88593984e-02            3.60329329e-01            7.35668075e-01
            2.48020499e-01            1.22650674e+00            1.22810376e+00            1.70807109e-03            6.65616394e-03            2.57328177e-02            9.88496530e-02            3.60217437e-01            7.34939615e-01
            2.49008130e-01            1.22563694e+00            1.22724965e+00            1.70802573e-03            6.65596270e-03            2.57316787e-02            9.88398699e-02            3.60105135e-01            7.34208980e-01
            2.49999695e-01            1.22476452e+00            1.22639291e+00            1.70798020e-03            6.65576067e-03            2.57305351e-02            9.88300487e-02            3.59992420e-01            7.33476167e-01
            2.50995208e-01            1.22388946e+00            1.22553353e+00            1.70793448e-03            6.65555785e-03            2.57293871e-02            9.88201894e-02            3.59879292e-01            7.32741171e-01
            2.51994685e-01            1.22301177e+00            1.22467151e+00            1.70788858e-03            6.65535422e-03            2.57282345e-02            9.88102919e-02            3.59765750e-01            7.32003989e-01
            2.52998143e-01            1.22213143e+00            1.22380683e+00            1.70784250e-03            6.65514978e-03            2.57270775e-02            9.88003559e-02            3.59651791e-01            7.31264618e-01
            2.54005596e-01            1.22124845e+00            1.22293951e+00            1.70779624e-03            6.65494454e-03            2.57259158e-02            9.87903814e-02            3.59537415e-01            7.30523054e-01
            2.55017061e-01            1.22036282e+00            1.22206952e+00            1.70774979e-03            6.65473849e-03            2.57247496e-02            9.87803681e-02            3.59422620e-01            7.29779294e-01
            2.56032553e-01            1.21947454e+00            1.22119687e+00            1.70770316e-03            6.65453162e-03            2.57235788e-02            9.87703161e-02            3.59307404e-01            7.29033333e-01
            2.57052090e-01            1.21858359e+00            1.22032155e+00            1.70765635e-03            6.65432394e-03            2.57224034e-02            9.87602250e-02            3.59191767e-01            7.28285169e-01
            2.58075686e-01            1.21768998e+00            1.21944355e+00            1.70760935e-03            6.65411544e-03            2.57212233e-02            9.87500947e-02            3.59075707e-01            7.27534799e-01
            2.59103358e-01            1.21679371e+00            1.21856287e+00            1.70756216e-03            6.65390611e-03            2.57200386e-02            9.87399252e-02            3.58959223e-01            7.26782218e-01
            2.60135122e-01            1.21589476e+00            1.21767951e+00            1.70751479e-03            6.65369596e-03            2.57188493e-02            9.87297163e-02            3.58842312e-01            7.26027423e-01
            2.61170995e-01            1.21499313e+00            1.21679346e+00            1.70746724e-03            6.65348497e-03            2.57176553e-02            9.87194677e-02            3.58724975e-01            7.25270411e-01
            2.62210993e-01            1.21408882e+00            1.21590472e+00            1.70741949e-03            6.65327315e-03            2.57164565e-02            9.87091794e-02            3.58607209e-01            7.24511179e-01
            2.63255132e-01            1.21318182e+00            1.21501327e+00            1.70737155e-03            6.65306050e-03            2.57152531e-02            9.86988512e-02            3.58489013e-01            7.23749723e-01
            2.64303429e-01            1.21227213e+00            1.21411912e+00            1.70732343e-03            6.65284700e-03            2.57140449e-02            9.86884830e-02            3.58370385e-01            7.22986040e-01
            2.65355901e-01            1.21135975e+00            1.21322227e+00            1.70727511e-03            6.65263267e-03            2.57128320e-02            9.86780746e-02            3.58251324e-01            7.22220127e-01
            2.66412563e-01            1.21044466e+00            1.21232269e+00            1.70722661e-03            6.65241748e-03            2.57116143e-02            9.86676258e-02            3.58131829e-01            7.21451980e-01
            2.67473433e-01            1.20952687e+00            1.21142040e+00            1.70717791e-03            6.65220145e-03            2.57103918e-02            9.86571366e-02            3.58011899e-01            7.20681596e-01
            2.68538528e-01            1.20860638e+00            1.21051539e+00            1.70712902e-03            6.65198456e-03            2.57091645e-02            9.86466067e-02            3.57891531e-01            7.19908972e-01
            2.69607864e-01            1.20768316e+00            1.20960764e+00            1.70707994e-03            6.65176681e-03            2.57079323e-02            9.86360359e-02            3.57770724e-01            7.19134104e-01
            2.70681458e-01            1.20675724e+00            1.20869717e+00            1.70703066e-03            6.65154821e-03            2.57066953e-02            9.86254243e-02            3.57649478e-01            7.18356990e-01
            2.71759327e-01            1.20582859e+00            1.20778395e+00            1.70698119e-03            6.65132874e-03            2.57054535e-02            9.86147715e-02            3.57527790e-01            7.17577627e-01
            2.72841488e-01            1.20489721e+00            1.20686799e+00            1.70693152e-03            6.65110841e-03            2.57042068e-02            9.86040775e-02            3.57405659e-01            7.16796010e-01
            2.73927958e-01            1.20396310e+00            1.20594929e+00            1.70688165e-03            6.65088720e-03            2.57029551e-02            9.85933421e-02            3.57283084e-01            7.16012137e-01
            2.75018755e-01            1.20302626e+00            1.20502783e+00            1.70683159e-03            6.65066513e-03            2.57016986e-02            9.85825650e-02            3.57160063e-01            7.15226006e-01
            2.76113896e-01            1.20208668e+00            1.20410361e+00            1.70678133e-03            6.65044217e-03            2.57004371e-02            9.85717463e-02            3.57036595e-01            7.14437612e-01
            2.77213397e-01            1.20114436e+00            1.20317664e+00            1.70673087e-03            6.65021834e-03            2.56991706e-02            9.85608857e-02            3.56912678e-01            7.13646953e-01
            2.78317277e-01            1.20019929e+00            1.20224689e+00            1.70668022e-03            6.64999362e-03            2.56978991e-02            9.85499830e-02            3.56788311e-01            7.12854026e-01
            2.79425552e-01            1.19925147e+00            1.20131438e+00            1.70662936e-03            6.64976801e-03            2.56966227e-02            9.85390381e-02            3.56663492e-01            7.12058827e-01
            2.80538241e-01            1.19830089e+00            1.20037909e+00            1.70657830e-03            6.64954152e-03            2.56953412e-02            9.85280509e-02            3.56538220e-01            7.11261355e-01
            2.81655360e-01            1.19734755e+00            1.19944102e+00            1.70652704e-03            6.64931413e-03            2.56940547e-02            9.85170211e-02            3.56412493e-01            7.10461605e-01
            2.82776928e-01            1.19639145e+00            1.19850016e+00            1.70647558e-03            6.64908584e-03            2.56927632e-02            9.85059487e-02            3.56286311e-01            7.09659575e-01
            2.83902962e-01            1.19543258e+00            1.19755651e+00            1.70642391e-03            6.64885665e-03            2.56914665e-02            9.84948334e-02            3.56159671e-01            7.08855263e-01
            2.85033479e-01            1.19447094e+00            1.19661007e+00            1.70637204e-03            6.64862656e-03            2.56901648e-02            9.84836751e-02            3.56032572e-01            7.08048664e-01
            2.86168499e-01            1.19350653e+00            1.19566084e+00            1.70631996e-03            6.64839555e-03            2.56888580e-02            9.84724737e-02            3.55905012e-01            7.07239777e-01
            2.87308038e-01            1.19253933e+00            1.19470880e+00            1.70626768e-03            6.64816364e-03            2.56875460e-02            9.84612289e-02            3.55776990e-01            7.06428599e-01
            2.88452116e-01            1.19156935e+00            1.19375395e+00            1.70621520e-03            6.64793081e-03            2.56862288e-02            9.84499407e-02            3.55648505e-01            7.05615126e-01
            2.89600748e-01            1.19059658e+00            1.19279629e+00            1.70616250e-03            6.64769706e-03            2.56849065e-02            9.84386088e-02            3.55519555e-01            7.04799357e-01
            2.90753955e-01            1.18962102e+00            1.19183581e+00            1.70610960e-03            6.64746239e-03            2.56835790e-02            9.84272331e-02            3.55390139e-01            7.03981287e-01
            2.91911754e-01            1.18864267e+00            1.19087251e+00            1.70605648e-03            6.64722679e-03            2.56822462e-02            9.84158134e-02            3.55260255e-01            7.03160916e-01
            2.93074163e-01            1.18766152e+00            1.18990639e+00            1.70600316e-03            6.64699027e-03            2.56809083e-02            9.84043495e-02            3.55129901e-01            7.02338239e-01
            2.94241202e-01            1.18667756e+00            1.18893744e+00            1.70594963e-03            6.64675281e-03            2.56795650e-02            9.83928414e-02            3.54999076e-01            7.01513254e-01
            2.95412887e-01            1.18569080e+00            1.18796565e+00            1.70589588e-03            6.64651441e-03            2.56782165e-02            9.83812888e-02            3.54867779e-01            7.00685960e-01
            2.96589238e-01            1.18470123e+00            1.18699103e+00            1.70584193e-03            6.64627507e-03            2.56768627e-02            9.83696916e-02            3.54736007e-01            6.99856352e-01
            2.97770273e-01            1.18370884e+00            1.18601357e+00            1.70578776e-03            6.64603479e-03            2.56755036e-02            9.83580495e-02            3.54603761e-01            6.99024429e-01
            2.98956012e-01            1.18271363e+00            1.18503325e+00            1.70573337e-03            6.64579356e-03            2.56741391e-02            9.83463625e-02            3.54471037e-01            6.98190188e-01
            3.00146472e-01            1.18171561e+00            1.18405009e+00            1.70567878e-03            6.64555138e-03            2.56727693e-02            9.83346303e-02            3.54337835e-01            6.97353627e-01
            3.01341672e-01            1.18071475e+00            1.18306407e+00            1.70562396e-03            6.64530824e-03            2.56713941e-02            9.83228529e-02            3.54204152e-01            6.96514743e-01
            3.02541632e-01            1.17971107e+00            1.18207520e+00            1.70556893e-03            6.64506414e-03            2.56700135e-02            9.83110299e-02            3.54069988e-01            6.95673533e-01
            3.03746370e-01            1.17870456e+00            1.18108346e+00            1.70551368e-03            6.64481908e-03            2.56686274e-02            9.82991613e-02            3.53935341e-01            6.94829996e-01
            3.04955905e-01            1.17769521e+00            1.18008885e+00            1.70545822e-03            6.64457306e-03            2.56672359e-02            9.82872469e-02            3.53800210e-01            6.93984129e-01
            3.06170257e-01            1.17668302e+00            1.17909137e+00            1.70540253e-03            6.64432606e-03            2.56658390e-02            9.82752865e-02            3.53664592e-01            6.93135929e-01
            3.07389445e-01            1.17566799e+00            1.17809102e+00            1.70534662e-03            6.64407809e-03            2.56644366e-02            9.82632799e-02            3.53528486e-01            6.92285394e-01
            3.08613487e-01            1.17465011e+00            1.17708779e+00            1.70529050e-03            6.64382914e-03            2.56630286e-02            9.82512270e-02            3.53391891e-01            6.91432523e-01
            3.09842404e-01            1.17362938e+00            1.17608167e+00            1.70523415e-03            6.64357921e-03            2.56616152e-02            9.82391276e-02            3.53254805e-01            6.90577312e-01
            3.11076214e-01            1.17260580e+00            1.17507267e+00            1.70517758e-03            6.64332829e-03            2.56601961e-02            9.82269815e-02            3.53117227e-01            6.89719761e-01
            3.12314937e-01            1.17157936e+00            1.17406078e+00            1.70512079e-03            6.64307638e-03            2.56587716e-02            9.82147885e-02            3.52979155e-01            6.88859865e-01
            3.13558593e-01            1.17055007e+00            1.17304599e+00            1.70506377e-03            6.64282348e-03            2.56573414e-02            9.82025485e-02            3.52840587e-01            6.87997624e-01
            3.14807202e-01            1.16951791e+00            1.17202830e+00            1.70500653e-03            6.64256959e-03            2.56559056e-02            9.81902613e-02            3.52701522e-01            6.87133035e-01
            3.16060782e-01            1.16848288e+00            1.17100771e+00            1.70494906e-03            6.64231469e-03            2.56544641e-02            9.81779268e-02            3.52561959e-01            6.86266096e-01
            3.17319354e-01            1.16744498e+00            1.16998421e+00            1.70489136e-03            6.64205878e-03            2.56530171e-02            9.81655446e-02            3.52421896e-01            6.85396805e-01
            3.18582938e-01            1.16640421e+00            1.16895781e+00            1.70483344e-03            6.64180187e-03            2.56515643e-02            9.81531148e-02            3.52281330e-01            6.84525161e-01
            3.19851553e-01            1.16536057e+00            1.16792848e+00            1.70477529e-03            6.64154394e-03            2.56501058e-02            9.81406370e-02            3.52140262e-01            6.83651160e-01
            3.21125221e-01            1.16431404e+00            1.16689625e+00            1.70471690e-03            6.64128500e-03            2.56486416e-02            9.81281111e-02            3.51998688e-01            6.82774802e-01
            3.22403960e-01            1.16326464e+00            1.16586108e+00            1.70465829e-03            6.64102503e-03            2.56471717e-02            9.81155370e-02            3.51856608e-01            6.81896085e-01
            3.23687791e-01            1.16221235e+00            1.16482300e+00            1.70459945e-03            6.64076405e-03            2.56456960e-02            9.81029144e-02            3.51714020e-01            6.81015006e-01
            3.24976734e-01            1.16115717e+00            1.16378199e+00            1.70454037e-03            6.64050203e-03            2.56442144e-02            9.80902431e-02            3.51570922e-01            6.80131563e-01
            3.26270810e-01            1.16009910e+00            1.16273804e+00            1.70448106e-03            6.64023898e-03            2.56427271e-02            9.80775231e-02            3.51427313e-01            6.79245756e-01
            3.27570039e-01            1.15903813e+00            1.16169116e+00            1.70442152e-03            6.63997489e-03            2.56412340e-02            9.80647541e-02            3.51283191e-01            6.78357582e-01
            3.28874442e-01            1.15797427e+00            1.16064134e+00            1.70436174e-03            6.63970976e-03            2.56397350e-02            9.80519359e-02            3.51138555e-01            6.77467039e-01
            3.30184039e-01            1.15690751e+00            1.15958857e+00            1.70430173e-03            6.63944358e-03            2.56382301e-02            9.80390683e-02            3.50993402e-01            6.76574126e-01
            3.31498850e-01            1.15583785e+00            1.15853286e+00            1.70424147e-03            6.63917636e-03            2.56367193e-02            9.80261512e-02            3.50847732e-01            6.75678842e-01
            3.32818898e-01            1.15476528e+00            1.15747420e+00            1.70418099e-03            6.63890808e-03            2.56352025e-02            9.80131844e-02            3.50701543e-01            6.74781184e-01
            3.34144202e-01            1.15368980e+00            1.15641259e+00            1.70412026e-03            6.63863875e-03            2.56336799e-02            9.80001677e-02            3.50554833e-01            6.73881152e-01
            3.35474783e-01            1.15261142e+00            1.15534802e+00            1.70405929e-03            6.63836835e-03            2.56321512e-02            9.79871008e-02            3.50407600e-01            6.72978743e-01
            3.36810663e-01            1.15153011e+00            1.15428050e+00            1.70399808e-03            6.63809689e-03            2.56306166e-02            9.79739837e-02            3.50259844e-01            6.72073956e-01
            3.38151862e-01            1.15044590e+00            1.15321000e+00            1.70393663e-03            6.63782436e-03            2.56290759e-02            9.79608162e-02            3.50111561e-01            6.71166790e-01
            3.39498402e-01            1.14935876e+00            1.15213655e+00            1.70387494e-03            6.63755076e-03            2.56275292e-02            9.79475979e-02            3.49962752e-01            6.70257244e-01
            3.40850304e-01            1.14826871e+00            1.15106012e+00            1.70381301e-03            6.63727607e-03            2.56259765e-02            9.79343289e-02            3.49813413e-01            6.69345315e-01
            3.42207590e-01            1.14717573e+00            1.14998073e+00            1.70375083e-03            6.63700031e-03            2.56244176e-02            9.79210088e-02            3.49663544e-01            6.68431004e-01
            3.43570280e-01            1.14607982e+00            1.14889835e+00            1.70368840e-03            6.63672345e-03            2.56228526e-02            9.79076374e-02            3.49513142e-01            6.67514308e-01
            3.44938397e-01            1.14498098e+00            1.14781300e+00            1.70362573e-03            6.63644551e-03            2.56212815e-02            9.78942147e-02            3.49362207e-01            6.66595226e-01
            3.46311961e-01            1.14387922e+00            1.14672467e+00            1.70356281e-03            6.63616647e-03            2.56197043e-02            9.78807404e-02            3.49210737e-01            6.65673758e-01
            3.47690995e-01            1.14277452e+00            1.14563335e+00            1.70349965e-03            6.63588633e-03            2.56181208e-02            9.78672143e-02            3.49058729e-01            6.64749901e-01
            3.49075521e-01            1.14166689e+00            1.14453905e+00            1.70343623e-03            6.63560509e-03            2.56165312e-02            9.78536362e-02            3.48906182e-01            6.63823656e-01
            3.50465559e-01            1.14055631e+00            1.14344175e+00            1.70337256e-03            6.63532274e-03            2.56149353e-02            9.78400059e-02            3.48753095e-01            6.62895020e-01
            3.51861133e-01            1.13944280e+00            1.14234146e+00            1.70330865e-03            6.63503928e-03            2.56133332e-02            9.78263233e-02            3.48599466e-01            6.61963994e-01
            3.53262265e-01            1.13832635e+00            1.14123818e+00            1.70324448e-03            6.63475470e-03            2.56117247e-02            9.78125881e-02            3.48445294e-01            6.61030576e-01
            3.54668975e-01            1.13720695e+00            1.14013190e+00            1.70318005e-03            6.63446901e-03            2.56101100e-02            9.77988001e-02            3.48290576e-01            6.60094764e-01
            3.56081287e-01            1.13608460e+00            1.13902262e+00            1.70311538e-03            6.63418218e-03            2.56084890e-02            9.77849592e-02            3.48135311e-01            6.59156559e-01
            3.57499223e-01            1.13495931e+00            1.13791033e+00            1.70305045e-03            6.63389423e-03            2.56068616e-02            9.77710652e-02            3.47979497e-01            6.58215960e-01
            3.58922806e-01            1.13383107e+00            1.13679503e+00            1.70298526e-03            6.63360514e-03            2.56052278e-02            9.77571178e-02            3.47823133e-01            6.57272965e-01
            3.60352057e-01            1.13269987e+00            1.13567673e+00            1.70291981e-03            6.63331491e-03            2.56035876e-02            9.77431168e-02            3.47666218e-01            6.56327574e-01
            3.61787000e-01            1.13156572e+00            1.13455542e+00            1.70285411e-03            6.63302354e-03            2.56019410e-02            9.77290622e-02            3.47508748e-01            6.55379787e-01
            3.63227656e-01            1.13042862e+00            1.13343109e+00            1.70278815e-03            6.63273103e-03            2.56002880e-02            9.77149536e-02            3.47350723e-01            6.54429602e-01
            3.64674049e-01            1.12928855e+00            1.13230374e+00            1.70272193e-03            6.63243736e-03            2.55986284e-02            9.77007909e-02            3.47192142e-01            6.53477019e-01
            3.66126202e-01            1.12814553e+00            1.13117337e+00            1.70265545e-03            6.63214253e-03            2.55969624e-02            9.76865738e-02            3.47033001e-01            6.52522038e-01
            3.67584138e-01            1.12699955e+00            1.13003999e+00            1.70258870e-03            6.63184655e-03            2.55952899e-02            9.76723022e-02            3.46873300e-01            6.51564658e-01
            3.69047879e-01            1.12585060e+00            1.12890357e+00            1.70252169e-03            6.63154940e-03            2.55936108e-02            9.76579759e-02            3.46713038e-01            6.50604879e-01
            3.70517449e-01            1.12469869e+00            1.12776414e+00            1.70245442e-03            6.63125108e-03            2.55919251e-02            9.76435946e-02            3.46552211e-01            6.49642701e-01
            3.71992871e-01            1.12354381e+00            1.12662167e+00            1.70238688e-03            6.63095158e-03            2.55902328e-02            9.76291582e-02            3.46390819e-01            6.48678122e-01
            3.73474168e-01            1.12238597e+00            1.12547617e+00            1.70231908e-03            6.63065091e-03            2.55885339e-02            9.76146665e-02            3.46228861e-01            6.47711143e-01
            3.74961363e-01            1.12122515e+00            1.12432764e+00            1.70225101e-03            6.63034905e-03            2.55868283e-02            9.76001192e-02            3.46066333e-01            6.46741763e-01
            3.76454481e-01            1.12006137e+00            1.12317608e+00            1.70218267e-03            6.63004600e-03            2.55851161e-02            9.75855162e-02            3.45903235e-01            6.45769983e-01
            3.77953544e-01            1.11889462e+00            1.12202148e+00            1.70211406e-03            6.62974176e-03            2.55833972e-02            9.75708572e-02            3.45739565e-01            6.44795802e-01
            3.79458577e-01            1.11772489e+00            1.12086384e+00            1.70204518e-03            6.62943633e-03            2.55816715e-02            9.75561421e-02            3.45575321e-01            6.43819221e-01
            3.80969603e-01            1.11655218e+00            1.11970315e+00            1.70197603e-03            6.62912969e-03            2.55799391e-02            9.75413706e-02            3.45410501e-01            6.42840238e-01
            3.82486645e-01            1.11537651e+00            1.11853943e+00            1.70190660e-03            6.62882184e-03            2.55781999e-02            9.75265425e-02            3.45245104e-01            6.41858854e-01
            3.84009729e-01            1.11419785e+00            1.11737266e+00            1.70183691e-03            6.62851279e-03            2.55764539e-02            9.75116577e-02            3.45079128e-01            6.40875070e-01
            3.85538878e-01            1.11301622e+00            1.11620284e+00            1.70176694e-03            6.62820251e-03            2.55747010e-02            9.74967159e-02            3.44912572e-01            6.39888885e-01
            3.87074116e-01            1.11183161e+00            1.11502998e+00            1.70169669e-03            6.62789102e-03            2.55729413e-02            9.74817168e-02            3.44745433e-01            6.38900300e-01
            3.88615467e-01            1.11064401e+00            1.11385406e+00            1.70162616e-03            6.62757830e-03            2.55711747e-02            9.74666604e-02            3.44577710e-01            6.37909315e-01
            3.90162956e-01            1.10945344e+00            1.11267510e+00            1.70155536e-03            6.62726435e-03            2.55694013e-02            9.74515464e-02            3.44409402e-01            6.36915929e-01
            3.91716607e-01            1.10825989e+00            1.11149308e+00            1.70148428e-03            6.62694916e-03            2.55676208e-02            9.74363745e-02            3.44240506e-01            6.35920145e-01
            3.93276445e-01            1.10706335e+00            1.11030800e+00            1.70141292e-03            6.62663274e-03            2.55658334e-02            9.74211446e-02            3.44071020e-01            6.34921961e-01
            3.94842495e-01            1.10586383e+00            1.10911987e+00            1.70134128e-03            6.62631507e-03            2.55640390e-02            9.74058564e-02            3.43900944e-01            6.33921378e-01
            3.96414780e-01            1.10466133e+00            1.10792869e+00            1.70126935e-03            6.62599615e-03            2.55622376e-02            9.73905098e-02            3.43730275e-01            6.32918397e-01
            3.97993326e-01            1.10345584e+00            1.10673444e+00            1.70119715e-03            6.62567597e-03            2.55604292e-02            9.73751044e-02            3.43559011e-01            6.31913019e-01
            3.99578159e-01            1.10224737e+00            1.10553713e+00            1.70112465e-03            6.62535454e-03            2.55586136e-02            9.73596402e-02            3.43387152e-01            6.30905244e-01
            4.01169302e-01            1.10103591e+00            1.10433676e+00            1.70105188e-03            6.62503184e-03            2.55567910e-02            9.73441169e-02            3.43214694e-01            6.29895073e-01
            4.02766781e-01            1.09982146e+00            1.10313333e+00            1.70097881e-03            6.62470788e-03            2.55549612e-02            9.73285343e-02            3.43041637e-01            6.28882506e-01
            4.04370621e-01            1.09860403e+00            1.10192683e+00            1.70090546e-03            6.62438264e-03            2.55531243e-02            9.73128921e-02            3.42867979e-01            6.27867545e-01
            4.05980848e-01            1.09738361e+00            1.10071726e+00            1.70083182e-03            6.62405611e-03            2.55512802e-02            9.72971902e-02            3.42693717e-01            6.26850189e-01
            4.07597487e-01            1.09616021e+00            1.09950464e+00            1.70075789e-03            6.62372831e-03            2.55494289e-02            9.72814282e-02            3.42518851e-01            6.25830441e-01
            4.09220564e-01            1.09493381e+00            1.09828894e+00            1.70068366e-03            6.62339922e-03            2.55475704e-02            9.72656061e-02            3.42343378e-01            6.24808301e-01
            4.10850104e-01            1.09370443e+00            1.09707017e+00            1.70060915e-03            6.62306883e-03            2.55457046e-02            9.72497236e-02            3.42167297e-01            6.23783771e-01
            4.12486132e-01            1.09247206e+00            1.09584834e+00            1.70053434e-03            6.62273714e-03            2.55438315e-02            9.72337804e-02            3.41990606e-01            6.22756850e-01
            4.14128676e-01            1.09123670e+00            1.09462343e+00            1.70045924e-03            6.62240415e-03            2.55419511e-02            9.72177764e-02            3.41813303e-01            6.21727541e-01
            4.15777760e-01            1.08999835e+00            1.09339546e+00            1.70038384e-03            6.62206985e-03            2.55400633e-02            9.72017113e-02            3.41635386e-01            6.20695845e-01
            4.17433411e-01            1.08875702e+00            1.09216441e+00            1.70030815e-03            6.62173424e-03            2.55381682e-02            9.71855849e-02            3.41456854e-01            6.19661762e-01
            4.19095655e-01            1.08751269e+00            1.09093029e+00            1.70023215e-03            6.62139731e-03            2.55362656e-02            9.71693970e-02            3.41277705e-01            6.18625295e-01
            4.20764517e-01            1.08626538e+00            1.08969310e+00            1.70015586e-03            6.62105905e-03            2.55343556e-02            9.71531473e-02            3.41097937e-01            6.17586445e-01
            4.22440026e-01            1.08501508e+00            1.08845283e+00            1.70007927e-03            6.62071946e-03            2.55324382e-02            9.71368357e-02            3.40917549e-01            6.16545213e-01
            4.24122206e-01            1.08376180e+00            1.08720949e+00            1.70000237e-03            6.62037854e-03            2.55305133e-02            9.71204618e-02            3.40736538e-01            6.15501600e-01
            4.25811085e-01            1.08250552e+00            1.08596308e+00            1.69992518e-03            6.62003628e-03            2.55285808e-02            9.71040255e-02            3.40554903e-01            6.14455609e-01
            4.27506689e-01            1.08124626e+00            1.08471359e+00            1.69984767e-03            6.61969267e-03            2.55266408e-02            9.70875266e-02            3.40372642e-01            6.13407241e-01
            4.29209045e-01            1.07998401e+00            1.08346103e+00            1.69976987e-03            6.61934771e-03            2.55246932e-02            9.70709648e-02            3.40189754e-01            6.12356498e-01
            4.30918181e-01            1.07871878e+00            1.08220539e+00            1.69969176e-03            6.61900140e-03            2.55227381e-02            9.70543399e-02            3.40006236e-01            6.11303381e-01
            4.32634121e-01            1.07745056e+00            1.08094667e+00            1.69961334e-03            6.61865373e-03            2.55207752e-02            9.70376516e-02            3.39822087e-01            6.10247892e-01
            4.34356895e-01            1.07617936e+00            1.07968488e+00            1.69953461e-03            6.61830469e-03            2.55188047e-02            9.70208998e-02            3.39637305e-01            6.09190034e-01
            4.36086529e-01            1.07490517e+00            1.07842002e+00            1.69945557e-03            6.61795428e-03            2.55168266e-02            9.70040842e-02            3.39451889e-01            6.08129808e-01
            4.37823051e-01            1.07362800e+00            1.07715208e+00            1.69937622e-03            6.61760249e-03            2.55148407e-02            9.69872046e-02            3.39265835e-01            6.07067217e-01
            4.39566487e-01            1.07234785e+00            1.07588106e+00            1.69929656e-03            6.61724932e-03            2.55128470e-02            9.69702607e-02            3.39079144e-01            6.06002262e-01
            4.41316866e-01            1.07106471e+00            1.07460697e+00            1.69921658e-03            6.61689476e-03            2.55108456e-02            9.69532523e-02            3.38891812e-01            6.04934945e-01
            4.43074215e-01            1.06977860e+00            1.07332980e+00            1.69913629e-03            6.61653881e-03            2.55088363e-02            9.69361791e-02            3.38703839e-01            6.03865270e-01
            4.44838562e-01            1.06848950e+00            1.07204956e+00            1.69905569e-03            6.61618146e-03            2.55068193e-02            9.69190410e-02            3.38515222e-01            6.02793238e-01
            4.46609935e-01            1.06719743e+00            1.07076624e+00            1.69897477e-03            6.61582271e-03            2.55047943e-02            9.69018378e-02            3.38325959e-01            6.01718851e-01
            4.48388361e-01            1.06590238e+00            1.06947985e+00            1.69889352e-03            6.61546255e-03            2.55027614e-02            9.68845690e-02            3.38136050e-01            6.00642113e-01
            4.50173869e-01            1.06460435e+00            1.06819038e+00            1.69881196e-03            6.61510098e-03            2.55007206e-02            9.68672347e-02            3.37945491e-01            5.99563025e-01
            4.51966488e-01            1.06330335e+00            1.06689785e+00            1.69873008e-03            6.61473798e-03            2.54986719e-02            9.68498344e-02            3.37754282e-01            5.98481590e-01
            4.53766244e-01            1.06199938e+00            1.06560224e+00            1.69864788e-03            6.61437356e-03            2.54966151e-02            9.68323679e-02            3.37562420e-01            5.97397812e-01
            4.55573167e-01            1.06069243e+00            1.06430355e+00            1.69856535e-03            6.61400771e-03            2.54945504e-02            9.68148351e-02            3.37369903e-01            5.96311692e-01
            4.57387286e-01            1.05938252e+00            1.06300180e+00            1.69848250e-03            6.61364042e-03            2.54924775e-02            9.67972357e-02            3.37176731e-01            5.95223233e-01
            4.59208628e-01            1.05806963e+00            1.06169698e+00            1.69839932e-03            6.61327169e-03            2.54903966e-02            9.67795694e-02            3.36982900e-01            5.94132439e-01
            4.61037223e-01            1.05675378e+00            1.06038908e+00            1.69831582e-03            6.61290151e-03            2.54883076e-02            9.67618359e-02            3.36788410e-01            5.93039312e-01
            4.62873100e-01            1.05543496e+00            1.05907812e+00            1.69823199e-03            6.61252988e-03            2.54862104e-02            9.67440352e-02            3.36593258e-01            5.91943856e-01
            4.64716287e-01            1.05411318e+00            1.05776409e+00            1.69814782e-03            6.61215679e-03            2.54841051e-02            9.67261668e-02            3.36397443e-01            5.90846073e-01
            4.66566814e-01            1.05278843e+00            1.05644700e+00            1.69806333e-03            6.61178224e-03            2.54819915e-02            9.67082306e-02            3.36200963e-01            5.89745966e-01
            4.68424710e-01            1.05146073e+00            1.05512684e+00            1.69797850e-03            6.61140622e-03            2.54798697e-02            9.66902264e-02            3.36003816e-01            5.88643540e-01
            4.70290004e-01            1.05013007e+00            1.05380361e+00            1.69789335e-03            6.61102872e-03            2.54777397e-02            9.66721538e-02            3.35806000e-01            5.87538796e-01
            4.72162725e-01            1.04879645e+00            1.05247732e+00            1.69780785e-03            6.61064973e-03            2.54756013e-02            9.66540127e-02            3.35607513e-01            5.86431740e-01
            4.74042905e-01            1.04745988e+00            1.05114798e+00            1.69772202e-03            6.61026927e-03            2.54734546e-02            9.66358027e-02            3.35408354e-01            5.85322373e-01
            4.75930571e-01            1.04612036e+00            1.04981557e+00            1.69763585e-03            6.60988730e-03            2.54712995e-02            9.66175237e-02            3.35208521e-01            5.84210700e-01
            4.77825753e-01            1.04477789e+00            1.04848010e+00            1.69754935e-03            6.60950384e-03            2.54691360e-02            9.65991753e-02            3.35008012e-01            5.83096724e-01
            4.79728483e-01            1.04343247e+00            1.04714158e+00            1.69746250e-03            6.60911888e-03            2.54669641e-02            9.65807574e-02            3.34806825e-01            5.81980449e-01
            4.81638789e-01            1.04208411e+00            1.04580000e+00            1.69737531e-03            6.60873240e-03            2.54647838e-02            9.65622697e-02            3.34604959e-01            5.80861879e-01
            4.83556702e-01            1.04073280e+00            1.04445537e+00            1.69728778e-03            6.60834441e-03            2.54625949e-02            9.65437120e-02            3.34402411e-01            5.79741017e-01
            4.85482253e-01            1.03937856e+00            1.04310768e+00            1.69719991e-03            6.60795490e-03            2.54603975e-02            9.65250839e-02            3.34199180e-01            5.78617868e-01
            4.87415471e-01            1.03802138e+00            1.04175695e+00            1.69711169e-03            6.60756385e-03            2.54581916e-02            9.65063853e-02            3.33995264e-01            5.77492435e-01
            4.89356387e-01            1.03666126e+00            1.04040317e+00            1.69702312e-03            6.60717128e-03            2.54559771e-02            9.64876158e-02            3.33790661e-01            5.76364723e-01
            4.91305033e-01            1.03529822e+00            1.03904634e+00            1.69693421e-03            6.60677716e-03            2.54537539e-02            9.64687753e-02            3.33585369e-01            5.75234735e-01
            4.93261437e-01            1.03393225e+00            1.03768648e+00            1.69684494e-03            6.60638150e-03            2.54515221e-02            9.64498635e-02            3.33379387e-01            5.74102476e-01
            4.95225633e-01            1.03256335e+00            1.03632357e+00            1.69675533e-03            6.60598429e-03            2.54492816e-02            9.64308801e-02            3.33172713e-01            5.72967951e-01
            4.97197650e-01            1.03119153e+00            1.03495762e+00            1.69666536e-03            6.60558552e-03            2.54470323e-02            9.64118248e-02            3.32965344e-01            5.71831163e-01
            4.99177519e-01            1.02981679e+00            1.03358863e+00            1.69657504e-03            6.60518518e-03            2.54447744e-02            9.63926975e-02            3.32757280e-01            5.70692118e-01
            5.01165273e-01            1.02843913e+00            1.03221661e+00            1.69648437e-03            6.60478328e-03            2.54425076e-02            9.63734978e-02            3.32548518e-01            5.69550819e-01
            5.03160941e-01            1.02705856e+00            1.03084156e+00            1.69639334e-03            6.60437980e-03            2.54402320e-02            9.63542255e-02            3.32339056e-01            5.68407272e-01
            5.05164557e-01            1.02567508e+00            1.02946348e+00            1.69630195e-03            6.60397474e-03            2.54379475e-02            9.63348803e-02            3.32128893e-01            5.67261481e-01
            5.07176151e-01            1.02428870e+00            1.02808237e+00            1.69621020e-03            6.60356809e-03            2.54356542e-02            9.63154620e-02            3.31918027e-01            5.66113450e-01
            5.09195756e-01            1.02289941e+00            1.02669824e+00            1.69611809e-03            6.60315984e-03            2.54333519e-02            9.62959703e-02            3.31706456e-01            5.64963185e-01
            5.11223403e-01            1.02150723e+00            1.02531109e+00            1.69602562e-03            6.60275000e-03            2.54310407e-02            9.62764050e-02            3.31494178e-01            5.63810691e-01
            5.13259123e-01            1.02011215e+00            1.02392092e+00            1.69593279e-03            6.60233855e-03            2.54287204e-02            9.62567658e-02            3.31281191e-01            5.62655973e-01
            5.15302951e-01            1.01871418e+00            1.02252774e+00            1.69583959e-03            6.60192548e-03            2.54263912e-02            9.62370523e-02            3.31067494e-01            5.61499036e-01
            5.17354917e-01            1.01731332e+00            1.02113154e+00            1.69574603e-03            6.60151080e-03            2.54240529e-02            9.62172645e-02            3.30853085e-01            5.60339885e-01
            5.19415054e-01            1.01590958e+00            1.01973234e+00            1.69565210e-03            6.60109449e-03            2.54217055e-02            9.61974019e-02            3.30637961e-01            5.59178525e-01
            5.21483394e-01            1.01450295e+00            1.01833013e+00            1.69555780e-03            6.60067656e-03            2.54193489e-02            9.61774644e-02            3.30422122e-01            5.58014962e-01
            5.23559971e-01            1.01309346e+00            1.01692492e+00            1.69546313e-03            6.60025698e-03            2.54169832e-02            9.61574517e-02            3.30205565e-01            5.56849202e-01
            5.25644817e-01            1.01168109e+00            1.01551671e+00            1.69536809e-03            6.59983576e-03            2.54146083e-02            9.61373634e-02            3.29988288e-01            5.55681249e-01
            5.27737964e-01            1.01026585e+00            1.01410551e+00            1.69527267e-03            6.59941289e-03            2.54122242e-02            9.61171994e-02            3.29770290e-01            5.54511110e-01
            5.29839447e-01            1.00884775e+00            1.01269131e+00            1.69517688e-03            6.59898836e-03            2.54098308e-02            9.60969593e-02            3.29551569e-01            5.53338790e-01
            5.31949298e-01            1.00742679e+00            1.01127413e+00            1.69508072e-03            6.59856217e-03            2.54074281e-02            9.60766429e-02            3.29332122e-01            5.52164295e-01
            5.34067551e-01            1.00600298e+00            1.00985396e+00            1.69498418e-03            6.59813431e-03            2.54050161e-02            9.60562499e-02            3.29111949e-01            5.50987631e-01
            5.36194238e-01            1.00457632e+00            1.00843082e+00            1.69488726e-03            6.59770478e-03            2.54025946e-02            9.60357801e-02            3.28891047e-01            5.49808804e-01
            5.38329395e-01            1.00314682e+00            1.00700469e+00            1.69478995e-03            6.59727356e-03            2.54001638e-02            9.60152332e-02            3.28669415e-01            5.48627820e-01
            5.40473053e-01            1.00171447e+00            1.00557560e+00            1.69469227e-03            6.59684065e-03            2.53977235e-02            9.59946088e-02            3.28447050e-01            5.47444685e-01
            5.42625248e-01            1.00027929e+00            1.00414354e+00            1.69459420e-03            6.59640605e-03            2.53952738e-02            9.59739068e-02            3.28223952e-01            5.46259405e-01
            5.44786013e-01            9.98841283e-01            1.00270851e+00            1.69449575e-03            6.59596975e-03            2.53928145e-02            9.59531269e-02            3.28000117e-01            5.45071987e-01
            5.46955382e-01            9.97400447e-01            1.00127052e+00            1.69439691e-03            6.59553173e-03            2.53903457e-02            9.59322687e-02            3.27775544e-01            5.43882438e-01
            5.49133389e-01            9.95956791e-01            9.99829584e-01            1.69429769e-03            6.59509201e-03            2.53878673e-02            9.59113320e-02            3.27550232e-01            5.42690763e-01
            5.51320070e-01            9.94510321e-01            9.98385692e-01            1.69419807e-03            6.59465056e-03            2.53853792e-02            9.58903166e-02            3.27324179e-01            5.41496969e-01
            5.53515458e-01            9.93061040e-01            9.96938855e-01            1.69409807e-03            6.59420738e-03            2.53828815e-02            9.58692221e-02            3.27097382e-01            5.40301063e-01
            5.55719589e-01            9.91608956e-01            9.95489076e-01            1.69399767e-03            6.59376247e-03            2.53803741e-02            9.58480483e-02            3.26869840e-01            5.39103053e-01
            5.57932496e-01            9.90154072e-01            9.94036360e-01            1.69389688e-03            6.59331582e-03            2.53778570e-02            9.58267948e-02            3.26641552e-01            5.37902944e-01
            5.60154215e-01            9.88696395e-01            9.92580713e-01            1.69379569e-03            6.59286742e-03            2.53753301e-02            9.58054615e-02            3.26412515e-01            5.36700743e-01
            5.62384781e-01            9.87235930e-01            9.91122138e-01            1.69369410e-03            6.59241726e-03            2.53727934e-02            9.57840480e-02            3.26182727e-01            5.35496458e-01
            5.64624230e-01            9.85772684e-01            9.89660642e-01            1.69359212e-03            6.59196534e-03            2.53702468e-02            9.57625540e-02            3.25952187e-01            5.34290097e-01
            5.66872596e-01            9.84306660e-01            9.88196229e-01            1.69348974e-03            6.59151166e-03            2.53676903e-02            9.57409793e-02            3.25720893e-01            5.33081665e-01
            5.69129915e-01            9.82837867e-01            9.86728904e-01            1.69338696e-03            6.59105620e-03            2.53651240e-02            9.57193236e-02            3.25488843e-01            5.31871171e-01
            5.71396223e-01            9.81366309e-01            9.85258673e-01            1.69328377e-03            6.59059895e-03            2.53625476e-02            9.56975866e-02            3.25256035e-01            5.30658621e-01
            5.73671555e-01            9.79891992e-01            9.83785542e-01            1.69318018e-03            6.59013992e-03            2.53599613e-02            9.56757680e-02            3.25022468e-01            5.29444024e-01
            5.75955948e-01            9.78414923e-01            9.82309514e-01            1.69307618e-03            6.58967909e-03            2.53573650e-02            9.56538675e-02            3.24788139e-01            5.28227388e-01
            5.78249438e-01            9.76935108e-01            9.80830597e-01            1.69297177e-03            6.58921646e-03            2.53547585e-02            9.56318848e-02            3.24553047e-01            5.27008718e-01
            5.80552060e-01            9.75452554e-01            9.79348796e-01            1.69286696e-03            6.58875202e-03            2.53521420e-02            9.56098197e-02            3.24317191e-01            5.25788025e-01
            5.82863852e-01            9.73967265e-01            9.77864117e-01            1.69276173e-03            6.58828577e-03            2.53495153e-02            9.55876719e-02            3.24080567e-01            5.24565315e-01
            5.85184849e-01            9.72479251e-01            9.76376564e-01            1.69265610e-03            6.58781769e-03            2.53468784e-02            9.55654410e-02            3.23843175e-01            5.23340596e-01
            5.87515089e-01            9.70988515e-01            9.74886146e-01            1.69255004e-03            6.58734778e-03            2.53442313e-02            9.55431268e-02            3.23605012e-01            5.22113877e-01
            5.89854607e-01            9.69495067e-01            9.73392866e-01            1.69244358e-03            6.58687603e-03            2.53415740e-02            9.55207289e-02            3.23366078e-01            5.20885166e-01
            5.92203442e-01            9.67998911e-01            9.71896733e-01            1.69233669e-03            6.58640244e-03            2.53389063e-02            9.54982472e-02            3.23126369e-01            5.19654471e-01
            5.94561630e-01            9.66500056e-01            9.70397751e-01            1.69222939e-03            6.58592699e-03            2.53362283e-02            9.54756812e-02            3.22885885e-01            5.18421800e-01
            5.96929209e-01            9.64998508e-01            9.68895927e-01            1.69212166e-03            6.58544969e-03            2.53335400e-02            9.54530308e-02            3.22644623e-01            5.17187163e-01
            5.99306215e-01            9.63494273e-01            9.67391268e-01            1.69201352e-03            6.58497052e-03            2.53308412e-02            9.54302956e-02            3.22402581e-01            5.15950566e-01
            6.01692687e-01            9.61987360e-01            9.65883781e-01            1.69190495e-03            6.58448948e-03            2.53281319e-02            9.54074753e-02            3.22159759e-01            5.14712020e-01
            6.04088662e-01            9.60477776e-01            9.64373471e-01            1.69179595e-03            6.58400656e-03            2.53254121e-02            9.53845696e-02            3.21916153e-01            5.13471533e-01
            6.06494177e-01            9.58965527e-01            9.62860345e-01            1.69168653e-03            6.58352175e-03            2.53226819e-02            9.53615782e-02            3.21671763e-01            5.12229114e-01
            6.08909272e-01            9.57450622e-01            9.61344411e-01            1.69157668e-03            6.58303504e-03            2.53199410e-02            9.53385009e-02            3.21426586e-01            5.10984771e-01
            6.11333983e-01            9.55933067e-01            9.59825676e-01            1.69146640e-03            6.58254644e-03            2.53171895e-02            9.53153373e-02            3.21180621e-01            5.09738515e-01
            6.13768350e-01            9.54412870e-01            9.58304145e-01            1.69135569e-03            6.58205592e-03            2.53144274e-02            9.52920870e-02            3.20933866e-01            5.08490353e-01
            6.16212411e-01            9.52890040e-01            9.56779827e-01            1.69124454e-03            6.58156349e-03            2.53116545e-02            9.52687500e-02            3.20686319e-01            5.07240296e-01
            6.18666204e-01            9.51364584e-01            9.55252729e-01            1.69113296e-03            6.58106914e-03            2.53088710e-02            9.52453257e-02            3.20437978e-01            5.05988352e-01
            6.21129769e-01            9.49836509e-01            9.53722858e-01            1.69102094e-03            6.58057285e-03            2.53060766e-02            9.52218140e-02            3.20188842e-01            5.04734532e-01
            6.23603143e-01            9.48305824e-01            9.52190222e-01            1.69090848e-03            6.58007463e-03            2.53032715e-02            9.51982144e-02            3.19938909e-01            5.03478844e-01
            6.26086366e-01            9.46772538e-01            9.50654827e-01            1.69079558e-03            6.57957446e-03            2.53004555e-02            9.51745268e-02            3.19688176e-01            5.02221299e-01
            6.28579478e-01            9.45236657e-01            9.49116683e-01            1.69068225e-03            6.57907233e-03            2.52976285e-02            9.51507508e-02            3.19436643e-01            5.00961906e-01
            6.31082518e-01            9.43698190e-01            9.47575795e-01            1.69056846e-03            6.57856825e-03            2.52947907e-02            9.51268861e-02            3.19184308e-01            4.99700674e-01
            6.33595524e-01            9.42157146e-01            9.46032173e-01            1.69045423e-03            6.57806219e-03            2.52919418e-02            9.51029323e-02            3.18931168e-01            4.98437615e-01
            6.36118538e-01            9.40613534e-01            9.44485825e-01            1.69033956e-03            6.57755416e-03            2.52890820e-02            9.50788893e-02            3.18677222e-01            4.97172738e-01
            6.38651599e-01            9.39067361e-01            9.42936757e-01            1.69022443e-03            6.57704415e-03            2.52862111e-02            9.50547566e-02            3.18422468e-01            4.95906053e-01
            6.41194746e-01            9.37518636e-01            9.41384979e-01            1.69010886e-03            6.57653215e-03            2.52833290e-02            9.50305340e-02            3.18166904e-01            4.94637571e-01
            6.43748020e-01            9.35967369e-01            9.39830499e-01            1.68999283e-03            6.57601814e-03            2.52804359e-02            9.50062212e-02            3.17910530e-01            4.93367301e-01
            6.46311462e-01            9.34413568e-01            9.38273324e-01            1.68987635e-03            6.57550213e-03            2.52775315e-02            9.49818178e-02            3.17653342e-01            4.92095255e-01
            6.48885111e-01            9.32857242e-01            9.36713465e-01            1.68975941e-03            6.57498411e-03            2.52746159e-02            9.49573235e-02            3.17395339e-01            4.90821443e-01
            6.51469009e-01            9.31298400e-01            9.35150928e-01            1.68964202e-03            6.57446406e-03            2.52716891e-02            9.49327380e-02            3.17136520e-01            4.89545875e-01
            6.54063196e-01            9.29737051e-01            9.33585723e-01            1.68952416e-03            6.57394199e-03            2.52687509e-02            9.49080610e-02            3.16876882e-01            4.88268563e-01
            6.56667713e-01            9.28173204e-01            9.32017859e-01            1.68940585e-03            6.57341788e-03            2.52658014e-02            9.48832923e-02            3.16616425e-01            4.86989517e-01
            6.59282601e-01            9.26606870e-01            9.30447345e-01            1.68928707e-03            6.57289172e-03            2.52628404e-02            9.48584314e-02            3.16355145e-01            4.85708749e-01
            6.61907902e-01            9.25038056e-01            9.28874189e-01            1.68916783e-03            6.57236351e-03            2.52598681e-02            9.48334780e-02            3.16093043e-01            4.84426269e-01
            6.64543657e-01            9.23466774e-01            9.27298400e-01            1.68904812e-03            6.57183324e-03            2.52568842e-02            9.48084319e-02            3.15830114e-01            4.83142088e-01
            6.67189908e-01            9.21893032e-01            9.25719988e-01            1.68892794e-03            6.57130090e-03            2.52538888e-02            9.47832927e-02            3.15566359e-01            4.81856219e-01
            6.69846697e-01            9.20316840e-01            9.24138963e-01            1.68880730e-03            6.57076649e-03            2.52508819e-02            9.47580601e-02            3.15301775e-01            4.80568672e-01
            6.72514065e-01            9.18738208e-01            9.22555333e-01            1.68868618e-03            6.57022999e-03            2.52478633e-02            9.47327338e-02            3.15036361e-01            4.79279458e-01
            6.75192054e-01            9.17157146e-01            9.20969108e-01            1.68856459e-03            6.56969139e-03            2.52448331e-02            9.47073135e-02            3.14770115e-01            4.77988591e-01
            6.77880708e-01            9.15573665e-01            9.19380298e-01            1.68844252e-03            6.56915070e-03            2.52417911e-02            9.46817988e-02            3.14503034e-01            4.76696080e-01
            6.80580068e-01            9.13987773e-01            9.17788912e-01            1.68831997e-03            6.56860790e-03            2.52387375e-02            9.46561894e-02            3.14235119e-01            4.75401939e-01
            6.83290176e-01            9.12399482e-01            9.16194961e-01            1.68819695e-03            6.56806298e-03            2.52356720e-02            9.46304849e-02            3.13966366e-01            4.74106178e-01
            6.86011077e-01            9.10808801e-01            9.14598454e-01            1.68807345e-03            6.56751594e-03            2.52325947e-02            9.46046852e-02            3.13696774e-01            4.72808811e-01
            6.88742813e-01            9.09215742e-01            9.12999401e-01            1.68794946e-03            6.56696677e-03            2.52295056e-02            9.45787898e-02            3.13426341e-01            4.71509849e-01
            6.91485426e-01            9.07620315e-01            9.11397813e-01            1.68782499e-03            6.56641545e-03            2.52264045e-02            9.45527984e-02            3.13155066e-01            4.70209304e-01
            6.94238961e-01            9.06022530e-01            9.09793700e-01            1.68770003e-03            6.56586199e-03            2.52232914e-02            9.45267107e-02            3.12882947e-01            4.68907189e-01
            6.97003460e-01            9.04422398e-01            9.08187072e-01            1.68757458e-03            6.56530637e-03            2.52201664e-02            9.45005264e-02            3.12609982e-01            4.67603516e-01
            6.99778968e-01            9.02819930e-01            9.06577940e-01            1.68744865e-03            6.56474858e-03            2.52170292e-02            9.44742450e-02            3.12336170e-01            4.66298299e-01
            7.02565528e-01            9.01215137e-01            9.04966314e-01            1.68732222e-03            6.56418862e-03            2.52138800e-02            9.44478664e-02            3.12061508e-01            4.64991549e-01
            7.05363184e-01            8.99608030e-01            9.03352206e-01            1.68719529e-03            6.56362648e-03            2.52107187e-02            9.44213902e-02            3.11785996e-01            4.63683279e-01
            7.08171980e-01            8.97998619e-01            9.01735625e-01            1.68706788e-03            6.56306215e-03            2.52075451e-02            9.43948159e-02            3.11509632e-01            4.62373502e-01
            7.10991962e-01            8.96386918e-01            9.00116584e-01            1.68693996e-03            6.56249562e-03            2.52043593e-02            9.43681434e-02            3.11232414e-01            4.61062232e-01
            7.13823172e-01            8.94772936e-01            8.98495092e-01            1.68681154e-03            6.56192689e-03            2.52011613e-02            9.43413723e-02            3.10954339e-01            4.59749481e-01
            7.16665657e-01            8.93156685e-01            8.96871162e-01            1.68668263e-03            6.56135594e-03            2.51979509e-02            9.43145022e-02            3.10675408e-01            4.58435263e-01
            7.19519461e-01            8.91538176e-01            8.95244805e-01            1.68655321e-03            6.56078276e-03            2.51947281e-02            9.42875328e-02            3.10395617e-01            4.57119591e-01
            7.22384629e-01            8.89917422e-01            8.93616031e-01            1.68642328e-03            6.56020736e-03            2.51914929e-02            9.42604637e-02            3.10114966e-01            4.55802478e-01
            7.25261206e-01            8.88294434e-01            8.91984852e-01            1.68629285e-03            6.55962971e-03            2.51882453e-02            9.42332947e-02            3.09833452e-01            4.54483938e-01
            7.28149237e-01            8.86669224e-01            8.90351281e-01            1.68616190e-03            6.55904981e-03            2.51849851e-02            9.42060254e-02            3.09551075e-01            4.53163984e-01
            7.31048769e-01            8.85041804e-01            8.88715329e-01            1.68603045e-03            6.55846766e-03            2.51817124e-02            9.41786554e-02            3.09267832e-01            4.51842631e-01
            7.33959848e-01            8.83412186e-01            8.87077007e-01            1.68589848e-03            6.55788324e-03            2.51784271e-02            9.41511845e-02            3.08983722e-01            4.50519892e-01
            7.36882518e-01            8.81780382e-01            8.85436327e-01            1.68576600e-03            6.55729654e-03            2.51751291e-02            9.41236122e-02            3.08698743e-01            4.49195781e-01
            7.39816826e-01            8.80146404e-01            8.83793303e-01            1.68563300e-03            6.55670756e-03            2.51718184e-02            9.40959382e-02            3.08412893e-01            4.47870312e-01
            7.42762819e-01            8.78510264e-01            8.82147945e-01            1.68549948e-03            6.55611629e-03            2.51684950e-02            9.40681622e-02            3.08126172e-01            4.46543500e-01
            7.45720543e-01            8.76871976e-01            8.80500266e-01            1.68536544e-03            6.55552272e-03            2.51651588e-02            9.40402839e-02            3.07838577e-01            4.45215358e-01
            7.48690045e-01            8.75231551e-01            8.78850279e-01            1.68523088e-03            6.55492684e-03            2.51618097e-02            9.40123029e-02            3.07550107e-01            4.43885902e-01
            7.51671372e-01            8.73589003e-01            8.77197996e-01            1.68509580e-03            6.55432864e-03            2.51584478e-02            9.39842188e-02            3.07260760e-01            4.42555145e-01
            7.54664570e-01            8.71944344e-01            8.75543430e-01            1.68496018e-03            6.55372812e-03            2.51550729e-02            9.39560313e-02            3.06970535e-01            4.41223103e-01
            7.57669688e-01            8.70297587e-01            8.73886593e-01            1.68482404e-03            6.55312525e-03            2.51516851e-02            9.39277401e-02            3.06679429e-01            4.39889789e-01
            7.60686772e-01            8.68648744e-01            8.72227499e-01            1.68468736e-03            6.55252005e-03            2.51482842e-02            9.38993448e-02            3.06387443e-01            4.38555220e-01
            7.63715870e-01            8.66997830e-01            8.70566160e-01            1.68455016e-03            6.55191248e-03            2.51448702e-02            9.38708451e-02            3.06094573e-01            4.37219409e-01
            7.66757031e-01            8.65344857e-01            8.68902589e-01            1.68441241e-03            6.55130256e-03            2.51414431e-02            9.38422405e-02            3.05800819e-01            4.35882372e-01
            7.69810301e-01            8.63689838e-01            8.67236800e-01            1.68427413e-03            6.55069027e-03            2.51380029e-02            9.38135309e-02            3.05506178e-01            4.34544124e-01
            7.72875730e-01            8.62032787e-01            8.65568806e-01            1.68413531e-03            6.55007559e-03            2.51345494e-02            9.37847157e-02            3.05210650e-01            4.33204680e-01
            7.75953365e-01            8.60373716e-01            8.63898621e-01            1.68399595e-03            6.54945852e-03            2.51310826e-02            9.37557947e-02            3.04914233e-01            4.31864056e-01
            7.79043256e-01            8.58712641e-01            8.62226257e-01            1.68385605e-03            6.54883906e-03            2.51276025e-02            9.37267675e-02            3.04616925e-01            4.30522267e-01
            7.82145451e-01            8.57049574e-01            8.60551729e-01            1.68371560e-03            6.54821719e-03            2.51241090e-02            9.36976338e-02            3.04318724e-01            4.29179329e-01
            7.85259999e-01            8.55384530e-01            8.58875050e-01            1.68357460e-03            6.54759290e-03            2.51206021e-02            9.36683932e-02            3.04019630e-01            4.27835257e-01
            7.88386949e-01            8.53717521e-01            8.57196234e-01            1.68343306e-03            6.54696618e-03            2.51170817e-02            9.36390453e-02            3.03719640e-01            4.26490068e-01
            7.91526351e-01            8.52048563e-01            8.55515296e-01            1.68329096e-03            6.54633703e-03            2.51135479e-02            9.36095898e-02            3.03418754e-01            4.25143776e-01
            7.94678255e-01            8.50377668e-01            8.53832249e-01            1.68314831e-03            6.54570544e-03            2.51100004e-02            9.35800263e-02            3.03116970e-01            4.23796399e-01
            7.97842709e-01            8.48704852e-01            8.52147108e-01            1.68300510e-03            6.54507139e-03            2.51064393e-02            9.35503545e-02            3.02814285e-01            4.22447952e-01
            8.01019764e-01            8.47030128e-01            8.50459887e-01            1.68286134e-03            6.54443488e-03            2.51028646e-02            9.35205740e-02            3.02510700e-01            4.21098452e-01
            8.04209471e-01            8.45353511e-01            8.48770600e-01            1.68271701e-03            6.54379589e-03            2.50992761e-02            9.34906845e-02            3.02206211e-01            4.19747915e-01
            8.07411879e-01            8.43675016e-01            8.47079262e-01            1.68257212e-03            6.54315443e-03            2.50956738e-02            9.34606855e-02            3.01900819e-01            4.18396357e-01
            8.10627040e-01            8.41994656e-01            8.45385887e-01            1.68242667e-03            6.54251047e-03            2.50920578e-02            9.34305768e-02            3.01594521e-01            4.17043795e-01
            8.13855003e-01            8.40312447e-01            8.43690491e-01            1.68228065e-03            6.54186401e-03            2.50884278e-02            9.34003579e-02            3.01287316e-01            4.15690245e-01
            8.17095820e-01            8.38628404e-01            8.41993089e-01            1.68213406e-03            6.54121505e-03            2.50847839e-02            9.33700285e-02            3.00979202e-01            4.14335725e-01
            8.20349543e-01            8.36942541e-01            8.40293695e-01            1.68198691e-03            6.54056356e-03            2.50811261e-02            9.33395883e-02            3.00670178e-01            4.12980252e-01
            8.23616222e-01            8.35254872e-01            8.38592324e-01            1.68183917e-03            6.53990954e-03            2.50774542e-02            9.33090368e-02            3.00360243e-01            4.11623841e-01
            8.26895909e-01            8.33565414e-01            8.36888993e-01            1.68169087e-03            6.53925299e-03            2.50737682e-02            9.32783737e-02            3.00049396e-01            4.10266511e-01
            8.30188655e-01            8.31874182e-01            8.35183715e-01            1.68154198e-03            6.53859389e-03            2.50700681e-02            9.32475987e-02            2.99737634e-01            4.08908279e-01
            8.33494514e-01            8.30181190e-01            8.33476507e-01            1.68139252e-03            6.53793223e-03            2.50663538e-02            9.32167113e-02            2.99424956e-01            4.07549161e-01
            8.36813537e-01            8.28486454e-01            8.31767384e-01            1.68124247e-03            6.53726800e-03            2.50626253e-02            9.31857113e-02            2.99111361e-01            4.06189176e-01
            8.40145777e-01            8.26789990e-01            8.30056363e-01            1.68109184e-03            6.53660119e-03            2.50588825e-02            9.31545981e-02            2.98796848e-01            4.04828341e-01
            8.43491285e-01            8.25091812e-01            8.28343458e-01            1.68094063e-03            6.53593180e-03            2.50551254e-02            9.31233715e-02            2.98481416e-01            4.03466673e-01
            8.46850116e-01            8.23391938e-01            8.26628686e-01            1.68078882e-03            6.53525981e-03            2.50513538e-02            9.30920311e-02            2.98165062e-01            4.02104190e-01
            8.50222322e-01            8.21690382e-01            8.24912062e-01            1.68063643e-03            6.53458522e-03            2.50475678e-02            9.30605765e-02            2.97847786e-01            4.00740910e-01
            8.53607956e-01            8.19987160e-01            8.23193604e-01            1.68048344e-03            6.53390801e-03            2.50437673e-02            9.30290074e-02            2.97529586e-01            3.99376851e-01
            8.57007071e-01            8.18282288e-01            8.21473326e-01            1.68032986e-03            6.53322817e-03            2.50399523e-02            9.29973233e-02            2.97210461e-01            3.98012032e-01
            8.60419723e-01            8.16575782e-01            8.19751247e-01            1.68017568e-03            6.53254570e-03            2.50361226e-02            9.29655239e-02            2.96890410e-01            3.96646469e-01
            8.63845963e-01            8.14867659e-01            8.18027381e-01            1.68002090e-03            6.53186058e-03            2.50322783e-02            9.29336088e-02            2.96569430e-01            3.95280182e-01
            8.67285847e-01            8.13157935e-01            8.16301746e-01            1.67986552e-03            6.53117281e-03            2.50284193e-02            9.29015776e-02            2.96247522e-01            3.93913189e-01
            8.70739429e-01            8.11446625e-01            8.14574359e-01            1.67970953e-03            6.53048237e-03            2.50245455e-02            9.28694300e-02            2.95924683e-01            3.92545508e-01
            8.74206764e-01            8.09733747e-01            8.12845235e-01            1.67955294e-03            6.52978925e-03            2.50206569e-02            9.28371656e-02            2.95600913e-01            3.91177158e-01
            8.77687905e-01            8.08019317e-01            8.11114393e-01            1.67939573e-03            6.52909345e-03            2.50167534e-02            9.28047840e-02            2.95276210e-01            3.89808157e-01
            8.81182909e-01            8.06303351e-01            8.09381849e-01            1.67923792e-03            6.52839495e-03            2.50128350e-02            9.27722848e-02            2.94950572e-01            3.88438524e-01
            8.84691830e-01            8.04585867e-01            8.07647621e-01            1.67907949e-03            6.52769374e-03            2.50089015e-02            9.27396676e-02            2.94624000e-01            3.87068279e-01
            8.88214723e-01            8.02866881e-01            8.05911726e-01            1.67892045e-03            6.52698982e-03            2.50049531e-02            9.27069321e-02            2.94296490e-01            3.85697440e-01
            8.91751645e-01            8.01146409e-01            8.04174180e-01            1.67876079e-03            6.52628317e-03            2.50009895e-02            9.26740778e-02            2.93968043e-01            3.84326026e-01
            8.95302651e-01            7.99424469e-01            8.02435002e-01            1.67860051e-03            6.52557379e-03            2.49970108e-02            9.26411045e-02            2.93638656e-01            3.82954057e-01
            8.98867798e-01            7.97701079e-01            8.00694210e-01            1.67843961e-03            6.52486166e-03            2.49930169e-02            9.26080116e-02            2.93308329e-01            3.81581551e-01
            9.02447141e-01            7.95976254e-01            7.98951820e-01            1.67827808e-03            6.52414677e-03            2.49890078e-02            9.25747988e-02            2.92977061e-01            3.80208528e-01
            9.06040737e-01            7.94250013e-01            7.97207851e-01            1.67811592e-03            6.52342911e-03            2.49849833e-02            9.25414658e-02            2.92644849e-01            3.78835008e-01
            9.09648643e-01            7.92522373e-01            7.95462321e-01            1.67795313e-03            6.52270867e-03            2.49809434e-02            9.25080121e-02            2.92311694e-01            3.77461010e-01
            9.13270916e-01            7.90793351e-01            7.93715248e-01            1.67778971e-03            6.52198545e-03            2.49768881e-02            9.24744374e-02            2.91977594e-01            3.76086553e-01
            9.16907613e-01            7.89062964e-01            7.91966650e-01            1.67762566e-03            6.52125942e-03            2.49728173e-02            9.24407412e-02            2.91642547e-01            3.74711659e-01
            9.20558792e-01            7.87331232e-01            7.90216544e-01            1.67746097e-03            6.52053059e-03            2.49687310e-02            9.24069232e-02            2.91306553e-01            3.73336345e-01
            9.24224510e-01            7.85598170e-01            7.88464951e-01            1.67729564e-03            6.51979893e-03            2.49646291e-02            9.23729830e-02            2.90969611e-01            3.71960633e-01
            9.27904825e-01            7.83863797e-01            7.86711888e-01            1.67712967e-03            6.51906445e-03            2.49605115e-02            9.23389202e-02            2.90631719e-01            3.70584543e-01
            9.31599795e-01            7.82128131e-01            7.84957373e-01            1.67696305e-03            6.51832712e-03            2.49563782e-02            9.23047343e-02            2.90292876e-01            3.69208094e-01
            9.35309479e-01            7.80391190e-01            7.83201426e-01            1.67679579e-03            6.51758694e-03            2.49522292e-02            9.22704251e-02            2.89953081e-01            3.67831308e-01
            9.39033935e-01            7.78652992e-01            7.81444065e-01            1.67662787e-03            6.51684390e-03            2.49480643e-02            9.22359921e-02            2.89612333e-01            3.66454203e-01
            9.42773222e-01            7.76913555e-01            7.79685309e-01            1.67645931e-03            6.51609799e-03            2.49438835e-02            9.22014349e-02            2.89270631e-01            3.65076802e-01
            9.46527399e-01            7.75172897e-01            7.77925177e-01            1.67629009e-03            6.51534919e-03            2.49396868e-02            9.21667531e-02            2.88927974e-01            3.63699123e-01
            9.50296525e-01            7.73431037e-01            7.76163689e-01            1.67612021e-03            6.51459749e-03            2.49354741e-02            9.21319463e-02            2.88584361e-01            3.62321189e-01
            9.54080660e-01            7.71687993e-01            7.74400863e-01            1.67594968e-03            6.51384289e-03            2.49312453e-02            9.20970141e-02            2.88239791e-01            3.60943019e-01
            9.57879864e-01            7.69943784e-01            7.72636718e-01            1.67577848e-03            6.51308537e-03            2.49270004e-02            9.20619562e-02            2.87894263e-01            3.59564635e-01
            9.61694197e-01            7.68198428e-01            7.70871276e-01            1.67560662e-03            6.51232493e-03            2.49227394e-02            9.20267721e-02            2.87547775e-01            3.58186058e-01
            9.65523718e-01            7.66451944e-01            7.69104554e-01            1.67543410e-03            6.51156154e-03            2.49184620e-02            9.19914614e-02            2.87200327e-01            3.56807308e-01
            9.69368489e-01            7.64704351e-01            7.67336572e-01            1.67526090e-03            6.51079521e-03            2.49141684e-02            9.19560237e-02            2.86851918e-01            3.55428406e-01
            9.73228570e-01            7.62955667e-01            7.65567351e-01            1.67508703e-03            6.51002591e-03            2.49098585e-02            9.19204587e-02            2.86502546e-01            3.54049375e-01
            9.77104022e-01            7.61205912e-01            7.63796910e-01            1.67491249e-03            6.50925365e-03            2.49055321e-02            9.18847658e-02            2.86152212e-01            3.52670234e-01
            9.80994906e-01            7.59455105e-01            7.62025269e-01            1.67473727e-03            6.50847839e-03            2.49011893e-02            9.18489448e-02            2.85800913e-01            3.51291006e-01
            9.84901284e-01            7.57703264e-01            7.60252448e-01            1.67456137e-03            6.50770015e-03            2.48968299e-02            9.18129952e-02            2.85448649e-01            3.49911712e-01
            9.88823217e-01            7.55950409e-01            7.58478467e-01            1.67438479e-03            6.50691890e-03            2.48924540e-02            9.17769166e-02            2.85095420e-01            3.48532373e-01
            9.92760768e-01            7.54196559e-01            7.56703347e-01            1.67420753e-03            6.50613463e-03            2.48880614e-02            9.17407085e-02            2.84741223e-01            3.47153012e-01
            9.96713998e-01            7.52441733e-01            7.54927108e-01            1.67402958e-03            6.50534734e-03            2.48836520e-02            9.17043707e-02            2.84386059e-01            3.45773650e-01
            1.00068297e+00            7.50685951e-01            7.53149771e-01            1.67385094e-03            6.50455701e-03            2.48792259e-02            9.16679026e-02            2.84029926e-01            3.44394308e-01
            1.00466775e+00            7.48929233e-01            7.51371355e-01            1.67367160e-03            6.50376362e-03            2.48747830e-02            9.16313040e-02            2.83672824e-01            3.43015009e-01
            1.00866839e+00            7.47171598e-01            7.49591882e-01            1.67349157e-03            6.50296718e-03            2.48703232e-02            9.15945742e-02            2.83314751e-01            3.41635775e-01
            1.01268497e+00            7.45413065e-01            7.47811372e-01            1.67331085e-03            6.50216766e-03            2.48658464e-02            9.15577131e-02            2.82955707e-01            3.40256627e-01
            1.01671754e+00            7.43653655e-01            7.46029847e-01            1.67312942e-03            6.50136505e-03            2.48613526e-02            9.15207200e-02            2.82595691e-01            3.38877588e-01
            1.02076616e+00            7.41893387e-01            7.44247327e-01            1.67294730e-03            6.50055935e-03            2.48568417e-02            9.14835947e-02            2.82234703e-01            3.37498681e-01
            1.02483091e+00            7.40132281e-01            7.42463832e-01            1.67276446e-03            6.49975054e-03            2.48523137e-02            9.14463367e-02            2.81872740e-01            3.36119927e-01
            1.02891185e+00            7.38370357e-01            7.40679386e-01            1.67258092e-03            6.49893861e-03            2.48477685e-02            9.14089456e-02            2.81509804e-01            3.34741349e-01
            1.03300904e+00            7.36607636e-01            7.38894008e-01            1.67239667e-03            6.49812355e-03            2.48432060e-02            9.13714210e-02            2.81145892e-01            3.33362969e-01
            1.03712254e+00            7.34844137e-01            7.37107720e-01            1.67221170e-03            6.49730535e-03            2.48386262e-02            9.13337625e-02            2.80781004e-01            3.31984810e-01
            1.04125242e+00            7.33079880e-01            7.35320543e-01            1.67202602e-03            6.49648400e-03            2.48340291e-02            9.12959696e-02            2.80415140e-01            3.30606894e-01
            1.04539874e+00            7.31314886e-01            7.33532499e-01            1.67183962e-03            6.49565947e-03            2.48294144e-02            9.12580420e-02            2.80048298e-01            3.29229246e-01
            1.04956158e+00            7.29549175e-01            7.31743610e-01            1.67165250e-03            6.49483177e-03            2.48247823e-02            9.12199792e-02            2.79680479e-01            3.27851886e-01
            1.05374100e+00            7.27782767e-01            7.29953897e-01            1.67146466e-03            6.49400088e-03            2.48201325e-02            9.11817808e-02            2.79311681e-01            3.26474838e-01
            1.05793705e+00            7.26015684e-01            7.28163382e-01            1.67127609e-03            6.49316679e-03            2.48154652e-02            9.11434463e-02            2.78941903e-01            3.25098125e-01
            1.06214982e+00            7.24247945e-01            7.26372087e-01            1.67108678e-03            6.49232948e-03            2.48107801e-02            9.11049755e-02            2.78571145e-01            3.23721770e-01
            1.06637936e+00            7.22479571e-01            7.24580034e-01            1.67089675e-03            6.49148895e-03            2.48060773e-02            9.10663677e-02            2.78199407e-01            3.22345796e-01
            1.07062574e+00            7.20710583e-01            7.22787245e-01            1.67070598e-03            6.49064518e-03            2.48013566e-02            9.10276227e-02            2.77826688e-01            3.20970227e-01
            1.07488904e+00            7.18941002e-01            7.20993742e-01            1.67051448e-03            6.48979816e-03            2.47966180e-02            9.09887400e-02            2.77452986e-01            3.19595085e-01
            1.07916931e+00            7.17170848e-01            7.19199547e-01            1.67032223e-03            6.48894788e-03            2.47918615e-02            9.09497192e-02            2.77078302e-01            3.18220394e-01
            1.08346662e+00            7.15400143e-01            7.17404683e-01            1.67012924e-03            6.48809433e-03            2.47870870e-02            9.09105598e-02            2.76702636e-01            3.16846177e-01
            1.08778105e+00            7.13628907e-01            7.15609172e-01            1.66993550e-03            6.48723749e-03            2.47822944e-02            9.08712615e-02            2.76325985e-01            3.15472458e-01
            1.09211265e+00            7.11857161e-01            7.13813037e-01            1.66974102e-03            6.48637735e-03            2.47774836e-02            9.08318237e-02            2.75948351e-01            3.14099260e-01
            1.09646151e+00            7.10084927e-01            7.12016300e-01            1.66954578e-03            6.48551390e-03            2.47726546e-02            9.07922461e-02            2.75569732e-01            3.12726608e-01
            1.10082768e+00            7.08312225e-01            7.10218983e-01            1.66934979e-03            6.48464713e-03            2.47678073e-02            9.07525283e-02            2.75190128e-01            3.11354523e-01
            1.10521124e+00            7.06539077e-01            7.08421111e-01            1.66915304e-03            6.48377702e-03            2.47629417e-02            9.07126698e-02            2.74809538e-01            3.09983031e-01
            1.10961226e+00            7.04765504e-01            7.06622704e-01            1.66895553e-03            6.48290357e-03            2.47580576e-02            9.06726702e-02            2.74427962e-01            3.08612155e-01
            1.11403080e+00            7.02991527e-01            7.04823787e-01            1.66875726e-03            6.48202676e-03            2.47531551e-02            9.06325290e-02            2.74045400e-01            3.07241919e-01
            1.11846693e+00            7.01217168e-01            7.03024382e-01            1.66855822e-03            6.48114657e-03            2.47482340e-02            9.05922459e-02            2.73661851e-01            3.05872346e-01
            1.12292073e+00            6.99442449e-01            7.01224513e-01            1.66835842e-03            6.48026300e-03            2.47432944e-02            9.05518204e-02            2.73277315e-01            3.04503462e-01
            1.12739226e+00            6.97667390e-01            6.99424202e-01            1.66815784e-03            6.47937603e-03            2.47383360e-02            9.05112520e-02            2.72891791e-01            3.03135289e-01
            1.13188160e+00            6.95892014e-01            6.97623473e-01            1.66795649e-03            6.47848565e-03            2.47333589e-02            9.04705404e-02            2.72505279e-01            3.01767853e-01
            1.13638882e+00            6.94116341e-01            6.95822348e-01            1.66775436e-03            6.47759185e-03            2.47283630e-02            9.04296851e-02            2.72117778e-01            3.00401176e-01
            1.14091399e+00            6.92340394e-01            6.94020853e-01            1.66755145e-03            6.47669462e-03            2.47233482e-02            9.03886857e-02            2.71729289e-01            2.99035284e-01
            1.14545717e+00            6.90564195e-01            6.92219009e-01            1.66734775e-03            6.47579394e-03            2.47183144e-02            9.03475417e-02            2.71339811e-01            2.97670200e-01
            1.15001845e+00            6.88787764e-01            6.90416840e-01            1.66714327e-03            6.47488979e-03            2.47132617e-02            9.03062527e-02            2.70949343e-01            2.96305949e-01
            1.15459789e+00            6.87011125e-01            6.88614370e-01            1.66693801e-03            6.47398218e-03            2.47081899e-02            9.02648182e-02            2.70557886e-01            2.94942556e-01
            1.15919556e+00            6.85234298e-01            6.86811623e-01            1.66673195e-03            6.47307107e-03            2.47030989e-02            9.02232379e-02            2.70165439e-01            2.93580044e-01
            1.16381155e+00            6.83457306e-01            6.85008622e-01            1.66652509e-03            6.47215647e-03            2.46979887e-02            9.01815113e-02            2.69772002e-01            2.92218439e-01
            1.16844591e+00            6.81680171e-01            6.83205392e-01            1.66631744e-03            6.47123836e-03            2.46928592e-02            9.01396380e-02            2.69377574e-01            2.90857765e-01
            1.17309873e+00            6.79902915e-01            6.81401955e-01            1.66610899e-03            6.47031672e-03            2.46877103e-02            9.00976175e-02            2.68982156e-01            2.89498045e-01
            1.17777007e+00            6.78125559e-01            6.79598336e-01            1.66589973e-03            6.46939154e-03            2.46825421e-02            9.00554493e-02            2.68585748e-01            2.88139306e-01
            1.18246002e+00            6.76348127e-01            6.77794560e-01            1.66568966e-03            6.46846281e-03            2.46773543e-02            9.00131331e-02            2.68188348e-01            2.86781572e-01
            1.18716865e+00            6.74570640e-01            6.75990649e-01            1.66547879e-03            6.46753052e-03            2.46721470e-02            8.99706684e-02            2.67789958e-01            2.85424866e-01
            1.19189602e+00            6.72793120e-01            6.74186628e-01            1.66526710e-03            6.46659465e-03            2.46669201e-02            8.99280547e-02            2.67390576e-01            2.84069215e-01
            1.19664222e+00            6.71015590e-01            6.72382522e-01            1.66505460e-03            6.46565519e-03            2.46616734e-02            8.98852916e-02            2.66990204e-01            2.82714643e-01
            1.20140732e+00            6.69238072e-01            6.70578354e-01            1.66484128e-03            6.46471213e-03            2.46564070e-02            8.98423788e-02            2.66588840e-01            2.81361175e-01
            1.20619139e+00            6.67460588e-01            6.68774149e-01            1.66462713e-03            6.46376545e-03            2.46511207e-02            8.97993156e-02            2.66186485e-01            2.80008836e-01
            1.21099451e+00            6.65683161e-01            6.66969932e-01            1.66441216e-03            6.46281514e-03            2.46458146e-02            8.97561018e-02            2.65783138e-01            2.78657650e-01
            1.21581676e+00            6.63905813e-01            6.65165726e-01            1.66419637e-03            6.46186118e-03            2.46404884e-02            8.97127367e-02            2.65378800e-01            2.77307643e-01
            1.22065821e+00            6.62128567e-01            6.63361556e-01            1.66397974e-03            6.46090357e-03            2.46351422e-02            8.96692201e-02            2.64973471e-01            2.75958839e-01
            1.22551894e+00            6.60351444e-01            6.61557447e-01            1.66376228e-03            6.45994229e-03            2.46297759e-02            8.96255514e-02            2.64567151e-01            2.74611264e-01
            1.23039903e+00            6.58574469e-01            6.59753423e-01            1.66354398e-03            6.45897732e-03            2.46243894e-02            8.95817302e-02            2.64159839e-01            2.73264943e-01
            1.23529855e+00            6.56797662e-01            6.57949510e-01            1.66332484e-03            6.45800866e-03            2.46189826e-02            8.95377561e-02            2.63751537e-01            2.71919901e-01
            1.24021758e+00            6.55021048e-01            6.56145731e-01            1.66310485e-03            6.45703628e-03            2.46135555e-02            8.94936286e-02            2.63342243e-01            2.70576162e-01
            1.24515620e+00            6.53244648e-01            6.54342111e-01            1.66288402e-03            6.45606018e-03            2.46081080e-02            8.94493472e-02            2.62931958e-01            2.69233753e-01
            1.25011448e+00            6.51468485e-01            6.52538676e-01            1.66266234e-03            6.45508034e-03            2.46026400e-02            8.94049116e-02            2.62520683e-01            2.67892698e-01
            1.25509251e+00            6.49692581e-01            6.50735449e-01            1.66243981e-03            6.45409675e-03            2.45971514e-02            8.93603212e-02            2.62108417e-01            2.66553023e-01
            1.26009036e+00            6.47916961e-01            6.48932457e-01            1.66221642e-03            6.45310940e-03            2.45916422e-02            8.93155756e-02            2.61695161e-01            2.65214752e-01
            1.26510811e+00            6.46141645e-01            6.47129724e-01            1.66199217e-03            6.45211826e-03            2.45861124e-02            8.92706744e-02            2.61280915e-01            2.63877912e-01
            1.27014584e+00            6.44366658e-01            6.45327275e-01            1.66176706e-03            6.45112333e-03            2.45805617e-02            8.92256171e-02            2.60865678e-01            2.62542527e-01
            1.27520364e+00            6.42592022e-01            6.43525134e-01            1.66154108e-03            6.45012460e-03            2.45749902e-02            8.91804033e-02            2.60449453e-01            2.61208622e-01
            1.28028157e+00            6.40817759e-01            6.41723328e-01            1.66131423e-03            6.44912204e-03            2.45693978e-02            8.91350324e-02            2.60032237e-01            2.59876224e-01
            1.28537973e+00            6.39043893e-01            6.39921881e-01            1.66108652e-03            6.44811564e-03            2.45637845e-02            8.90895041e-02            2.59614033e-01            2.58545357e-01
            1.29049818e+00            6.37270446e-01            6.38120818e-01            1.66085792e-03            6.44710540e-03            2.45581500e-02            8.90438179e-02            2.59194840e-01            2.57216046e-01
            1.29563702e+00            6.35497442e-01            6.36320164e-01            1.66062845e-03            6.44609129e-03            2.45524944e-02            8.89979734e-02            2.58774659e-01            2.55888318e-01
            1.30079632e+00            6.33724903e-01            6.34519946e-01            1.66039810e-03            6.44507331e-03            2.45468176e-02            8.89519700e-02            2.58353489e-01            2.54562197e-01
            1.30597617e+00            6.31952853e-01            6.32720187e-01            1.66016686e-03            6.44405143e-03            2.45411195e-02            8.89058074e-02            2.57931332e-01            2.53237709e-01
            1.31117664e+00            6.30181313e-01            6.30920914e-01            1.65993473e-03            6.44302565e-03            2.45354001e-02            8.88594850e-02            2.57508188e-01            2.51914880e-01
            1.31639782e+00            6.28410307e-01            6.29122151e-01            1.65970171e-03            6.44199595e-03            2.45296592e-02            8.88130025e-02            2.57084058e-01            2.50593734e-01
            1.32163979e+00            6.26639859e-01            6.27323924e-01            1.65946780e-03            6.44096231e-03            2.45238968e-02            8.87663593e-02            2.56658941e-01            2.49274297e-01
            1.32690264e+00            6.24869991e-01            6.25526259e-01            1.65923298e-03            6.43992472e-03            2.45181129e-02            8.87195551e-02            2.56232839e-01            2.47956595e-01
            1.33218644e+00            6.23100726e-01            6.23729180e-01            1.65899727e-03            6.43888317e-03            2.45123072e-02            8.86725893e-02            2.55805751e-01            2.46640653e-01
            1.33749128e+00            6.21332087e-01            6.21932714e-01            1.65876065e-03            6.43783764e-03            2.45064799e-02            8.86254615e-02            2.55377679e-01            2.45326496e-01
            1.34281725e+00            6.19564098e-01            6.20136886e-01            1.65852312e-03            6.43678812e-03            2.45006307e-02            8.85781712e-02            2.54948623e-01            2.44014150e-01
            1.34816442e+00            6.17796780e-01            6.18341721e-01            1.65828468e-03            6.43573459e-03            2.44947596e-02            8.85307180e-02            2.54518583e-01            2.42703641e-01
            1.35353289e+00            6.16030158e-01            6.16547244e-01            1.65804533e-03            6.43467704e-03            2.44888666e-02            8.84831013e-02            2.54087561e-01            2.41394993e-01
            1.35892274e+00            6.14264255e-01            6.14753482e-01            1.65780506e-03            6.43361545e-03            2.44829515e-02            8.84353209e-02            2.53655557e-01            2.40088232e-01
            1.36433404e+00            6.12499092e-01            6.12960460e-01            1.65756386e-03            6.43254981e-03            2.44770143e-02            8.83873761e-02            2.53222571e-01            2.38783385e-01
            1.36976690e+00            6.10734695e-01            6.11168203e-01            1.65732174e-03            6.43148011e-03            2.44710550e-02            8.83392666e-02            2.52788605e-01            2.37480475e-01
            1.37522139e+00            6.08971084e-01            6.09376737e-01            1.65707869e-03            6.43040632e-03            2.44650733e-02            8.82909918e-02            2.52353659e-01            2.36179528e-01
            1.38069760e+00            6.07208285e-01            6.07586088e-01            1.65683471e-03            6.42932844e-03            2.44590693e-02            8.82425514e-02            2.51917733e-01            2.34880571e-01
            1.38619562e+00            6.05446319e-01            6.05796281e-01            1.65658980e-03            6.42824645e-03            2.44530429e-02            8.81939448e-02            2.51480830e-01            2.33583628e-01
            1.39171553e+00            6.03685210e-01            6.04007342e-01            1.65634394e-03            6.42716034e-03            2.44469939e-02            8.81451715e-02            2.51042948e-01            2.32288724e-01
            1.39725742e+00            6.01924981e-01            6.02219297e-01            1.65609715e-03            6.42607008e-03            2.44409224e-02            8.80962312e-02            2.50604090e-01            2.30995886e-01
            1.40282138e+00            6.00165655e-01            6.00432171e-01            1.65584940e-03            6.42497567e-03            2.44348283e-02            8.80471234e-02            2.50164257e-01            2.29705137e-01
            1.40840749e+00            5.98407255e-01            5.98645990e-01            1.65560071e-03            6.42387709e-03            2.44287114e-02            8.79978475e-02            2.49723448e-01            2.28416505e-01
            1.41401585e+00            5.96649803e-01            5.96860779e-01            1.65535107e-03            6.42277432e-03            2.44225716e-02            8.79484031e-02            2.49281666e-01            2.27130013e-01
            1.41964655e+00            5.94893324e-01            5.95076565e-01            1.65510047e-03            6.42166735e-03            2.44164090e-02            8.78987898e-02            2.48838910e-01            2.25845688e-01
            1.42529966e+00            5.93137840e-01            5.93293372e-01            1.65484891e-03            6.42055617e-03            2.44102234e-02            8.78490071e-02            2.48395183e-01            2.24563554e-01
            1.43097528e+00            5.91383375e-01            5.91511227e-01            1.65459638e-03            6.41944075e-03            2.44040148e-02            8.77990545e-02            2.47950484e-01            2.23283636e-01
            1.43667351e+00            5.89629950e-01            5.89730155e-01            1.65434289e-03            6.41832109e-03            2.43977830e-02            8.77489316e-02            2.47504816e-01            2.22005961e-01
            1.44239443e+00            5.87877589e-01            5.87950183e-01            1.65408843e-03            6.41719716e-03            2.43915280e-02            8.76986379e-02            2.47058179e-01            2.20730552e-01
            1.44813812e+00            5.86126316e-01            5.86171334e-01            1.65383300e-03            6.41606896e-03            2.43852497e-02            8.76481729e-02            2.46610574e-01            2.19457436e-01
            1.45390469e+00            5.84376153e-01            5.84393636e-01            1.65357659e-03            6.41493646e-03            2.43789480e-02            8.75975362e-02            2.46162002e-01            2.18186637e-01
            1.45969422e+00            5.82627123e-01            5.82617114e-01            1.65331919e-03            6.41379966e-03            2.43726229e-02            8.75467272e-02            2.45712465e-01            2.16918180e-01
            1.46550681e+00            5.80879248e-01            5.80841794e-01            1.65306082e-03            6.41265853e-03            2.43662742e-02            8.74957456e-02            2.45261964e-01            2.15652091e-01
            1.47134254e+00            5.79132553e-01            5.79067701e-01            1.65280145e-03            6.41151306e-03            2.43599019e-02            8.74445908e-02            2.44810500e-01            2.14388393e-01
            1.47720151e+00            5.77387060e-01            5.77294860e-01            1.65254109e-03            6.41036324e-03            2.43535059e-02            8.73932624e-02            2.44358074e-01            2.13127113e-01
            1.48308381e+00            5.75642791e-01            5.75523298e-01            1.65227974e-03            6.40920905e-03            2.43470862e-02            8.73417599e-02            2.43904688e-01            2.11868276e-01
            1.48898954e+00            5.73899770e-01            5.73753040e-01            1.65201739e-03            6.40805046e-03            2.43406426e-02            8.72900829e-02            2.43450342e-01            2.10611905e-01
            1.49491878e+00            5.72158019e-01            5.71984112e-01            1.65175403e-03            6.40688748e-03            2.43341750e-02            8.72382309e-02            2.42995039e-01            2.09358026e-01
            1.50087163e+00            5.70417561e-01            5.70216539e-01            1.65148967e-03            6.40572008e-03            2.43276834e-02            8.71862033e-02            2.42538779e-01            2.08106663e-01
            1.50684819e+00            5.68678419e-01            5.68450346e-01            1.65122430e-03            6.40454824e-03            2.43211677e-02            8.71339998e-02            2.42081564e-01            2.06857842e-01
            1.51284855e+00            5.66940616e-01            5.66685560e-01            1.65095791e-03            6.40337195e-03            2.43146278e-02            8.70816199e-02            2.41623396e-01            2.05611587e-01
            1.51887280e+00            5.65204174e-01            5.64922205e-01            1.65069051e-03            6.40219119e-03            2.43080637e-02            8.70290630e-02            2.41164275e-01            2.04367922e-01
            1.52492103e+00            5.63469116e-01            5.63160308e-01            1.65042208e-03            6.40100596e-03            2.43014751e-02            8.69763288e-02            2.40704204e-01            2.03126872e-01
            1.53099336e+00            5.61735465e-01            5.61399893e-01            1.65015263e-03            6.39981622e-03            2.42948622e-02            8.69234168e-02            2.40243183e-01            2.01888462e-01
            1.53708986e+00            5.60003243e-01            5.59640986e-01            1.64988216e-03            6.39862197e-03            2.42882247e-02            8.68703264e-02            2.39781215e-01            2.00652716e-01
            1.54321064e+00            5.58272473e-01            5.57883613e-01            1.64961065e-03            6.39742318e-03            2.42815626e-02            8.68170572e-02            2.39318302e-01            1.99419658e-01
            1.54935579e+00            5.56543177e-01            5.56127798e-01            1.64933810e-03            6.39621985e-03            2.42748758e-02            8.67636088e-02            2.38854443e-01            1.98189312e-01
            1.55552542e+00            5.54815379e-01            5.54373567e-01            1.64906451e-03            6.39501196e-03            2.42681643e-02            8.67099806e-02            2.38389643e-01            1.96961703e-01
            1.56171961e+00            5.53089099e-01            5.52620946e-01            1.64878988e-03            6.39379948e-03            2.42614279e-02            8.66561723e-02            2.37923901e-01            1.95736856e-01
            1.56793847e+00            5.51364362e-01            5.50869959e-01            1.64851420e-03            6.39258241e-03            2.42546665e-02            8.66021832e-02            2.37457220e-01            1.94514793e-01
            1.57418209e+00            5.49641188e-01            5.49120632e-01            1.64823747e-03            6.39136072e-03            2.42478801e-02            8.65480130e-02            2.36989601e-01            1.93295539e-01
            1.58045057e+00            5.47919601e-01            5.47372990e-01            1.64795969e-03            6.39013440e-03            2.42410686e-02            8.64936612e-02            2.36521047e-01            1.92079119e-01
            1.58674401e+00            5.46199622e-01            5.45627058e-01            1.64768084e-03            6.38890344e-03            2.42342320e-02            8.64391273e-02            2.36051559e-01            1.90865555e-01
            1.59306252e+00            5.44481275e-01            5.43882861e-01            1.64740094e-03            6.38766782e-03            2.42273700e-02            8.63844108e-02            2.35581139e-01            1.89654872e-01
            1.59940619e+00            5.42764580e-01            5.42140423e-01            1.64711996e-03            6.38642751e-03            2.42204826e-02            8.63295113e-02            2.35109789e-01            1.88447093e-01
            1.60577511e+00            5.41049561e-01            5.40399771e-01            1.64683792e-03            6.38518251e-03            2.42135698e-02            8.62744283e-02            2.34637510e-01            1.87242243e-01
            1.61216940e+00            5.39336239e-01            5.38660929e-01            1.64655480e-03            6.38393279e-03            2.42066315e-02            8.62191613e-02            2.34164305e-01            1.86040344e-01
            1.61858915e+00            5.37624636e-01            5.36923922e-01            1.64627060e-03            6.38267834e-03            2.41996675e-02            8.61637098e-02            2.33690176e-01            1.84841419e-01
            1.62503447e+00            5.35914775e-01            5.35188774e-01            1.64598532e-03            6.38141915e-03            2.41926778e-02            8.61080734e-02            2.33215125e-01            1.83645494e-01
            1.63150545e+00            5.34206677e-01            5.33455510e-01            1.64569896e-03            6.38015519e-03            2.41856623e-02            8.60522515e-02            2.32739153e-01            1.82452589e-01
            1.63800220e+00            5.32500364e-01            5.31724156e-01            1.64541150e-03            6.37888645e-03            2.41786209e-02            8.59962438e-02            2.32262263e-01            1.81262730e-01
            1.64452481e+00            5.30795858e-01            5.29994735e-01            1.64512295e-03            6.37761292e-03            2.41715536e-02            8.59400498e-02            2.31784458e-01            1.80075938e-01
            1.65107341e+00            5.29093181e-01            5.28267273e-01            1.64483330e-03            6.37633456e-03            2.41644601e-02            8.58836689e-02            2.31305738e-01            1.78892238e-01
            1.65764808e+00            5.27392353e-01            5.26541793e-01            1.64454255e-03            6.37505138e-03            2.41573406e-02            8.58271007e-02            2.30826107e-01            1.77711651e-01
            1.66424893e+00            5.25693398e-01            5.24818320e-01            1.64425070e-03            6.37376334e-03            2.41501947e-02            8.57703447e-02            2.30345566e-01            1.76534201e-01
            1.67087606e+00            5.23996336e-01            5.23096879e-01            1.64395773e-03            6.37247044e-03            2.41430226e-02            8.57134005e-02            2.29864119e-01            1.75359909e-01
            1.67752958e+00            5.22301190e-01            5.21377494e-01            1.64366365e-03            6.37117265e-03            2.41358240e-02            8.56562676e-02            2.29381766e-01            1.74188800e-01
            1.68420960e+00            5.20607979e-01            5.19660189e-01            1.64336845e-03            6.36986996e-03            2.41285990e-02            8.55989454e-02            2.28898511e-01            1.73020895e-01
            1.69091622e+00            5.18916726e-01            5.17944988e-01            1.64307213e-03            6.36856235e-03            2.41213473e-02            8.55414336e-02            2.28414356e-01            1.71856217e-01
            1.69764955e+00            5.17227453e-01            5.16231916e-01            1.64277468e-03            6.36724980e-03            2.41140689e-02            8.54837317e-02            2.27929303e-01            1.70694788e-01
            1.70440969e+00            5.15540179e-01            5.14520995e-01            1.64247610e-03            6.36593230e-03            2.41067638e-02            8.54258391e-02            2.27443354e-01            1.69536630e-01
            1.71119674e+00            5.13854927e-01            5.12812251e-01            1.64217639e-03            6.36460983e-03            2.40994318e-02            8.53677555e-02            2.26956513e-01            1.68381765e-01
            1.71801083e+00            5.12171717e-01            5.11105707e-01            1.64187554e-03            6.36328237e-03            2.40920729e-02            8.53094803e-02            2.26468781e-01            1.67230215e-01
            1.72485204e+00            5.10490571e-01            5.09401387e-01            1.64157355e-03            6.36194990e-03            2.40846869e-02            8.52510130e-02            2.25980162e-01            1.66082002e-01
            1.73172050e+00            5.08811508e-01            5.07699315e-01            1.64127041e-03            6.36061240e-03            2.40772738e-02            8.51923532e-02            2.25490658e-01            1.64937147e-01
            1.73861631e+00            5.07134551e-01            5.05999513e-01            1.64096612e-03            6.35926987e-03            2.40698335e-02            8.51335005e-02            2.25000271e-01            1.63795673e-01
            1.74553958e+00            5.05459720e-01            5.04302007e-01            1.64066067e-03            6.35792227e-03            2.40623658e-02            8.50744543e-02            2.24509004e-01            1.62657600e-01
            1.75249042e+00            5.03787036e-01            5.02606818e-01            1.64035407e-03            6.35656959e-03            2.40548707e-02            8.50152142e-02            2.24016860e-01            1.61522950e-01
            1.75946894e+00            5.02116518e-01            5.00913971e-01            1.64004630e-03            6.35521181e-03            2.40473482e-02            8.49557796e-02            2.23523841e-01            1.60391744e-01
            1.76647525e+00            5.00448189e-01            4.99223488e-01            1.63973737e-03            6.35384892e-03            2.40397980e-02            8.48961502e-02            2.23029951e-01            1.59264003e-01
            1.77350945e+00            4.98782067e-01            4.97535393e-01            1.63942726e-03            6.35248090e-03            2.40322202e-02            8.48363255e-02            2.22535192e-01            1.58139747e-01
            1.78057167e+00            4.97118174e-01            4.95849709e-01            1.63911598e-03            6.35110772e-03            2.40246146e-02            8.47763049e-02            2.22039566e-01            1.57018999e-01
            1.78766201e+00            4.95456529e-01            4.94166458e-01            1.63880352e-03            6.34972938e-03            2.40169812e-02            8.47160881e-02            2.21543078e-01            1.55901778e-01
            1.79478058e+00            4.93797154e-01            4.92485664e-01            1.63848987e-03            6.34834585e-03            2.40093197e-02            8.46556744e-02            2.21045729e-01            1.54788105e-01
            1.80192750e+00            4.92140067e-01            4.90807349e-01            1.63817503e-03            6.34695711e-03            2.40016303e-02            8.45950636e-02            2.20547523e-01            1.53678000e-01
            1.80910288e+00            4.90485289e-01            4.89131537e-01            1.63785900e-03            6.34556315e-03            2.39939126e-02            8.45342551e-02            2.20048463e-01            1.52571484e-01
            1.81630683e+00            4.88832840e-01            4.87458248e-01            1.63754178e-03            6.34416394e-03            2.39861668e-02            8.44732484e-02            2.19548552e-01            1.51468576e-01
            1.82353947e+00            4.87182740e-01            4.85787507e-01            1.63722335e-03            6.34275948e-03            2.39783926e-02            8.44120430e-02            2.19047792e-01            1.50369296e-01
            1.83080090e+00            4.85535008e-01            4.84119334e-01            1.63690372e-03            6.34134973e-03            2.39705900e-02            8.43506385e-02            2.18546187e-01            1.49273665e-01
            1.83809126e+00            4.83889663e-01            4.82453753e-01            1.63658288e-03            6.33993469e-03            2.39627589e-02            8.42890345e-02            2.18043741e-01            1.48181702e-01
            1.84541064e+00            4.82246726e-01            4.80790786e-01            1.63626082e-03            6.33851432e-03            2.39548992e-02            8.42272304e-02            2.17540455e-01            1.47093426e-01
            1.85275917e+00            4.80606216e-01            4.79130454e-01            1.63593754e-03            6.33708863e-03            2.39470107e-02            8.41652258e-02            2.17036334e-01            1.46008856e-01
            1.86013697e+00            4.78968152e-01            4.77472779e-01            1.63561304e-03            6.33565757e-03            2.39390935e-02            8.41030202e-02            2.16531381e-01            1.44928013e-01
            1.86754414e+00            4.77332554e-01            4.75817783e-01            1.63528732e-03            6.33422115e-03            2.39311474e-02            8.40406131e-02            2.16025599e-01            1.43850914e-01
            1.87498081e+00            4.75699440e-01            4.74165487e-01            1.63496036e-03            6.33277933e-03            2.39231723e-02            8.39780041e-02            2.15518992e-01            1.42777579e-01
            1.88244709e+00            4.74068829e-01            4.72515914e-01            1.63463217e-03            6.33133210e-03            2.39151681e-02            8.39151928e-02            2.15011562e-01            1.41708027e-01
            1.88994310e+00            4.72440741e-01            4.70869084e-01            1.63430273e-03            6.32987944e-03            2.39071347e-02            8.38521785e-02            2.14503314e-01            1.40642275e-01
            1.89746896e+00            4.70815193e-01            4.69225019e-01            1.63397205e-03            6.32842133e-03            2.38990721e-02            8.37889610e-02            2.13994250e-01            1.39580342e-01
            1.90502479e+00            4.69192206e-01            4.67583739e-01            1.63364012e-03            6.32695775e-03            2.38909800e-02            8.37255396e-02            2.13484374e-01            1.38522247e-01
            1.91261071e+00            4.67571797e-01            4.65945266e-01            1.63330694e-03            6.32548869e-03            2.38828586e-02            8.36619140e-02            2.12973691e-01            1.37468008e-01
            1.92022684e+00            4.65953984e-01            4.64309621e-01            1.63297250e-03            6.32401412e-03            2.38747075e-02            8.35980837e-02            2.12462202e-01            1.36417641e-01
            1.92787329e+00            4.64338787e-01            4.62676824e-01            1.63263679e-03            6.32253402e-03            2.38665268e-02            8.35340482e-02            2.11949913e-01            1.35371166e-01
            1.93555019e+00            4.62726224e-01            4.61046896e-01            1.63229982e-03            6.32104838e-03            2.38583163e-02            8.34698070e-02            2.11436826e-01            1.34328599e-01
            1.94325766e+00            4.61116312e-01            4.59419858e-01            1.63196158e-03            6.31955717e-03            2.38500760e-02            8.34053598e-02            2.10922946e-01            1.33289958e-01
            1.95099583e+00            4.59509069e-01            4.57795729e-01            1.63162206e-03            6.31806038e-03            2.38418057e-02            8.33407059e-02            2.10408275e-01            1.32255259e-01
            1.95876480e+00            4.57904514e-01            4.56174529e-01            1.63128126e-03            6.31655798e-03            2.38335054e-02            8.32758450e-02            2.09892819e-01            1.31224521e-01
            1.96656472e+00            4.56302665e-01            4.54556280e-01            1.63093917e-03            6.31504996e-03            2.38251750e-02            8.32107767e-02            2.09376580e-01            1.30197759e-01
            1.97439569e+00            4.54703538e-01            4.52941000e-01            1.63059579e-03            6.31353630e-03            2.38168143e-02            8.31455003e-02            2.08859563e-01            1.29174990e-01
            1.98225785e+00            4.53107152e-01            4.51328710e-01            1.63025112e-03            6.31201698e-03            2.38084232e-02            8.30800156e-02            2.08341772e-01            1.28156231e-01
            1.99015131e+00            4.51513523e-01            4.49719428e-01            1.62990515e-03            6.31049197e-03            2.38000017e-02            8.30143219e-02            2.07823210e-01            1.27141498e-01
            1.99807621e+00            4.49922670e-01            4.48113175e-01            1.62955788e-03            6.30896126e-03            2.37915497e-02            8.29484189e-02            2.07303881e-01            1.26130806e-01
            2.00603266e+00            4.48334609e-01            4.46509970e-01            1.62920929e-03            6.30742483e-03            2.37830670e-02            8.28823062e-02            2.06783790e-01            1.25124173e-01
            2.01402080e+00            4.46749358e-01            4.44909832e-01            1.62885940e-03            6.30588266e-03            2.37745536e-02            8.28159831e-02            2.06262940e-01            1.24121612e-01
            2.02204075e+00            4.45166933e-01            4.43312779e-01            1.62850818e-03            6.30433473e-03            2.37660094e-02            8.27494494e-02            2.05741337e-01            1.23123141e-01
            2.03009263e+00            4.43587351e-01            4.41718831e-01            1.62815565e-03            6.30278101e-03            2.37574343e-02            8.26827045e-02            2.05218983e-01            1.22128773e-01
            2.03817657e+00            4.42010629e-01            4.40128006e-01            1.62780179e-03            6.30122149e-03            2.37488280e-02            8.26157479e-02            2.04695883e-01            1.21138524e-01
            2.04629271e+00            4.40436783e-01            4.38540324e-01            1.62744659e-03            6.29965615e-03            2.37401907e-02            8.25485793e-02            2.04172041e-01            1.20152409e-01
            2.05444116e+00            4.38865830e-01            4.36955801e-01            1.62709006e-03            6.29808497e-03            2.37315221e-02            8.24811982e-02            2.03647463e-01            1.19170443e-01
            2.06262207e+00            4.37297787e-01            4.35374457e-01            1.62673219e-03            6.29650793e-03            2.37228222e-02            8.24136040e-02            2.03122151e-01            1.18192640e-01
            2.07083554e+00            4.35732669e-01            4.33796309e-01            1.62637297e-03            6.29492500e-03            2.37140909e-02            8.23457964e-02            2.02596110e-01            1.17219014e-01
            2.07908173e+00            4.34170492e-01            4.32221376e-01            1.62601240e-03            6.29333617e-03            2.37053280e-02            8.22777750e-02            2.02069345e-01            1.16249579e-01
            2.08736075e+00            4.32611272e-01            4.30649674e-01            1.62565048e-03            6.29174142e-03            2.36965335e-02            8.22095392e-02            2.01541861e-01            1.15284349e-01
            2.09567274e+00            4.31055025e-01            4.29081222e-01            1.62528719e-03            6.29014073e-03            2.36877073e-02            8.21410886e-02            2.01013661e-01            1.14323338e-01
            2.10401783e+00            4.29501767e-01            4.27516037e-01            1.62492254e-03            6.28853407e-03            2.36788492e-02            8.20724227e-02            2.00484750e-01            1.13366558e-01
            2.11239615e+00            4.27951513e-01            4.25954136e-01            1.62455652e-03            6.28692142e-03            2.36699591e-02            8.20035412e-02            1.99955133e-01            1.12414024e-01
            2.12080783e+00            4.26404279e-01            4.24395536e-01            1.62418913e-03            6.28530277e-03            2.36610371e-02            8.19344436e-02            1.99424815e-01            1.11465748e-01
            2.12925301e+00            4.24860079e-01            4.22840254e-01            1.62382036e-03            6.28367809e-03            2.36520829e-02            8.18651293e-02            1.98893800e-01            1.10521743e-01
            2.13773182e+00            4.23318929e-01            4.21288306e-01            1.62345020e-03            6.28204737e-03            2.36430964e-02            8.17955981e-02            1.98362092e-01            1.09582022e-01
            2.14624439e+00            4.21780844e-01            4.19739710e-01            1.62307865e-03            6.28041057e-03            2.36340776e-02            8.17258493e-02            1.97829697e-01            1.08646596e-01
            2.15479086e+00            4.20245839e-01            4.18194481e-01            1.62270571e-03            6.27876769e-03            2.36250263e-02            8.16558827e-02            1.97296620e-01            1.07715478e-01
            2.16337136e+00            4.18713928e-01            4.16652635e-01            1.62233137e-03            6.27711870e-03            2.36159425e-02            8.15856977e-02            1.96762865e-01            1.06788680e-01
            2.17198603e+00            4.17185125e-01            4.15114189e-01            1.62195563e-03            6.27546358e-03            2.36068260e-02            8.15152939e-02            1.96228437e-01            1.05866213e-01
            2.18063500e+00            4.15659446e-01            4.13579159e-01            1.62157848e-03            6.27380231e-03            2.35976768e-02            8.14446709e-02            1.95693342e-01            1.04948089e-01
            2.18931842e+00            4.14136904e-01            4.12047559e-01            1.62119991e-03            6.27213486e-03            2.35884946e-02            8.13738282e-02            1.95157583e-01            1.04034318e-01
            2.19803641e+00            4.12617513e-01            4.10519406e-01            1.62081993e-03            6.27046122e-03            2.35792796e-02            8.13027654e-02            1.94621167e-01            1.03124913e-01
            2.20678911e+00            4.11101288e-01            4.08994714e-01            1.62043852e-03            6.26878136e-03            2.35700314e-02            8.12314820e-02            1.94084097e-01            1.02219883e-01
            2.21557667e+00            4.09588243e-01            4.07473499e-01            1.62005569e-03            6.26709527e-03            2.35607501e-02            8.11599777e-02            1.93546380e-01            1.01319240e-01
            2.22439923e+00            4.08078390e-01            4.05955775e-01            1.61967142e-03            6.26540292e-03            2.35514355e-02            8.10882519e-02            1.93008021e-01            1.00422992e-01
            2.23325691e+00            4.06571744e-01            4.04441557e-01            1.61928571e-03            6.26370429e-03            2.35420875e-02            8.10163043e-02            1.92469024e-01            9.95311516e-02
            2.24214987e+00            4.05068317e-01            4.02930860e-01            1.61889856e-03            6.26199936e-03            2.35327060e-02            8.09441345e-02            1.91929395e-01            9.86437270e-02
            2.25107824e+00            4.03568124e-01            4.01423698e-01            1.61850996e-03            6.26028811e-03            2.35232909e-02            8.08717419e-02            1.91389139e-01            9.77607282e-02
            2.26004216e+00            4.02071176e-01            3.99920085e-01            1.61811991e-03            6.25857051e-03            2.35138421e-02            8.07991261e-02            1.90848262e-01            9.68821645e-02
            2.26904178e+00            4.00577488e-01            3.98420035e-01            1.61772839e-03            6.25684655e-03            2.35043595e-02            8.07262868e-02            1.90306768e-01            9.60080449e-02
            2.27807723e+00            3.99087072e-01            3.96923561e-01            1.61733542e-03            6.25511620e-03            2.34948430e-02            8.06532235e-02            1.89764664e-01            9.51383784e-02
            2.28714867e+00            3.97599939e-01            3.95430677e-01            1.61694097e-03            6.25337944e-03            2.34852925e-02            8.05799358e-02            1.89221955e-01            9.42731735e-02
            2.29625622e+00            3.96116104e-01            3.93941397e-01            1.61654506e-03            6.25163625e-03            2.34757078e-02            8.05064233e-02            1.88678646e-01            9.34124386e-02
            2.30540005e+00            3.94635578e-01            3.92455733e-01            1.61614766e-03            6.24988661e-03            2.34660889e-02            8.04326855e-02            1.88134743e-01            9.25561818e-02
            2.31458028e+00            3.93158374e-01            3.90973699e-01            1.61574878e-03            6.24813049e-03            2.34564357e-02            8.03587219e-02            1.87590251e-01            9.17044110e-02
            2.32379707e+00            3.91684503e-01            3.89495306e-01            1.61534840e-03            6.24636788e-03            2.34467480e-02            8.02845323e-02            1.87045176e-01            9.08571338e-02
            2.33305057e+00            3.90213977e-01            3.88020569e-01            1.61494654e-03            6.24459875e-03            2.34370258e-02            8.02101162e-02            1.86499524e-01            9.00143576e-02
            2.34234091e+00            3.88746808e-01            3.86549498e-01            1.61454317e-03            6.24282308e-03            2.34272689e-02            8.01354731e-02            1.85953300e-01            8.91760896e-02
            2.35166824e+00            3.87283007e-01            3.85082107e-01            1.61413830e-03            6.24104084e-03            2.34174773e-02            8.00606027e-02            1.85406511e-01            8.83423365e-02
            2.36103272e+00            3.85822587e-01            3.83618406e-01            1.61373192e-03            6.23925202e-03            2.34076508e-02            7.99855045e-02            1.84859162e-01            8.75131051e-02
            2.37043449e+00            3.84365557e-01            3.82158408e-01            1.61332403e-03            6.23745660e-03            2.33977893e-02            7.99101781e-02            1.84311259e-01            8.66884018e-02
            2.37987370e+00            3.82911930e-01            3.80702125e-01            1.61291461e-03            6.23565454e-03            2.33878927e-02            7.98346231e-02            1.83762807e-01            8.58682327e-02
            2.38935049e+00            3.81461716e-01            3.79249567e-01            1.61250367e-03            6.23384583e-03            2.33779609e-02            7.97588392e-02            1.83213814e-01            8.50526036e-02
            2.39886502e+00            3.80014926e-01            3.77800745e-01            1.61209120e-03            6.23203044e-03            2.33679938e-02            7.96828258e-02            1.82664284e-01            8.42415202e-02
            2.40841744e+00            3.78571570e-01            3.76355671e-01            1.61167719e-03            6.23020836e-03            2.33579913e-02            7.96065826e-02            1.82114224e-01            8.34349879e-02
            2.41800789e+00            3.77131660e-01            3.74914355e-01            1.61126164e-03            6.22837956e-03            2.33479532e-02            7.95301092e-02            1.81563640e-01            8.26330118e-02
            2.42763654e+00            3.75695205e-01            3.73476808e-01            1.61084454e-03            6.22654402e-03            2.33378796e-02            7.94534052e-02            1.81012538e-01            8.18355968e-02
            2.43730353e+00            3.74262215e-01            3.72043040e-01            1.61042589e-03            6.22470171e-03            2.33277702e-02            7.93764701e-02            1.80460924e-01            8.10427475e-02
            2.44700901e+00            3.72832700e-01            3.70613060e-01            1.61000568e-03            6.22285262e-03            2.33176249e-02            7.92993037e-02            1.79908805e-01            8.02544682e-02
            2.45675314e+00            3.71406671e-01            3.69186879e-01            1.60958391e-03            6.22099671e-03            2.33074437e-02            7.92219054e-02            1.79356187e-01            7.94707630e-02
            2.46653607e+00            3.69984137e-01            3.67764507e-01            1.60916057e-03            6.21913397e-03            2.32972264e-02            7.91442749e-02            1.78803075e-01            7.86916359e-02
            2.47635796e+00            3.68565107e-01            3.66345952e-01            1.60873566e-03            6.21726437e-03            2.32869729e-02            7.90664118e-02            1.78249477e-01            7.79170903e-02
            2.48621896e+00            3.67149591e-01            3.64931224e-01            1.60830917e-03            6.21538790e-03            2.32766832e-02            7.89883157e-02            1.77695399e-01            7.71471297e-02
            2.49611923e+00            3.65737598e-01            3.63520333e-01            1.60788109e-03            6.21350452e-03            2.32663570e-02            7.89099863e-02            1.77140847e-01            7.63817570e-02
            2.50605892e+00            3.64329136e-01            3.62113286e-01            1.60745142e-03            6.21161421e-03            2.32559943e-02            7.88314230e-02            1.76585828e-01            7.56209751e-02
            2.51603819e+00            3.62924216e-01            3.60710092e-01            1.60702016e-03            6.20971696e-03            2.32455950e-02            7.87526256e-02            1.76030348e-01            7.48647865e-02
            2.52605719e+00            3.61522845e-01            3.59310760e-01            1.60658730e-03            6.20781274e-03            2.32351590e-02            7.86735937e-02            1.75474413e-01            7.41131936e-02
            2.53611610e+00            3.60125032e-01            3.57915297e-01            1.60615283e-03            6.20590151e-03            2.32246861e-02            7.85943268e-02            1.74918032e-01            7.33661982e-02
            2.54621506e+00            3.58730785e-01            3.56523712e-01            1.60571675e-03            6.20398328e-03            2.32141763e-02            7.85148246e-02            1.74361209e-01            7.26238023e-02
            2.55635423e+00            3.57340113e-01            3.55136013e-01            1.60527905e-03            6.20205799e-03            2.32036294e-02            7.84350868e-02            1.73803952e-01            7.18860073e-02
            2.56653378e+00            3.55953024e-01            3.53752206e-01            1.60483973e-03            6.20012565e-03            2.31930453e-02            7.83551129e-02            1.73246268e-01            7.11528144e-02
            2.57675387e+00            3.54569526e-01            3.52372300e-01            1.60439878e-03            6.19818621e-03            2.31824240e-02            7.82749026e-02            1.72688164e-01            7.04242247e-02
            2.58701465e+00            3.53189625e-01            3.50996300e-01            1.60395619e-03            6.19623966e-03            2.31717652e-02            7.81944554e-02            1.72129645e-01            6.97002388e-02
            2.59731629e+00            3.51813331e-01            3.49624215e-01            1.60351197e-03            6.19428598e-03            2.31610690e-02            7.81137711e-02            1.71570720e-01            6.89808571e-02
            2.60765895e+00            3.50440650e-01            3.48256050e-01            1.60306610e-03            6.19232514e-03            2.31503351e-02            7.80328493e-02            1.71011394e-01            6.82660800e-02
            2.61804280e+00            3.49071589e-01            3.46891812e-01            1.60261858e-03            6.19035711e-03            2.31395634e-02            7.79516895e-02            1.70451676e-01            6.75559073e-02
            2.62846800e+00            3.47706156e-01            3.45531507e-01            1.60216940e-03            6.18838187e-03            2.31287539e-02            7.78702915e-02            1.69891572e-01            6.68503386e-02
            2.63893471e+00            3.46344357e-01            3.44175142e-01            1.60171857e-03            6.18639940e-03            2.31179065e-02            7.77886549e-02            1.69331089e-01            6.61493734e-02
            2.64944309e+00            3.44986200e-01            3.42822721e-01            1.60126606e-03            6.18440968e-03            2.31070209e-02            7.77067792e-02            1.68770234e-01            6.54530108e-02
            2.65999333e+00            3.43631691e-01            3.41474251e-01            1.60081188e-03            6.18241268e-03            2.30960972e-02            7.76246643e-02            1.68209015e-01            6.47612497e-02
            2.67058558e+00            3.42280836e-01            3.40129736e-01            1.60035602e-03            6.18040837e-03            2.30851352e-02            7.75423096e-02            1.67647438e-01            6.40740887e-02
            2.68122000e+00            3.40933642e-01            3.38789182e-01            1.59989848e-03            6.17839674e-03            2.30741348e-02            7.74597149e-02            1.67085511e-01            6.33915261e-02
            2.69189677e+00            3.39590114e-01            3.37452594e-01            1.59943925e-03            6.17637775e-03            2.30630958e-02            7.73768798e-02            1.66523242e-01            6.27135601e-02
            2.70261606e+00            3.38250259e-01            3.36119976e-01            1.59897832e-03            6.17435139e-03            2.30520182e-02            7.72938040e-02            1.65960636e-01            6.20401883e-02
            2.71337803e+00            3.36914082e-01            3.34791333e-01            1.59851569e-03            6.17231763e-03            2.30409018e-02            7.72104870e-02            1.65397703e-01            6.13714085e-02
            2.72418286e+00            3.35581590e-01            3.33466669e-01            1.59805135e-03            6.17027645e-03            2.30297465e-02            7.71269287e-02            1.64834448e-01            6.07072179e-02
            2.73503071e+00            3.34252787e-01            3.32145988e-01            1.59758530e-03            6.16822781e-03            2.30185523e-02            7.70431286e-02            1.64270881e-01            6.00476135e-02
            2.74592176e+00            3.32927679e-01            3.30829294e-01            1.59711753e-03            6.16617170e-03            2.30073189e-02            7.69590863e-02            1.63707007e-01            5.93925922e-02
            2.75685618e+00            3.31606271e-01            3.29516590e-01            1.59664803e-03            6.16410810e-03            2.29960464e-02            7.68748017e-02            1.63142836e-01            5.87421503e-02
            2.76783414e+00            3.30288568e-01            3.28207880e-01            1.59617680e-03            6.16203697e-03            2.29847345e-02            7.67902743e-02            1.62578373e-01            5.80962842e-02
            2.77885581e+00            3.28974574e-01            3.26903167e-01            1.59570384e-03            6.15995829e-03            2.29733832e-02            7.67055037e-02            1.62013628e-01            5.74549898e-02
            2.78992137e+00            3.27664296e-01            3.25602453e-01            1.59522914e-03            6.15787204e-03            2.29619923e-02            7.66204898e-02            1.61448607e-01            5.68182629e-02
            2.80103100e+00            3.26357736e-01            3.24305742e-01            1.59475268e-03            6.15577820e-03            2.29505617e-02            7.65352321e-02            1.60883318e-01            5.61860990e-02
            2.81218487e+00            3.25054900e-01            3.23013036e-01            1.59427447e-03            6.15367673e-03            2.29390913e-02            7.64497304e-02            1.60317770e-01            5.55584932e-02
            2.82338315e+00            3.23755791e-01            3.21724337e-01            1.59379451e-03            6.15156762e-03            2.29275810e-02            7.63639842e-02            1.59751970e-01            5.49354405e-02
            2.83462602e+00            3.22460413e-01            3.20439648e-01            1.59331277e-03            6.14945083e-03            2.29160307e-02            7.62779934e-02            1.59185925e-01            5.43169356e-02
            2.84591366e+00            3.21168771e-01            3.19158970e-01            1.59282927e-03            6.14732635e-03            2.29044403e-02            7.61917576e-02            1.58619644e-01            5.37029729e-02
            2.85724626e+00            3.19880869e-01            3.17882305e-01            1.59234398e-03            6.14519415e-03            2.28928096e-02            7.61052764e-02            1.58053134e-01            5.30935466e-02
            2.86862397e+00            3.18596708e-01            3.16609654e-01            1.59185692e-03            6.14305420e-03            2.28811385e-02            7.60185496e-02            1.57486404e-01            5.24886506e-02
            2.88004700e+00            3.17316294e-01            3.15341018e-01            1.59136806e-03            6.14090648e-03            2.28694269e-02            7.59315769e-02            1.56919461e-01            5.18882786e-02
            2.89151551e+00            3.16039630e-01            3.14076399e-01            1.59087741e-03            6.13875096e-03            2.28576748e-02            7.58443580e-02            1.56352314e-01            5.12924240e-02
            2.90302969e+00            3.14766718e-01            3.12815798e-01            1.59038496e-03            6.13658762e-03            2.28458819e-02            7.57568925e-02            1.55784971e-01            5.07010799e-02
            2.91458972e+00            3.13497561e-01            3.11559214e-01            1.58989069e-03            6.13441643e-03            2.28340482e-02            7.56691802e-02            1.55217439e-01            5.01142393e-02
            2.92619579e+00            3.12232162e-01            3.10306649e-01            1.58939462e-03            6.13223737e-03            2.28221735e-02            7.55812208e-02            1.54649728e-01            4.95318947e-02
            2.93784807e+00            3.10970524e-01            3.09058102e-01            1.58889672e-03            6.13005041e-03            2.28102577e-02            7.54930140e-02            1.54081844e-01            4.89540387e-02
            2.94954674e+00            3.09712649e-01            3.07813573e-01            1.58839700e-03            6.12785553e-03            2.27983008e-02            7.54045595e-02            1.53513797e-01            4.83806632e-02
            2.96129201e+00            3.08458540e-01            3.06573063e-01            1.58789545e-03            6.12565269e-03            2.27863025e-02            7.53158570e-02            1.52945595e-01            4.78117603e-02
            2.97308404e+00            3.07208198e-01            3.05336570e-01            1.58739206e-03            6.12344189e-03            2.27742628e-02            7.52269063e-02            1.52377246e-01            4.72473215e-02
            2.98492303e+00            3.05961626e-01            3.04104095e-01            1.58688683e-03            6.12122308e-03            2.27621816e-02            7.51377071e-02            1.51808758e-01            4.66873383e-02
            2.99680917e+00            3.04718826e-01            3.02875635e-01            1.58637974e-03            6.11899624e-03            2.27500587e-02            7.50482590e-02            1.51240140e-01            4.61318019e-02
            3.00874263e+00            3.03479799e-01            3.01651191e-01            1.58587080e-03            6.11676135e-03            2.27378940e-02            7.49585619e-02            1.50671400e-01            4.55807030e-02
            3.02072362e+00            3.02244547e-01            3.00430761e-01            1.58536000e-03            6.11451839e-03            2.27256875e-02            7.48686155e-02            1.50102547e-01            4.50340325e-02
            3.03275231e+00            3.01013070e-01            2.99214343e-01            1.58484733e-03            6.11226732e-03            2.27134389e-02            7.47784194e-02            1.49533589e-01            4.44917806e-02
            3.04482891e+00            2.99785372e-01            2.98001936e-01            1.58433278e-03            6.11000812e-03            2.27011482e-02            7.46879735e-02            1.48964535e-01            4.39539377e-02
            3.05695359e+00            2.98561452e-01            2.96793538e-01            1.58381635e-03            6.10774076e-03            2.26888152e-02            7.45972776e-02            1.48395394e-01            4.34204936e-02
            3.06912656e+00            2.97341311e-01            2.95589146e-01            1.58329804e-03            6.10546522e-03            2.26764399e-02            7.45063312e-02            1.47826174e-01            4.28914379e-02
            3.08134799e+00            2.96124950e-01            2.94388760e-01            1.58277783e-03            6.10318147e-03            2.26640220e-02            7.44151342e-02            1.47256884e-01            4.23667603e-02
            3.09361810e+00            2.94912371e-01            2.93192375e-01            1.58225573e-03            6.10088949e-03            2.26515616e-02            7.43236864e-02            1.46687532e-01            4.18464499e-02
            3.10593706e+00            2.93703573e-01            2.91999990e-01            1.58173171e-03            6.09858925e-03            2.26390585e-02            7.42319875e-02            1.46118127e-01            4.13304957e-02
            3.11830508e+00            2.92498557e-01            2.90811601e-01            1.58120579e-03            6.09628071e-03            2.26265125e-02            7.41400372e-02            1.45548679e-01            4.08188864e-02
            3.13072235e+00            2.91297323e-01            2.89627207e-01            1.58067795e-03            6.09396387e-03            2.26139235e-02            7.40478353e-02            1.44979195e-01            4.03116106e-02
            3.14318907e+00            2.90099871e-01            2.88446802e-01            1.58014818e-03            6.09163869e-03            2.26012914e-02            7.39553817e-02            1.44409686e-01            3.98086565e-02
            3.15570543e+00            2.88906201e-01            2.87270385e-01            1.57961648e-03            6.08930514e-03            2.25886162e-02            7.38626760e-02            1.43840159e-01            3.93100123e-02
            3.16827163e+00            2.87716313e-01            2.86097951e-01            1.57908284e-03            6.08696319e-03            2.25758976e-02            7.37697181e-02            1.43270623e-01            3.88156657e-02
            3.18088787e+00            2.86530206e-01            2.84929496e-01            1.57854726e-03            6.08461283e-03            2.25631356e-02            7.36765077e-02            1.42701089e-01            3.83256043e-02
            3.19355434e+00            2.85347881e-01            2.83765018e-01            1.57800973e-03            6.08225402e-03            2.25503300e-02            7.35830446e-02            1.42131564e-01            3.78398157e-02
            3.20627126e+00            2.84169335e-01            2.82604510e-01            1.57747025e-03            6.07988674e-03            2.25374807e-02            7.34893286e-02            1.41562057e-01            3.73582868e-02
            3.21903882e+00            2.82994570e-01            2.81447970e-01            1.57692880e-03            6.07751095e-03            2.25245877e-02            7.33953595e-02            1.40992579e-01            3.68810046e-02
            3.23185721e+00            2.81823583e-01            2.80295393e-01            1.57638538e-03            6.07512664e-03            2.25116507e-02            7.33011371e-02            1.40423137e-01            3.64079560e-02
            3.24472665e+00            2.80656373e-01            2.79146773e-01            1.57583999e-03            6.07273378e-03            2.24986697e-02            7.32066611e-02            1.39853741e-01            3.59391273e-02
            3.25764734e+00            2.79492941e-01            2.78002107e-01            1.57529261e-03            6.07033234e-03            2.24856445e-02            7.31119315e-02            1.39284401e-01            3.54745048e-02
            3.27061948e+00            2.78333283e-01            2.76861388e-01            1.57474325e-03            6.06792229e-03            2.24725750e-02            7.30169479e-02            1.38715125e-01            3.50140747e-02
            3.28364327e+00            2.77177399e-01            2.75724612e-01            1.57419189e-03            6.06550360e-03            2.24594611e-02            7.29217102e-02            1.38145923e-01            3.45578228e-02
            3.29671893e+00            2.76025287e-01            2.74591774e-01            1.57363853e-03            6.06307626e-03            2.24463027e-02            7.28262183e-02            1.37576804e-01            3.41057347e-02
            3.30984665e+00            2.74876945e-01            2.73462868e-01            1.57308316e-03            6.06064022e-03            2.24330997e-02            7.27304719e-02            1.37007777e-01            3.36577958e-02
            3.32302665e+00            2.73732372e-01            2.72337887e-01            1.57252578e-03            6.05819547e-03            2.24198519e-02            7.26344709e-02            1.36438852e-01            3.32139915e-02
            3.33625913e+00            2.72591565e-01            2.71216827e-01            1.57196638e-03            6.05574198e-03            2.24065592e-02            7.25382151e-02            1.35870038e-01            3.27743068e-02
            3.34954431e+00            2.71454523e-01            2.70099681e-01            1.57140495e-03            6.05327971e-03            2.23932216e-02            7.24417042e-02            1.35301344e-01            3.23387264e-02
            3.36288239e+00            2.70321242e-01            2.68986443e-01            1.57084148e-03            6.05080865e-03            2.23798387e-02            7.23449383e-02            1.34732781e-01            3.19072350e-02
            3.37627358e+00            2.69191722e-01            2.67877106e-01            1.57027598e-03            6.04832876e-03            2.23664107e-02            7.22479171e-02            1.34164356e-01            3.14798171e-02
            3.38971809e+00            2.68065959e-01            2.66771664e-01            1.56970842e-03            6.04584002e-03            2.23529373e-02            7.21506404e-02            1.33596081e-01            3.10564569e-02
            3.40321614e+00            2.66943950e-01            2.65670111e-01            1.56913882e-03            6.04334240e-03            2.23394184e-02            7.20531081e-02            1.33027965e-01            3.06371383e-02
            3.41676795e+00            2.65825693e-01            2.64572438e-01            1.56856715e-03            6.04083588e-03            2.23258538e-02            7.19553200e-02            1.32460016e-01            3.02218454e-02
            3.43037371e+00            2.64711186e-01            2.63478640e-01            1.56799342e-03            6.03832041e-03            2.23122436e-02            7.18572761e-02            1.31892245e-01            2.98105616e-02
            3.44403366e+00            2.63600424e-01            2.62388709e-01            1.56741761e-03            6.03579599e-03            2.22985875e-02            7.17589761e-02            1.31324662e-01            2.94032706e-02
            3.45774800e+00            2.62493405e-01            2.61302638e-01            1.56683973e-03            6.03326257e-03            2.22848854e-02            7.16604200e-02            1.30757275e-01            2.89999556e-02
            3.47151695e+00            2.61390125e-01            2.60220419e-01            1.56625975e-03            6.03072014e-03            2.22711373e-02            7.15616076e-02            1.30190095e-01            2.86005997e-02
            3.48534073e+00            2.60290582e-01            2.59142045e-01            1.56567769e-03            6.02816865e-03            2.22573429e-02            7.14625388e-02            1.29623131e-01            2.82051858e-02
            3.49921955e+00            2.59194772e-01            2.58067508e-01            1.56509352e-03            6.02560810e-03            2.22435022e-02            7.13632134e-02            1.29056394e-01            2.78136967e-02
            3.51315365e+00            2.58102691e-01            2.56996800e-01            1.56450725e-03            6.02303844e-03            2.22296150e-02            7.12636315e-02            1.28489892e-01            2.74261149e-02
            3.52714322e+00            2.57014335e-01            2.55929912e-01            1.56391886e-03            6.02045965e-03            2.22156813e-02            7.11637927e-02            1.27923637e-01            2.70424229e-02
            3.54118851e+00            2.55929701e-01            2.54866837e-01            1.56332835e-03            6.01787171e-03            2.22017009e-02            7.10636971e-02            1.27357636e-01            2.66626029e-02
            3.55528973e+00            2.54848784e-01            2.53807567e-01            1.56273572e-03            6.01527457e-03            2.21876736e-02            7.09633446e-02            1.26791902e-01            2.62866369e-02
            3.56944709e+00            2.53771581e-01            2.52752092e-01            1.56214095e-03            6.01266823e-03            2.21735994e-02            7.08627350e-02            1.26226442e-01            2.59145068e-02
            3.58366084e+00            2.52698087e-01            2.51700405e-01            1.56154404e-03            6.01005264e-03            2.21594781e-02            7.07618682e-02            1.25661268e-01            2.55461944e-02
            3.59793118e+00            2.51628298e-01            2.50652496e-01            1.56094498e-03            6.00742778e-03            2.21453097e-02            7.06607443e-02            1.25096388e-01            2.51816813e-02
            3.61225835e+00            2.50562210e-01            2.49608357e-01            1.56034377e-03            6.00479362e-03            2.21310939e-02            7.05593630e-02            1.24531814e-01            2.48209488e-02
            3.62664257e+00            2.49499818e-01            2.48567979e-01            1.55974040e-03            6.00215013e-03            2.21168308e-02            7.04577244e-02            1.23967555e-01            2.44639783e-02
            3.64108407e+00            2.48441118e-01            2.47531352e-01            1.55913486e-03            5.99949729e-03            2.21025200e-02            7.03558283e-02            1.23403621e-01            2.41107507e-02
            3.65558307e+00            2.47386104e-01            2.46498467e-01            1.55852714e-03            5.99683506e-03            2.20881616e-02            7.02536747e-02            1.22840022e-01            2.37612471e-02
            3.67013981e+00            2.46334773e-01            2.45469316e-01            1.55791724e-03            5.99416342e-03            2.20737554e-02            7.01512635e-02            1.22276768e-01            2.34154483e-02
            3.68475452e+00            2.45287118e-01            2.44443887e-01            1.55730516e-03            5.99148234e-03            2.20593013e-02            7.00485947e-02            1.21713869e-01            2.30733350e-02
            3.69942742e+00            2.44243136e-01            2.43422173e-01            1.55669088e-03            5.98879179e-03            2.20447992e-02            6.99456682e-02            1.21151335e-01            2.27348876e-02
            3.71415876e+00            2.43202820e-01            2.42404163e-01            1.55607439e-03            5.98609174e-03            2.20302489e-02            6.98424840e-02            1.20589177e-01            2.24000865e-02
            3.72894875e+00            2.42166166e-01            2.41389847e-01            1.55545570e-03            5.98338217e-03            2.20156503e-02            6.97390421e-02            1.20027405e-01            2.20689120e-02
            3.74379764e+00            2.41133168e-01            2.40379216e-01            1.55483479e-03            5.98066304e-03            2.20010033e-02            6.96353423e-02            1.19466028e-01            2.17413443e-02
            3.75870565e+00            2.40103821e-01            2.39372259e-01            1.55421166e-03            5.97793432e-03            2.19863078e-02            6.95313848e-02            1.18905057e-01            2.14173631e-02
            3.77367303e+00            2.39078119e-01            2.38368966e-01            1.55358630e-03            5.97519599e-03            2.19715636e-02            6.94271694e-02            1.18344502e-01            2.10969485e-02
            3.78870002e+00            2.38056057e-01            2.37369327e-01            1.55295870e-03            5.97244802e-03            2.19567707e-02            6.93226961e-02            1.17784373e-01            2.07800801e-02
            3.80378684e+00            2.37037629e-01            2.36373332e-01            1.55232885e-03            5.96969037e-03            2.19419289e-02            6.92179650e-02            1.17224681e-01            2.04667375e-02
            3.81893373e+00            2.36022828e-01            2.35380970e-01            1.55169676e-03            5.96692303e-03            2.19270381e-02            6.91129760e-02            1.16665435e-01            2.01569003e-02
            3.83414095e+00            2.35011650e-01            2.34392230e-01            1.55106241e-03            5.96414596e-03            2.19120982e-02            6.90077291e-02            1.16106647e-01            1.98505477e-02
            3.84940872e+00            2.34004088e-01            2.33407103e-01            1.55042579e-03            5.96135913e-03            2.18971090e-02            6.89022244e-02            1.15548326e-01            1.95476590e-02
            3.86473728e+00            2.33000136e-01            2.32425577e-01            1.54978690e-03            5.95856251e-03            2.18820704e-02            6.87964618e-02            1.14990482e-01            1.92482134e-02
            3.88012689e+00            2.31999788e-01            2.31447641e-01            1.54914573e-03            5.95575607e-03            2.18669824e-02            6.86904413e-02            1.14433126e-01            1.89521898e-02
            3.89557778e+00            2.31003037e-01            2.30473286e-01            1.54850228e-03            5.95293979e-03            2.18518447e-02            6.85841631e-02            1.13876269e-01            1.86595672e-02
            3.91109019e+00            2.30009878e-01            2.29502498e-01            1.54785653e-03            5.95011364e-03            2.18366573e-02            6.84776270e-02            1.13319920e-01            1.83703244e-02
            3.92666438e+00            2.29020303e-01            2.28535269e-01            1.54720848e-03            5.94727758e-03            2.18214200e-02            6.83708332e-02            1.12764089e-01            1.80844401e-02
            3.94230058e+00            2.28034307e-01            2.27571586e-01            1.54655812e-03            5.94443158e-03            2.18061327e-02            6.82637817e-02            1.12208789e-01            1.78018929e-02
            3.95799904e+00            2.27051882e-01            2.26611438e-01            1.54590545e-03            5.94157563e-03            2.17907954e-02            6.81564725e-02            1.11654027e-01            1.75226614e-02
            3.97376002e+00            2.26073021e-01            2.25654814e-01            1.54525046e-03            5.93870968e-03            2.17754078e-02            6.80489057e-02            1.11099816e-01            1.72467239e-02
            3.98958376e+00            2.25097719e-01            2.24701702e-01            1.54459313e-03            5.93583371e-03            2.17599699e-02            6.79410814e-02            1.10546165e-01            1.69740589e-02
            4.00547052e+00            2.24125968e-01            2.23752092e-01            1.54393347e-03            5.93294769e-03            2.17444815e-02            6.78329995e-02            1.09993086e-01            1.67046445e-02
            4.02142053e+00            2.23157762e-01            2.22805972e-01            1.54327147e-03            5.93005158e-03            2.17289426e-02            6.77246603e-02            1.09440587e-01            1.64384589e-02
            4.03743406e+00            2.22193092e-01            2.21863329e-01            1.54260712e-03            5.92714537e-03            2.17133529e-02            6.76160637e-02            1.08888680e-01            1.61754803e-02
            4.05351135e+00            2.21231953e-01            2.20924154e-01            1.54194041e-03            5.92422902e-03            2.16977124e-02            6.75072098e-02            1.08337375e-01            1.59156867e-02
            4.06965266e+00            2.20274337e-01            2.19988433e-01            1.54127133e-03            5.92130250e-03            2.16820209e-02            6.73980987e-02            1.07786683e-01            1.56590559e-02
            4.08585825e+00            2.19320236e-01            2.19056155e-01            1.54059988e-03            5.91836578e-03            2.16662784e-02            6.72887306e-02            1.07236614e-01            1.54055659e-02
            4.10212838e+00            2.18369644e-01            2.18127308e-01            1.53992606e-03            5.91541883e-03            2.16504847e-02            6.71791055e-02            1.06687179e-01            1.51551944e-02
            4.11846329e+00            2.17422553e-01            2.17201881e-01            1.53924984e-03            5.91246162e-03            2.16346397e-02            6.70692235e-02            1.06138387e-01            1.49079193e-02
            4.13486324e+00            2.16478955e-01            2.16279862e-01            1.53857124e-03            5.90949412e-03            2.16187432e-02            6.69590848e-02            1.05590250e-01            1.46637181e-02
            4.15132851e+00            2.15538844e-01            2.15361238e-01            1.53789023e-03            5.90651630e-03            2.16027953e-02            6.68486895e-02            1.05042778e-01            1.44225685e-02
            4.16785933e+00            2.14602211e-01            2.14445998e-01            1.53720681e-03            5.90352814e-03            2.15867956e-02            6.67380376e-02            1.04495982e-01            1.41844480e-02
            4.18445599e+00            2.13669048e-01            2.13534129e-01            1.53652097e-03            5.90052960e-03            2.15707441e-02            6.66271294e-02            1.03949871e-01            1.39493342e-02
            4.20111873e+00            2.12739349e-01            2.12625620e-01            1.53583272e-03            5.89752065e-03            2.15546408e-02            6.65159649e-02            1.03404457e-01            1.37172045e-02
            4.21784783e+00            2.11813105e-01            2.11720459e-01            1.53514203e-03            5.89450126e-03            2.15384854e-02            6.64045444e-02            1.02859750e-01            1.34880363e-02
            4.23464354e+00            2.10890308e-01            2.10818633e-01            1.53444890e-03            5.89147140e-03            2.15222778e-02            6.62928679e-02            1.02315760e-01            1.32618070e-02
            4.25150613e+00            2.09970951e-01            2.09920130e-01            1.53375333e-03            5.88843105e-03            2.15060180e-02            6.61809357e-02            1.01772498e-01            1.30384939e-02
            4.26843587e+00            2.09055026e-01            2.09024938e-01            1.53305531e-03            5.88538016e-03            2.14897058e-02            6.60687479e-02            1.01229975e-01            1.28180743e-02
            4.28543303e+00            2.08142523e-01            2.08133045e-01            1.53235483e-03            5.88231872e-03            2.14733411e-02            6.59563046e-02            1.00688200e-01            1.26005254e-02
            4.30249787e+00            2.07233437e-01            2.07244438e-01            1.53165188e-03            5.87924669e-03            2.14569237e-02            6.58436061e-02            1.00147186e-01            1.23858244e-02
            4.31963066e+00            2.06327757e-01            2.06359106e-01            1.53094645e-03            5.87616404e-03            2.14404536e-02            6.57306526e-02            9.96069407e-02            1.21739487e-02
            4.33683168e+00            2.05425477e-01            2.05477036e-01            1.53023854e-03            5.87307074e-03            2.14239306e-02            6.56174442e-02            9.90674763e-02            1.19648752e-02
            4.35410119e+00            2.04526587e-01            2.04598215e-01            1.52952815e-03            5.86996676e-03            2.14073547e-02            6.55039811e-02            9.85288029e-02            1.17585812e-02
            4.37143947e+00            2.03631079e-01            2.03722631e-01            1.52881525e-03            5.86685207e-03            2.13907256e-02            6.53902636e-02            9.79909310e-02            1.15550437e-02
            4.38884679e+00            2.02738946e-01            2.02850273e-01            1.52809985e-03            5.86372664e-03            2.13740434e-02            6.52762919e-02            9.74538710e-02            1.13542399e-02
            4.40632343e+00            2.01850179e-01            2.01981127e-01            1.52738194e-03            5.86059044e-03            2.13573077e-02            6.51620661e-02            9.69176335e-02            1.11561468e-02
            4.42386967e+00            2.00964769e-01            2.01115181e-01            1.52666151e-03            5.85744344e-03            2.13405187e-02            6.50475866e-02            9.63822289e-02            1.09607416e-02
            4.44148577e+00            2.00082707e-01            2.00252423e-01            1.52593855e-03            5.85428560e-03            2.13236760e-02            6.49328535e-02            9.58476677e-02            1.07680013e-02
            4.45917202e+00            1.99203986e-01            1.99392840e-01            1.52521306e-03            5.85111691e-03            2.13067797e-02            6.48178672e-02            9.53139604e-02            1.05779029e-02
            4.47692870e+00            1.98328596e-01            1.98536420e-01            1.52448503e-03            5.84793732e-03            2.12898295e-02            6.47026278e-02            9.47811174e-02            1.03904235e-02
            4.49475609e+00            1.97456529e-01            1.97683152e-01            1.52375444e-03            5.84474681e-03            2.12728254e-02            6.45871356e-02            9.42491492e-02            1.02055402e-02
            4.51265446e+00            1.96587776e-01            1.96833021e-01            1.52302130e-03            5.84154535e-03            2.12557672e-02            6.44713909e-02            9.37180662e-02            1.00232300e-02
            4.53062411e+00            1.95722329e-01            1.95986016e-01            1.52228560e-03            5.83833290e-03            2.12386549e-02            6.43553940e-02            9.31878789e-02            9.84347001e-03
            4.54866532e+00            1.94860178e-01            1.95142125e-01            1.52154732e-03            5.83510943e-03            2.12214883e-02            6.42391451e-02            9.26585977e-02            9.66623728e-03
            4.56677836e+00            1.94001315e-01            1.94301335e-01            1.52080647e-03            5.83187492e-03            2.12042673e-02            6.41226445e-02            9.21302330e-02            9.49150891e-03
            4.58496353e+00            1.93145731e-01            1.93463634e-01            1.52006302e-03            5.82862934e-03            2.11869918e-02            6.40058926e-02            9.16027952e-02            9.31926199e-03
            4.60322112e+00            1.92293417e-01            1.92629009e-01            1.51931698e-03            5.82537265e-03            2.11696617e-02            6.38888896e-02            9.10762946e-02            9.14947363e-03
            4.62155141e+00            1.91444365e-01            1.91797448e-01            1.51856834e-03            5.82210482e-03            2.11522768e-02            6.37716358e-02            9.05507418e-02            8.98212099e-03
            4.63995470e+00            1.90598564e-01            1.90968940e-01            1.51781709e-03            5.81882582e-03            2.11348370e-02            6.36541317e-02            9.00261469e-02            8.81718120e-03
            4.65843126e+00            1.89756007e-01            1.90143470e-01            1.51706322e-03            5.81553562e-03            2.11173423e-02            6.35363774e-02            8.95025204e-02            8.65463147e-03
            4.67698140e+00            1.88916684e-01            1.89321028e-01            1.51630673e-03            5.81223419e-03            2.10997924e-02            6.34183733e-02            8.89798726e-02            8.49444901e-03
            4.69560541e+00            1.88080585e-01            1.88501601e-01            1.51554760e-03            5.80892150e-03            2.10821874e-02            6.33001198e-02            8.84582138e-02            8.33661105e-03
            4.71430358e+00            1.87247703e-01            1.87685177e-01            1.51478583e-03            5.80559752e-03            2.10645270e-02            6.31816173e-02            8.79375543e-02            8.18109487e-03
            4.73307621e+00            1.86418028e-01            1.86871743e-01            1.51402142e-03            5.80226221e-03            2.10468112e-02            6.30628660e-02            8.74179044e-02            8.02787779e-03
            4.75192359e+00            1.85591550e-01            1.86061288e-01            1.51325435e-03            5.79891555e-03            2.10290398e-02            6.29438664e-02            8.68992744e-02            7.87693716e-03
            4.77084602e+00            1.84768261e-01            1.85253798e-01            1.51248461e-03            5.79555751e-03            2.10112127e-02            6.28246189e-02            8.63816744e-02            7.72825037e-03
            4.78984380e+00            1.83948150e-01            1.84449263e-01            1.51171220e-03            5.79218805e-03            2.09933299e-02            6.27051237e-02            8.58651147e-02            7.58179486e-03
            4.80891723e+00            1.83131210e-01            1.83647670e-01            1.51093712e-03            5.78880715e-03            2.09753912e-02            6.25853814e-02            8.53496054e-02            7.43754812e-03
            4.82806662e+00            1.82317430e-01            1.82849007e-01            1.51015935e-03            5.78541476e-03            2.09573964e-02            6.24653922e-02            8.48351569e-02            7.29548768e-03
            4.84729226e+00            1.81506802e-01            1.82053262e-01            1.50937888e-03            5.78201087e-03            2.09393455e-02            6.23451567e-02            8.43217792e-02            7.15559112e-03
            4.86659445e+00            1.80699316e-01            1.81260423e-01            1.50859571e-03            5.77859544e-03            2.09212384e-02            6.22246752e-02            8.38094824e-02            7.01783608e-03
            4.88597351e+00            1.79894962e-01            1.80470478e-01            1.50780983e-03            5.77516844e-03            2.09030750e-02            6.21039482e-02            8.32982767e-02            6.88220026e-03
            4.90542974e+00            1.79093732e-01            1.79683416e-01            1.50702124e-03            5.77172983e-03            2.08848550e-02            6.19829760e-02            8.27881721e-02            6.74866142e-03
            4.92496344e+00            1.78295616e-01            1.78899223e-01            1.50622992e-03            5.76827959e-03            2.08665785e-02            6.18617592e-02            8.22791787e-02            6.61719737e-03
            4.94457492e+00            1.77500604e-01            1.78117890e-01            1.50543586e-03            5.76481769e-03            2.08482453e-02            6.17402982e-02            8.17713065e-02            6.48778600e-03
            4.96426451e+00            1.76708687e-01            1.77339403e-01            1.50463907e-03            5.76134409e-03            2.08298553e-02            6.16185934e-02            8.12645655e-02            6.36040525e-03
            4.98403249e+00            1.75919856e-01            1.76563751e-01            1.50383952e-03            5.75785877e-03            2.08114084e-02            6.14966453e-02            8.07589657e-02            6.23503314e-03
            5.00387919e+00            1.75134101e-01            1.75790923e-01            1.50303722e-03            5.75436169e-03            2.07929045e-02            6.13744544e-02            8.02545170e-02            6.11164775e-03
            5.02380493e+00            1.74351412e-01            1.75020906e-01            1.50223216e-03            5.75085282e-03            2.07743434e-02            6.12520212e-02            7.97512294e-02            5.99022726e-03
            5.04381001e+00            1.73571781e-01            1.74253690e-01            1.50142432e-03            5.74733213e-03            2.07557251e-02            6.11293461e-02            7.92491127e-02            5.87074990e-03
            5.06389475e+00            1.72795197e-01            1.73489263e-01            1.50061370e-03            5.74379958e-03            2.07370495e-02            6.10064297e-02            7.87481768e-02            5.75319398e-03
            5.08405947e+00            1.72021651e-01            1.72727614e-01            1.49980030e-03            5.74025516e-03            2.07183163e-02            6.08832725e-02            7.82484314e-02            5.63753790e-03
            5.10430448e+00            1.71251134e-01            1.71968730e-01            1.49898410e-03            5.73669882e-03            2.06995257e-02            6.07598750e-02            7.77498864e-02            5.52376015e-03
            5.12463012e+00            1.70483636e-01            1.71212601e-01            1.49816510e-03            5.73313054e-03            2.06806773e-02            6.06362376e-02            7.72525516e-02            5.41183928e-03
            5.14503669e+00            1.69719147e-01            1.70459216e-01            1.49734328e-03            5.72955028e-03            2.06617711e-02            6.05123611e-02            7.67564365e-02            5.30175394e-03
            5.16552452e+00            1.68957658e-01            1.69708563e-01            1.49651865e-03            5.72595801e-03            2.06428070e-02            6.03882458e-02            7.62615510e-02            5.19348288e-03
            5.18609393e+00            1.68199160e-01            1.68960632e-01            1.49569119e-03            5.72235370e-03            2.06237850e-02            6.02638924e-02            7.57679047e-02            5.08700492e-03
            5.20674526e+00            1.67443642e-01            1.68215411e-01            1.49486090e-03            5.71873733e-03            2.06047048e-02            6.01393014e-02            7.52755071e-02            4.98229900e-03
            5.22747881e+00            1.66691095e-01            1.67472888e-01            1.49402776e-03            5.71510885e-03            2.05855664e-02            6.00144734e-02            7.47843678e-02            4.87934413e-03
            5.24829493e+00            1.65941509e-01            1.66733055e-01            1.49319177e-03            5.71146824e-03            2.05663697e-02            5.98894090e-02            7.42944964e-02            4.77811942e-03
            5.26919395e+00            1.65194876e-01            1.65995898e-01            1.49235293e-03            5.70781546e-03            2.05471145e-02            5.97641088e-02            7.38059024e-02            4.67860409e-03
            5.29017618e+00            1.64451184e-01            1.65261408e-01            1.49151121e-03            5.70415049e-03            2.05278008e-02            5.96385733e-02            7.33185951e-02            4.58077746e-03
            5.31124196e+00            1.63710425e-01            1.64529575e-01            1.49066663e-03            5.70047330e-03            2.05084284e-02            5.95128032e-02            7.28325841e-02            4.48461895e-03
            5.33239163e+00            1.62972590e-01            1.63800386e-01            1.48981916e-03            5.69678384e-03            2.04889973e-02            5.93867991e-02            7.23478786e-02            4.39010808e-03
            5.35362552e+00            1.62237667e-01            1.63073832e-01            1.48896880e-03            5.69308210e-03            2.04695074e-02            5.92605616e-02            7.18644880e-02            4.29722449e-03
            5.37494396e+00            1.61505648e-01            1.62349903e-01            1.48811554e-03            5.68936803e-03            2.04499585e-02            5.91340914e-02            7.13824215e-02            4.20594790e-03
            5.39634730e+00            1.60776523e-01            1.61628587e-01            1.48725938e-03            5.68564161e-03            2.04303505e-02            5.90073890e-02            7.09016885e-02            4.11625818e-03
            5.41783586e+00            1.60050283e-01            1.60909875e-01            1.48640031e-03            5.68190281e-03            2.04106833e-02            5.88804553e-02            7.04222980e-02            4.02813529e-03
            5.43941000e+00            1.59326917e-01            1.60193756e-01            1.48553831e-03            5.67815160e-03            2.03909569e-02            5.87532908e-02            6.99442592e-02            3.94155929e-03
            5.46107004e+00            1.58606416e-01            1.59480220e-01            1.48467338e-03            5.67438793e-03            2.03711711e-02            5.86258961e-02            6.94675813e-02            3.85651037e-03
            5.48281633e+00            1.57888771e-01            1.58769257e-01            1.48380552e-03            5.67061179e-03            2.03513259e-02            5.84982721e-02            6.89922732e-02            3.77296885e-03
            5.50464922e+00            1.57173972e-01            1.58060857e-01            1.48293470e-03            5.66682315e-03            2.03314210e-02            5.83704193e-02            6.85183440e-02            3.69091516e-03
            5.52656905e+00            1.56462009e-01            1.57355010e-01            1.48206094e-03            5.66302196e-03            2.03114565e-02            5.82423386e-02            6.80458025e-02            3.61032982e-03
            5.54857617e+00            1.55752872e-01            1.56651706e-01            1.48118421e-03            5.65920820e-03            2.02914322e-02            5.81140305e-02            6.75746578e-02            3.53119352e-03
            5.57067091e+00            1.55046552e-01            1.55950936e-01            1.48030452e-03            5.65538183e-03            2.02713480e-02            5.79854958e-02            6.71049186e-02            3.45348703e-03
            5.59285364e+00            1.54343040e-01            1.55252689e-01            1.47942185e-03            5.65154284e-03            2.02512039e-02            5.78567354e-02            6.66365937e-02            3.37719128e-03
            5.61512471e+00            1.53642326e-01            1.54556956e-01            1.47853619e-03            5.64769117e-03            2.02309997e-02            5.77277498e-02            6.61696918e-02            3.30228730e-03
            5.63748446e+00            1.52944399e-01            1.53863727e-01            1.47764754e-03            5.64382681e-03            2.02107352e-02            5.75985398e-02            6.57042217e-02            3.22875626e-03
            5.65993324e+00            1.52249251e-01            1.53172994e-01            1.47675589e-03            5.63994973e-03            2.01904106e-02            5.74691063e-02            6.52401920e-02            3.15657945e-03
            5.68247142e+00            1.51556872e-01            1.52484746e-01            1.47586122e-03            5.63605988e-03            2.01700255e-02            5.73394500e-02            6.47776112e-02            3.08573830e-03
            5.70509935e+00            1.50867252e-01            1.51798975e-01            1.47496355e-03            5.63215724e-03            2.01495800e-02            5.72095716e-02            6.43164879e-02            3.01621436e-03
            5.72781738e+00            1.50180382e-01            1.51115670e-01            1.47406284e-03            5.62824178e-03            2.01290739e-02            5.70794720e-02            6.38568304e-02            2.94798932e-03
            5.75062588e+00            1.49496253e-01            1.50434824e-01            1.47315910e-03            5.62431347e-03            2.01085071e-02            5.69491519e-02            6.33986473e-02            2.88104499e-03
            5.77352520e+00            1.48814853e-01            1.49756427e-01            1.47225232e-03            5.62037227e-03            2.00878796e-02            5.68186122e-02            6.29419469e-02            2.81536334e-03
            5.79651571e+00            1.48136175e-01            1.49080470e-01            1.47134250e-03            5.61641816e-03            2.00671913e-02            5.66878538e-02            6.24867374e-02            2.75092645e-03
            5.81959777e+00            1.47460208e-01            1.48406944e-01            1.47042961e-03            5.61245109e-03            2.00464419e-02            5.65568773e-02            6.20330271e-02            2.68771655e-03
            5.84277174e+00            1.46786944e-01            1.47735840e-01            1.46951366e-03            5.60847106e-03            2.00256316e-02            5.64256837e-02            6.15808240e-02            2.62571601e-03
            5.86603799e+00            1.46116371e-01            1.47067150e-01            1.46859463e-03            5.60447801e-03            2.00047601e-02            5.62942739e-02            6.11301364e-02            2.56490732e-03
            5.88939689e+00            1.45448482e-01            1.46400866e-01            1.46767253e-03            5.60047192e-03            1.99838274e-02            5.61626486e-02            6.06809723e-02            2.50527313e-03
            5.91284881e+00            1.44783266e-01            1.45736978e-01            1.46674733e-03            5.59645276e-03            1.99628333e-02            5.60308088e-02            6.02333396e-02            2.44679621e-03
            5.93639411e+00            1.44120714e-01            1.45075478e-01            1.46581904e-03            5.59242049e-03            1.99417779e-02            5.58987554e-02            5.97872461e-02            2.38945950e-03
            5.96003317e+00            1.43460816e-01            1.44416359e-01            1.46488764e-03            5.58837510e-03            1.99206609e-02            5.57664891e-02            5.93426999e-02            2.33324606e-03
            5.98376636e+00            1.42803564e-01            1.43759611e-01            1.46395313e-03            5.58431653e-03            1.98994824e-02            5.56340111e-02            5.88997086e-02            2.27813910e-03
            6.00759406e+00            1.42148946e-01            1.43105226e-01            1.46301549e-03            5.58024477e-03            1.98782421e-02            5.55013221e-02            5.84582799e-02            2.22412197e-03
            6.03151665e+00            1.41496956e-01            1.42453197e-01            1.46207473e-03            5.57615979e-03            1.98569401e-02            5.53684230e-02            5.80184215e-02            2.17117816e-03
            6.05553449e+00            1.40847581e-01            1.41803516e-01            1.46113083e-03            5.57206154e-03            1.98355763e-02            5.52353149e-02            5.75801410e-02            2.11929131e-03
            6.07964798e+00            1.40200815e-01            1.41156174e-01            1.46018378e-03            5.56795001e-03            1.98141504e-02            5.51019987e-02            5.71434458e-02            2.06844522e-03
            6.10385749e+00            1.39556646e-01            1.40511164e-01            1.45923358e-03            5.56382515e-03            1.97926626e-02            5.49684753e-02            5.67083435e-02            2.01862382e-03
            6.12816340e+00            1.38915066e-01            1.39868478e-01            1.45828022e-03            5.55968695e-03            1.97711126e-02            5.48347456e-02            5.62748412e-02            1.96981118e-03
            6.15256609e+00            1.38276064e-01            1.39228108e-01            1.45732369e-03            5.55553536e-03            1.97495004e-02            5.47008108e-02            5.58429464e-02            1.92199153e-03
            6.17706596e+00            1.37639633e-01            1.38590047e-01            1.45636398e-03            5.55137036e-03            1.97278259e-02            5.45666717e-02            5.54126662e-02            1.87514925e-03
            6.20166339e+00            1.37005763e-01            1.37954288e-01            1.45540109e-03            5.54719191e-03            1.97060891e-02            5.44323293e-02            5.49840078e-02            1.82926886e-03
            6.22635877e+00            1.36374444e-01            1.37320823e-01            1.45443500e-03            5.54299999e-03            1.96842898e-02            5.42977847e-02            5.45569782e-02            1.78433503e-03
            6.25115249e+00            1.35745666e-01            1.36689644e-01            1.45346571e-03            5.53879456e-03            1.96624279e-02            5.41630390e-02            5.41315845e-02            1.74033258e-03
            6.27604494e+00            1.35119422e-01            1.36060745e-01            1.45249321e-03            5.53457560e-03            1.96405034e-02            5.40280930e-02            5.37078336e-02            1.69724649e-03
            6.30103651e+00            1.34495701e-01            1.35434119e-01            1.45151749e-03            5.53034307e-03            1.96185162e-02            5.38929479e-02            5.32857322e-02            1.65506186e-03
            6.32612760e+00            1.33874494e-01            1.34809758e-01            1.45053854e-03            5.52609694e-03            1.95964662e-02            5.37576047e-02            5.28652872e-02            1.61376398e-03
            6.35131860e+00            1.33255793e-01            1.34187655e-01            1.44955636e-03            5.52183718e-03            1.95743533e-02            5.36220645e-02            5.24465053e-02            1.57333827e-03
            6.37660992e+00            1.32639587e-01            1.33567804e-01            1.44857094e-03            5.51756377e-03            1.95521774e-02            5.34863283e-02            5.20293930e-02            1.53377028e-03
            6.40200194e+00            1.32025868e-01            1.32950197e-01            1.44758227e-03            5.51327666e-03            1.95299386e-02            5.33503973e-02            5.16139569e-02            1.49504575e-03
            6.42749508e+00            1.31414627e-01            1.32334829e-01            1.44659034e-03            5.50897583e-03            1.95076366e-02            5.32142725e-02            5.12002034e-02            1.45715055e-03
            6.45308973e+00            1.30805854e-01            1.31721692e-01            1.44559515e-03            5.50466126e-03            1.94852714e-02            5.30779551e-02            5.07881389e-02            1.42007069e-03
            6.47878631e+00            1.30199541e-01            1.31110781e-01            1.44459668e-03            5.50033290e-03            1.94628430e-02            5.29414461e-02            5.03777696e-02            1.38379236e-03
            6.50458521e+00            1.29595678e-01            1.30502087e-01            1.44359492e-03            5.49599073e-03            1.94403512e-02            5.28047467e-02            4.99691018e-02            1.34830187e-03
            6.53048684e+00            1.28994257e-01            1.29895606e-01            1.44258988e-03            5.49163471e-03            1.94177960e-02            5.26678581e-02            4.95621417e-02            1.31358570e-03
            6.55649161e+00            1.28395267e-01            1.29291331e-01            1.44158154e-03            5.48726482e-03            1.93951774e-02            5.25307813e-02            4.91568951e-02            1.27963048e-03
            6.58259993e+00            1.27798701e-01            1.28689255e-01            1.44056990e-03            5.48288103e-03            1.93724951e-02            5.23935176e-02            4.87533682e-02            1.24642299e-03
            6.60881223e+00            1.27204550e-01            1.28089372e-01            1.43955494e-03            5.47848331e-03            1.93497493e-02            5.22560681e-02            4.83515666e-02            1.21395014e-03
            6.63512889e+00            1.26612803e-01            1.27491677e-01            1.43853665e-03            5.47407163e-03            1.93269397e-02            5.21184341e-02            4.79514964e-02            1.18219903e-03
            6.66155036e+00            1.26023453e-01            1.26896164e-01            1.43751504e-03            5.46964594e-03            1.93040663e-02            5.19806166e-02            4.75531630e-02            1.15115688e-03
            6.68807703e+00            1.25436491e-01            1.26302826e-01            1.43649009e-03            5.46520624e-03            1.92811291e-02            5.18426169e-02            4.71565721e-02            1.12081107e-03
            6.71470934e+00            1.24851907e-01            1.25711657e-01            1.43546179e-03            5.46075248e-03            1.92581279e-02            5.17044363e-02            4.67617293e-02            1.09114912e-03
            6.74144770e+00            1.24269692e-01            1.25122652e-01            1.43443014e-03            5.45628464e-03            1.92350628e-02            5.15660760e-02            4.63686400e-02            1.06215873e-03
            6.76829253e+00            1.23689839e-01            1.24535806e-01            1.43339512e-03            5.45180268e-03            1.92119336e-02            5.14275371e-02            4.59773095e-02            1.03382770e-03
            6.79524426e+00            1.23112337e-01            1.23951112e-01            1.43235674e-03            5.44730658e-03            1.91887403e-02            5.12888210e-02            4.55877430e-02            1.00614403e-03
            6.82230331e+00            1.22537179e-01            1.23368565e-01            1.43131498e-03            5.44279631e-03            1.91654828e-02            5.11499289e-02            4.51999458e-02            9.79095838e-04
            6.84947011e+00            1.21964356e-01            1.22788159e-01            1.43026983e-03            5.43827183e-03            1.91421611e-02            5.10108622e-02            4.48139229e-02            9.52671397e-04
            6.87674509e+00            1.21393858e-01            1.22209890e-01            1.42922129e-03            5.43373312e-03            1.91187750e-02            5.08716220e-02            4.44296793e-02            9.26859130e-04
            6.90412869e+00            1.20825677e-01            1.21633751e-01            1.42816934e-03            5.42918015e-03            1.90953245e-02            5.07322097e-02            4.40472198e-02            9.01647609e-04
            6.93162132e+00            1.20259805e-01            1.21059738e-01            1.42711399e-03            5.42461289e-03            1.90718096e-02            5.05926265e-02            4.36665493e-02            8.77025550e-04
            6.95922344e+00            1.19696232e-01            1.20487845e-01            1.42605521e-03            5.42003130e-03            1.90482302e-02            5.04528739e-02            4.32876725e-02            8.52981817e-04
            6.98693546e+00            1.19134950e-01            1.19918067e-01            1.42499301e-03            5.41543536e-03            1.90245863e-02            5.03129532e-02            4.29105939e-02            8.29505420e-04
            7.01475784e+00            1.18575951e-01            1.19350399e-01            1.42392738e-03            5.41082504e-03            1.90008777e-02            5.01728656e-02            4.25353182e-02            8.06585514e-04
            7.04269101e+00            1.18019225e-01            1.18784837e-01            1.42285831e-03            5.40620031e-03            1.89771044e-02            5.00326126e-02            4.21618496e-02            7.84211399e-04
            7.07073541e+00            1.17464765e-01            1.18221374e-01            1.42178578e-03            5.40156114e-03            1.89532663e-02            4.98921955e-02            4.17901926e-02            7.62372520e-04
            7.09889148e+00            1.16912561e-01            1.17660006e-01            1.42070980e-03            5.39690751e-03            1.89293635e-02            4.97516156e-02            4.14203513e-02            7.41058466e-04
            7.12715967e+00            1.16362606e-01            1.17100729e-01            1.41963035e-03            5.39223937e-03            1.89053958e-02            4.96108745e-02            4.10523299e-02            7.20258968e-04
            7.15554043e+00            1.15814890e-01            1.16543537e-01            1.41854743e-03            5.38755671e-03            1.88813632e-02            4.94699734e-02            4.06861325e-02            6.99963900e-04
            7.18403420e+00            1.15269406e-01            1.15988426e-01            1.41746103e-03            5.38285949e-03            1.88572656e-02            4.93289138e-02            4.03217628e-02            6.80163278e-04
            7.21264144e+00            1.14726145e-01            1.15435391e-01            1.41637114e-03            5.37814769e-03            1.88331030e-02            4.91876972e-02            3.99592249e-02            6.60847259e-04
            7.24136259e+00            1.14185098e-01            1.14884428e-01            1.41527775e-03            5.37342127e-03            1.88088754e-02            4.90463249e-02            3.95985224e-02            6.42006140e-04
            7.27019811e+00            1.13646257e-01            1.14335531e-01            1.41418086e-03            5.36868021e-03            1.87845826e-02            4.89047983e-02            3.92396590e-02            6.23630357e-04
            7.29914846e+00            1.13109613e-01            1.13788697e-01            1.41308046e-03            5.36392448e-03            1.87602246e-02            4.87631191e-02            3.88826382e-02            6.05710486e-04
            7.32821409e+00            1.12575160e-01            1.13243921e-01            1.41197653e-03            5.35915405e-03            1.87358015e-02            4.86212886e-02            3.85274635e-02            5.88237241e-04
            7.35739545e+00            1.12042887e-01            1.12701199e-01            1.41086908e-03            5.35436890e-03            1.87113130e-02            4.84793083e-02            3.81741381e-02            5.71201471e-04
            7.38669302e+00            1.11512787e-01            1.12160526e-01            1.40975809e-03            5.34956898e-03            1.86867593e-02            4.83371797e-02            3.78226654e-02            5.54594163e-04
            7.41610726e+00            1.10984851e-01            1.11621897e-01            1.40864355e-03            5.34475428e-03            1.86621401e-02            4.81949043e-02            3.74730485e-02            5.38406439e-04
            7.44563862e+00            1.10459072e-01            1.11085309e-01            1.40752547e-03            5.33992477e-03            1.86374556e-02            4.80524836e-02            3.71252903e-02            5.22629557e-04
            7.47528758e+00            1.09935442e-01            1.10550758e-01            1.40640382e-03            5.33508042e-03            1.86127056e-02            4.79099192e-02            3.67793939e-02            5.07254906e-04
            7.50505461e+00            1.09413951e-01            1.10018239e-01            1.40527861e-03            5.33022119e-03            1.85878902e-02            4.77672126e-02            3.64353621e-02            4.92274008e-04
            7.53494016e+00            1.08894592e-01            1.09487747e-01            1.40414982e-03            5.32534707e-03            1.85630092e-02            4.76243653e-02            3.60931976e-02            4.77678520e-04
            7.56494473e+00            1.08377357e-01            1.08959280e-01            1.40301745e-03            5.32045803e-03            1.85380626e-02            4.74813789e-02            3.57529030e-02            4.63460226e-04
            7.59506877e+00            1.07862237e-01            1.08432833e-01            1.40188149e-03            5.31555403e-03            1.85130504e-02            4.73382550e-02            3.54144808e-02            4.49611041e-04
            7.62531277e+00            1.07349225e-01            1.07908401e-01            1.40074193e-03            5.31063505e-03            1.84879726e-02            4.71949952e-02            3.50779335e-02            4.36123010e-04
            7.65567720e+00            1.06838313e-01            1.07385982e-01            1.39959876e-03            5.30570106e-03            1.84628290e-02            4.70516011e-02            3.47432634e-02            4.22988304e-04
            7.68616255e+00            1.06329493e-01            1.06865570e-01            1.39845199e-03            5.30075203e-03            1.84376198e-02            4.69080742e-02            3.44104727e-02            4.10199223e-04
            7.71676929e+00            1.05822756e-01            1.06347162e-01            1.39730159e-03            5.29578795e-03            1.84123448e-02            4.67644163e-02            3.40795635e-02            3.97748191e-04
            7.74749791e+00            1.05318095e-01            1.05830755e-01            1.39614756e-03            5.29080877e-03            1.83870040e-02            4.66206289e-02            3.37505378e-02            3.85627757e-04
            7.77834889e+00            1.04815501e-01            1.05316343e-01            1.39498989e-03            5.28581447e-03            1.83615973e-02            4.64767136e-02            3.34233974e-02            3.73830594e-04
            7.80932272e+00            1.04314968e-01            1.04803924e-01            1.39382858e-03            5.28080503e-03            1.83361249e-02            4.63326722e-02            3.30981442e-02            3.62349498e-04
            7.84041989e+00            1.03816487e-01            1.04293494e-01            1.39266362e-03            5.27578042e-03            1.83105865e-02            4.61885063e-02            3.27747799e-02            3.51177385e-04
            7.87164089e+00            1.03320050e-01            1.03785049e-01            1.39149500e-03            5.27074061e-03            1.82849822e-02            4.60442176e-02            3.24533060e-02            3.40307294e-04
            7.90298622e+00            1.02825649e-01            1.03278584e-01            1.39032271e-03            5.26568557e-03            1.82593120e-02            4.58998077e-02            3.21337240e-02            3.29732381e-04
            7.93445636e+00            1.02333278e-01            1.02774097e-01            1.38914675e-03            5.26061528e-03            1.82335758e-02            4.57552785e-02            3.18160352e-02            3.19445921e-04
            7.96605182e+00            1.01842927e-01            1.02271584e-01            1.38796710e-03            5.25552971e-03            1.82077736e-02            4.56106315e-02            3.15002409e-02            3.09441306e-04
            7.99777309e+00            1.01354589e-01            1.01771041e-01            1.38678377e-03            5.25042883e-03            1.81819054e-02            4.54658685e-02            3.11863423e-02            2.99712043e-04
            8.02962069e+00            1.00868257e-01            1.01272464e-01            1.38559674e-03            5.24531263e-03            1.81559712e-02            4.53209913e-02            3.08743404e-02            2.90251757e-04
            8.06159509e+00            1.00383923e-01            1.00775850e-01            1.38440600e-03            5.24018107e-03            1.81299709e-02            4.51760016e-02            3.05642361e-02            2.81054182e-04
            8.09369683e+00            9.99015790e-02            1.00281195e-01            1.38321155e-03            5.23503412e-03            1.81039046e-02            4.50309011e-02            3.02560303e-02            2.72113168e-04
            8.12592639e+00            9.94212178e-02            9.97884952e-02            1.38201338e-03            5.22987176e-03            1.80777721e-02            4.48856917e-02            2.99497236e-02            2.63422675e-04
            8.15828430e+00            9.89428317e-02            9.92977476e-02            1.38081149e-03            5.22469397e-03            1.80515735e-02            4.47403751e-02            2.96453167e-02            2.54976772e-04
            8.19077105e+00            9.84664131e-02            9.88089482e-02            1.37960586e-03            5.21950071e-03            1.80253088e-02            4.45949531e-02            2.93428100e-02            2.46769639e-04
            8.22338717e+00            9.79919545e-02            9.83220936e-02            1.37839648e-03            5.21429197e-03            1.79989780e-02            4.44494276e-02            2.90422040e-02            2.38795563e-04
            8.25613317e+00            9.75194485e-02            9.78371802e-02            1.37718336e-03            5.20906772e-03            1.79725810e-02            4.43038002e-02            2.87434990e-02            2.31048937e-04
            8.28900957e+00            9.70488875e-02            9.73542045e-02            1.37596649e-03            5.20382793e-03            1.79461178e-02            4.41580730e-02            2.84466951e-02            2.23524259e-04
            8.32201688e+00            9.65802642e-02            9.68731629e-02            1.37474584e-03            5.19857257e-03            1.79195884e-02            4.40122476e-02            2.81517923e-02            2.16216132e-04
            8.35515563e+00            9.61135711e-02            9.63940519e-02            1.37352143e-03            5.19330163e-03            1.78929929e-02            4.38663260e-02            2.78587907e-02            2.09119261e-04
            8.38842634e+00            9.56488009e-02            9.59168680e-02            1.37229324e-03            5.18801508e-03            1.78663311e-02            4.37203100e-02            2.75676901e-02            2.02228454e-04
            8.42182953e+00            9.51859461e-02            9.54416077e-02            1.37106126e-03            5.18271288e-03            1.78396032e-02            4.35742016e-02            2.72784902e-02            1.95538618e-04
            8.45536574e+00            9.47249995e-02            9.49682674e-02            1.36982549e-03            5.17739503e-03            1.78128090e-02            4.34280025e-02            2.69911906e-02            1.89044761e-04
            8.48903549e+00            9.42659538e-02            9.44968437e-02            1.36858592e-03            5.17206149e-03            1.77859487e-02            4.32817147e-02            2.67057909e-02            1.82741986e-04
            8.52283931e+00            9.38088017e-02            9.40273329e-02            1.36734254e-03            5.16671223e-03            1.77590221e-02            4.31353400e-02            2.64222905e-02            1.76625496e-04
            8.55677775e+00            9.33535360e-02            9.35597318e-02            1.36609535e-03            5.16134724e-03            1.77320293e-02            4.29888805e-02            2.61406888e-02            1.70690588e-04
            8.59085133e+00            9.29001494e-02            9.30940366e-02            1.36484433e-03            5.15596649e-03            1.77049703e-02            4.28423381e-02            2.58609848e-02            1.64932653e-04
            8.62506059e+00            9.24486347e-02            9.26302439e-02            1.36358949e-03            5.15056996e-03            1.76778451e-02            4.26957146e-02            2.55831776e-02            1.59347176e-04
            8.65940608e+00            9.19989849e-02            9.21683502e-02            1.36233080e-03            5.14515762e-03            1.76506536e-02            4.25490120e-02            2.53072664e-02            1.53929734e-04
            8.69388833e+00            9.15511928e-02            9.17083520e-02            1.36106828e-03            5.13972945e-03            1.76233960e-02            4.24022324e-02            2.50332498e-02            1.48675992e-04
            8.72850789e+00            9.11052512e-02            9.12502457e-02            1.35980190e-03            5.13428543e-03            1.75960722e-02            4.22553777e-02            2.47611268e-02            1.43581709e-04
            8.76326531e+00            9.06611530e-02            9.07940278e-02            1.35853167e-03            5.12882553e-03            1.75686822e-02            4.21084498e-02            2.44908959e-02            1.38642728e-04
            8.79816113e+00            9.02188914e-02            9.03396947e-02            1.35725758e-03            5.12334973e-03            1.75412260e-02            4.19614508e-02            2.42225557e-02            1.33854981e-04
            8.83319592e+00            8.97784591e-02            8.98872429e-02            1.35597961e-03            5.11785800e-03            1.75137036e-02            4.18143826e-02            2.39561046e-02            1.29214485e-04
            8.86837021e+00            8.93398493e-02            8.94366688e-02            1.35469776e-03            5.11235033e-03            1.74861151e-02            4.16672474e-02            2.36915410e-02            1.24717342e-04
            8.90368457e+00            8.89030549e-02            8.89879689e-02            1.35341203e-03            5.10682668e-03            1.74584604e-02            4.15200470e-02            2.34288630e-02            1.20359738e-04
            8.93913955e+00            8.84680690e-02            8.85411396e-02            1.35212240e-03            5.10128705e-03            1.74307397e-02            4.13727837e-02            2.31680689e-02            1.16137938e-04
            8.97473571e+00            8.80348847e-02            8.80961772e-02            1.35082888e-03            5.09573140e-03            1.74029528e-02            4.12254594e-02            2.29091565e-02            1.12048292e-04
            9.01047363e+00            8.76034951e-02            8.76530782e-02            1.34953145e-03            5.09015972e-03            1.73750998e-02            4.10780761e-02            2.26521239e-02            1.08087227e-04
            9.04635385e+00            8.71738933e-02            8.72118389e-02            1.34823011e-03            5.08457198e-03            1.73471808e-02            4.09306361e-02            2.23969687e-02            1.04251249e-04
            9.08237695e+00            8.67460725e-02            8.67724557e-02            1.34692485e-03            5.07896815e-03            1.73191957e-02            4.07831413e-02            2.21436888e-02            1.00536941e-04
            9.11854349e+00            8.63200260e-02            8.63349248e-02            1.34561566e-03            5.07334823e-03            1.72911446e-02            4.06355938e-02            2.18922816e-02            9.69409619e-05
            9.15485406e+00            8.58957468e-02            8.58992427e-02            1.34430253e-03            5.06771218e-03            1.72630275e-02            4.04879958e-02            2.16427447e-02            9.34600470e-05
            9.19130921e+00            8.54732283e-02            8.54654055e-02            1.34298547e-03            5.06205999e-03            1.72348444e-02            4.03403493e-02            2.13950754e-02            9.00910036e-05
            9.22790953e+00            8.50524637e-02            8.50334097e-02            1.34166447e-03            5.05639163e-03            1.72065954e-02            4.01926565e-02            2.11492710e-02            8.68307121e-05
            9.26465559e+00            8.46334464e-02            8.46032514e-02            1.34033950e-03            5.05070709e-03            1.71782804e-02            4.00449196e-02            2.09053286e-02            8.36761241e-05
            9.30154798e+00            8.42161696e-02            8.41749268e-02            1.33901058e-03            5.04500634e-03            1.71498996e-02            3.98971407e-02            2.06632453e-02            8.06242614e-05
            9.33858728e+00            8.38006266e-02            8.37484323e-02            1.33767770e-03            5.03928936e-03            1.71214530e-02            3.97493219e-02            2.04230181e-02            7.76722149e-05
            9.37577407e+00            8.33868110e-02            8.33237639e-02            1.33634084e-03            5.03355613e-03            1.70929405e-02            3.96014655e-02            2.01846438e-02            7.48171430e-05
            9.41310894e+00            8.29747160e-02            8.29009178e-02            1.33500000e-03            5.02780664e-03            1.70643623e-02            3.94535735e-02            1.99481191e-02            7.20562712e-05
            9.45059248e+00            8.25643351e-02            8.24798902e-02            1.33365517e-03            5.02204085e-03            1.70357183e-02            3.93056482e-02            1.97134407e-02            6.93868903e-05
            9.48822528e+00            8.21556618e-02            8.20606771e-02            1.33230635e-03            5.01625876e-03            1.70070087e-02            3.91576919e-02            1.94806051e-02            6.68063555e-05
            9.52600794e+00            8.17486895e-02            8.16432747e-02            1.33095354e-03            5.01046034e-03            1.69782333e-02            3.90097066e-02            1.92496088e-02            6.43120856e-05
            9.56394105e+00            8.13434118e-02            8.12276790e-02            1.32959671e-03            5.00464558e-03            1.69493924e-02            3.88616946e-02            1.90204481e-02            6.19015613e-05
            9.60202521e+00            8.09398221e-02            8.08138861e-02            1.32823588e-03            4.99881444e-03            1.69204859e-02            3.87136582e-02            1.87931193e-02            5.95723244e-05
            9.64026102e+00            8.05379140e-02            8.04018919e-02            1.32687103e-03            4.99296693e-03            1.68915140e-02            3.85655996e-02            1.85676183e-02            5.73219768e-05
            9.67864910e+00            8.01376811e-02            7.99916923e-02            1.32550215e-03            4.98710301e-03            1.68624765e-02            3.84175211e-02            1.83439414e-02            5.51481793e-05
            9.71719003e+00            7.97391171e-02            7.95832835e-02            1.32412925e-03            4.98122266e-03            1.68333736e-02            3.82694248e-02            1.81220844e-02            5.30486505e-05
            9.75588444e+00            7.93422155e-02            7.91766611e-02            1.32275231e-03            4.97532588e-03            1.68042054e-02            3.81213132e-02            1.79020432e-02            5.10211656e-05
            9.79473293e+00            7.89469699e-02            7.87718212e-02            1.32137132e-03            4.96941263e-03            1.67749719e-02            3.79731884e-02            1.76838135e-02            4.90635559e-05
            9.83373612e+00            7.85533742e-02            7.83687596e-02            1.31998629e-03            4.96348291e-03            1.67456731e-02            3.78250527e-02            1.74673909e-02            4.71737069e-05
            9.87289462e+00            7.81614220e-02            7.79674721e-02            1.31859720e-03            4.95753670e-03            1.67163091e-02            3.76769086e-02            1.72527710e-02            4.53495579e-05
            9.91220905e+00            7.77711069e-02            7.75679544e-02            1.31720405e-03            4.95157397e-03            1.66868800e-02            3.75287581e-02            1.70399491e-02            4.35891009e-05
            9.95168004e+00            7.73824229e-02            7.71702023e-02            1.31580683e-03            4.94559471e-03            1.66573858e-02            3.73806038e-02            1.68289208e-02            4.18903792e-05
            9.99130820e+00            7.69953636e-02            7.67742116e-02            1.31440555e-03            4.93959891e-03            1.66278266e-02            3.72324479e-02            1.66196811e-02            4.02514869e-05
            1.00310942e+01            7.66099229e-02            7.63799778e-02            1.31300018e-03            4.93358654e-03            1.65982025e-02            3.70842927e-02            1.64122253e-02            3.86705676e-05
            1.00710385e+01            7.62260945e-02            7.59874967e-02            1.31159073e-03            4.92755760e-03            1.65685135e-02            3.69361406e-02            1.62065484e-02            3.71458132e-05
            1.01111420e+01            7.58438725e-02            7.55967639e-02            1.31017718e-03            4.92151205e-03            1.65387597e-02            3.67879940e-02            1.60026454e-02            3.56754637e-05
            1.01514051e+01            7.54632505e-02            7.52077749e-02            1.30875954e-03            4.91544990e-03            1.65089412e-02            3.66398552e-02            1.58005112e-02            3.42578052e-05
            1.01918286e+01            7.50842226e-02            7.48205252e-02            1.30733780e-03            4.90937112e-03            1.64790580e-02            3.64917266e-02            1.56001405e-02            3.28911698e-05
            1.02324131e+01            7.47067827e-02            7.44350105e-02            1.30591195e-03            4.90327569e-03            1.64491103e-02            3.63436106e-02            1.54015280e-02            3.15739343e-05
            1.02731591e+01            7.43309246e-02            7.40512260e-02            1.30448199e-03            4.89716361e-03            1.64190980e-02            3.61955095e-02            1.52046684e-02            3.03045192e-05
            1.03140674e+01            7.39566425e-02            7.36691674e-02            1.30304791e-03            4.89103485e-03            1.63890213e-02            3.60474259e-02            1.50095560e-02            2.90813879e-05
            1.03551386e+01            7.35839303e-02            7.32888299e-02            1.30160971e-03            4.88488940e-03            1.63588803e-02            3.58993620e-02            1.48161854e-02            2.79030459e-05
            1.03963734e+01            7.32127820e-02            7.29102089e-02            1.30016737e-03            4.87872725e-03            1.63286750e-02            3.57513203e-02            1.46245509e-02            2.67680396e-05
            1.04377724e+01            7.28431917e-02            7.25332997e-02            1.29872090e-03            4.87254838e-03            1.62984055e-02            3.56033032e-02            1.44346467e-02            2.56749556e-05
            1.04793362e+01            7.24751534e-02            7.21580977e-02            1.29727029e-03            4.86635278e-03            1.62680720e-02            3.54553133e-02            1.42464670e-02            2.46224199e-05
            1.05210655e+01            7.21086612e-02            7.17845980e-02            1.29581553e-03            4.86014043e-03            1.62376744e-02            3.53073528e-02            1.40600057e-02            2.36090970e-05
            1.05629610e+01            7.17437094e-02            7.14127959e-02            1.29435662e-03            4.85391132e-03            1.62072130e-02            3.51594243e-02            1.38752570e-02            2.26336889e-05
            1.06050233e+01            7.13802919e-02            7.10426865e-02            1.29289355e-03            4.84766544e-03            1.61766877e-02            3.50115302e-02            1.36922147e-02            2.16949343e-05
            1.06472531e+01            7.10184030e-02            7.06742650e-02            1.29142632e-03            4.84140277e-03            1.61460987e-02            3.48636730e-02            1.35108726e-02            2.07916080e-05
            1.06896511e+01            7.06580368e-02            7.03075264e-02            1.28995492e-03            4.83512330e-03            1.61154461e-02            3.47158552e-02            1.33312244e-02            1.99225199e-05
            1.07322179e+01            7.02991877e-02            6.99424659e-02            1.28847935e-03            4.82882702e-03            1.60847300e-02            3.45680792e-02            1.31532638e-02            1.90865141e-05
            1.07749542e+01            6.99418497e-02            6.95790784e-02            1.28699960e-03            4.82251392e-03            1.60539505e-02            3.44203476e-02            1.29769843e-02            1.82824682e-05
            1.08178607e+01            6.95860172e-02            6.92173589e-02            1.28551567e-03            4.81618398e-03            1.60231076e-02            3.42726628e-02            1.28023795e-02            1.75092929e-05
            1.08609380e+01            6.92316845e-02            6.88573023e-02            1.28402755e-03            4.80983719e-03            1.59922015e-02            3.41250274e-02            1.26294427e-02            1.67659304e-05
            1.09041869e+01            6.88788459e-02            6.84989036e-02            1.28253524e-03            4.80347354e-03            1.59612324e-02            3.39774439e-02            1.24581672e-02            1.60513544e-05
            1.09476080e+01            6.85274956e-02            6.81421576e-02            1.28103873e-03            4.79709303e-03            1.59302002e-02            3.38299148e-02            1.22885463e-02            1.53645691e-05
            1.09912020e+01            6.81776280e-02            6.77870592e-02            1.27953802e-03            4.79069563e-03            1.58991052e-02            3.36824425e-02            1.21205732e-02            1.47046083e-05
            1.10349696e+01            6.78292376e-02            6.74336031e-02            1.27803310e-03            4.78428133e-03            1.58679474e-02            3.35350298e-02            1.19542409e-02            1.40705350e-05
            1.10789115e+01            6.74823187e-02            6.70817841e-02            1.27652396e-03            4.77785014e-03            1.58367269e-02            3.33876790e-02            1.17895425e-02            1.34614405e-05
            1.11230283e+01            6.71368657e-02            6.67315969e-02            1.27501062e-03            4.77140203e-03            1.58054440e-02            3.32403929e-02            1.16264709e-02            1.28764435e-05
            1.11673209e+01            6.67928731e-02            6.63830361e-02            1.27349305e-03            4.76493700e-03            1.57740986e-02            3.30931738e-02            1.14650190e-02            1.23146899e-05
            1.12117898e+01            6.64503353e-02            6.60360965e-02            1.27197125e-03            4.75845504e-03            1.57426909e-02            3.29460244e-02            1.13051796e-02            1.17753519e-05
            1.12564358e+01            6.61092468e-02            6.56907727e-02            1.27044522e-03            4.75195614e-03            1.57112211e-02            3.27989473e-02            1.11469453e-02            1.12576271e-05
            1.13012595e+01            6.57696022e-02            6.53470591e-02            1.26891496e-03            4.74544029e-03            1.56796893e-02            3.26519450e-02            1.09903089e-02            1.07607382e-05
            1.13462618e+01            6.54313959e-02            6.50049504e-02            1.26738046e-03            4.73890748e-03            1.56480955e-02            3.25050201e-02            1.08352629e-02            1.02839321e-05
            1.13914433e+01            6.50946225e-02            6.46644411e-02            1.26584172e-03            4.73235770e-03            1.56164400e-02            3.23581752e-02            1.06817999e-02            9.82647973e-06
            1.14368046e+01            6.47592766e-02            6.43255255e-02            1.26429872e-03            4.72579095e-03            1.55847229e-02            3.22114130e-02            1.05299123e-02            9.38767471e-06
            1.14823466e+01            6.44253527e-02            6.39881981e-02            1.26275148e-03            4.71920721e-03            1.55529442e-02            3.20647359e-02            1.03795925e-02            8.96683336e-06
            1.15280700e+01            6.40928456e-02            6.36524534e-02            1.26119998e-03            4.71260649e-03            1.55211042e-02            3.19181467e-02            1.02308328e-02            8.56329384e-06
            1.15739754e+01            6.37617497e-02            6.33182857e-02            1.25964422e-03            4.70598877e-03            1.54892030e-02            3.17716479e-02            1.00836254e-02            8.17641564e-06
            1.16200637e+01            6.34320599e-02            6.29856892e-02            1.25808419e-03            4.69935404e-03            1.54572407e-02            3.16252421e-02            9.93796260e-03            7.80557898e-06
            1.16663354e+01            6.31037707e-02            6.26546584e-02            1.25651990e-03            4.69270231e-03            1.54252175e-02            3.14789321e-02            9.79383646e-03            7.45018428e-06
            1.17127915e+01            6.27768770e-02            6.23251874e-02            1.25495133e-03            4.68603356e-03            1.53931335e-02            3.13327203e-02            9.65123906e-03            7.10965159e-06
            1.17594325e+01            6.24513733e-02            6.19972705e-02            1.25337849e-03            4.67934778e-03            1.53609889e-02            3.11866095e-02            9.51016241e-03            6.78342006e-06
            1.18062592e+01            6.21272544e-02            6.16709018e-02            1.25180136e-03            4.67264498e-03            1.53287838e-02            3.10406023e-02            9.37059847e-03            6.47094744e-06
            1.18532724e+01            6.18045151e-02            6.13460756e-02            1.25021995e-03            4.66592515e-03            1.52965183e-02            3.08947013e-02            9.23253912e-03            6.17170952e-06
            1.19004728e+01            6.14831503e-02            6.10227859e-02            1.24863426e-03            4.65918828e-03            1.52641928e-02            3.07489093e-02            9.09597619e-03            5.88519966e-06
            1.19478612e+01            6.11631546e-02            6.07010270e-02            1.24704427e-03            4.65243437e-03            1.52318072e-02            3.06032287e-02            8.96090148e-03            5.61092829e-06
            1.19954382e+01            6.08445230e-02            6.03807927e-02            1.24544999e-03            4.64566341e-03            1.51993618e-02            3.04576624e-02            8.82730670e-03            5.34842244e-06
            1.20432048e+01            6.05272502e-02            6.00620772e-02            1.24385141e-03            4.63887541e-03            1.51668567e-02            3.03122130e-02            8.69518352e-03            5.09722522e-06
            1.20911615e+01            6.02113312e-02            5.97448745e-02            1.24224853e-03            4.63207035e-03            1.51342921e-02            3.01668831e-02            8.56452357e-03            4.85689541e-06
            1.21393092e+01            5.98967608e-02            5.94291786e-02            1.24064135e-03            4.62524823e-03            1.51016681e-02            3.00216755e-02            8.43531842e-03            4.62700699e-06
            1.21876486e+01            5.95835340e-02            5.91149834e-02            1.23902986e-03            4.61840906e-03            1.50689850e-02            2.98765927e-02            8.30755958e-03            4.40714869e-06
            1.22361805e+01            5.92716457e-02            5.88022828e-02            1.23741405e-03            4.61155283e-03            1.50362429e-02            2.97316376e-02            8.18123853e-03            4.19692357e-06
            1.22849057e+01            5.89610908e-02            5.84910708e-02            1.23579393e-03            4.60467953e-03            1.50034420e-02            2.95868127e-02            8.05634670e-03            3.99594858e-06
            1.23338249e+01            5.86518643e-02            5.81813412e-02            1.23416950e-03            4.59778917e-03            1.49705825e-02            2.94421207e-02            7.93287545e-03            3.80385418e-06
            1.23829389e+01            5.83439611e-02            5.78730879e-02            1.23254074e-03            4.59088175e-03            1.49376645e-02            2.92975645e-02            7.81081613e-03            3.62028390e-06
            1.24322485e+01            5.80373764e-02            5.75663046e-02            1.23090766e-03            4.58395725e-03            1.49046882e-02            2.91531466e-02            7.69016003e-03            3.44489397e-06
            1.24817544e+01            5.77321052e-02            5.72609853e-02            1.22927025e-03            4.57701569e-03            1.48716539e-02            2.90088697e-02            7.57089839e-03            3.27735290e-06
            1.25314575e+01            5.74281424e-02            5.69571237e-02            1.22762852e-03            4.57005707e-03            1.48385617e-02            2.88647367e-02            7.45302241e-03            3.11734117e-06
            1.25813584e+01            5.71254832e-02            5.66547134e-02            1.22598245e-03            4.56308138e-03            1.48054117e-02            2.87207501e-02            7.33652327e-03            2.96455080e-06
            1.26314581e+01            5.68241226e-02            5.63537484e-02            1.22433205e-03            4.55608862e-03            1.47722043e-02            2.85769126e-02            7.22139209e-03            2.81868503e-06
            1.26817573e+01            5.65240558e-02            5.60542222e-02            1.22267731e-03            4.54907879e-03            1.47389396e-02            2.84332271e-02            7.10761996e-03            2.67945794e-06
            1.27322568e+01            5.62252779e-02            5.57561285e-02            1.22101823e-03            4.54205190e-03            1.47056177e-02            2.82896962e-02            6.99519792e-03            2.54659414e-06
            1.27829574e+01            5.59277840e-02            5.54594611e-02            1.21935481e-03            4.53500795e-03            1.46722390e-02            2.81463225e-02            6.88411701e-03            2.41982843e-06
            1.28338598e+01            5.56315694e-02            5.51642136e-02            1.21768704e-03            4.52794694e-03            1.46388035e-02            2.80031090e-02            6.77436820e-03            2.29890546e-06
            1.28849650e+01            5.53366292e-02            5.48703796e-02            1.21601493e-03            4.52086887e-03            1.46053116e-02            2.78600582e-02            6.66594244e-03            2.18357943e-06
            1.29362737e+01            5.50429585e-02            5.45779527e-02            1.21433847e-03            4.51377375e-03            1.45717633e-02            2.77171729e-02            6.55883066e-03            2.07361377e-06
            1.29877867e+01            5.47505527e-02            5.42869266e-02            1.21265766e-03            4.50666157e-03            1.45381590e-02            2.75744558e-02            6.45302373e-03            1.96878087e-06
            1.30395048e+01            5.44594070e-02            5.39972947e-02            1.21097250e-03            4.49953235e-03            1.45044989e-02            2.74319096e-02            6.34851252e-03            1.86886175e-06
            1.30914288e+01            5.41695167e-02            5.37090508e-02            1.20928298e-03            4.49238608e-03            1.44707831e-02            2.72895371e-02            6.24528785e-03            1.77364581e-06
            1.31435597e+01            5.38808769e-02            5.34221883e-02            1.20758911e-03            4.48522278e-03            1.44370119e-02            2.71473410e-02            6.14334055e-03            1.68293051e-06
            1.31958981e+01            5.35934831e-02            5.31367008e-02            1.20589088e-03            4.47804244e-03            1.44031855e-02            2.70053241e-02            6.04266137e-03            1.59652115e-06
            1.32484449e+01            5.33073306e-02            5.28525818e-02            1.20418828e-03            4.47084507e-03            1.43693041e-02            2.68634890e-02            5.94324108e-03            1.51423058e-06
            1.33012009e+01            5.30224147e-02            5.25698248e-02            1.20248133e-03            4.46363068e-03            1.43353680e-02            2.67218385e-02            5.84507041e-03            1.43587896e-06
            1.33541671e+01            5.27387307e-02            5.22884233e-02            1.20077001e-03            4.45639927e-03            1.43013774e-02            2.65803753e-02            5.74814007e-03            1.36129349e-06
            1.34073442e+01            5.24562740e-02            5.20083708e-02            1.19905433e-03            4.44915085e-03            1.42673325e-02            2.64391021e-02            5.65244074e-03            1.29030820e-06
            1.34607330e+01            5.21750401e-02            5.17296609e-02            1.19733428e-03            4.44188543e-03            1.42332336e-02            2.62980218e-02            5.55796310e-03            1.22276368e-06
            1.35143344e+01            5.18950243e-02            5.14522869e-02            1.19560987e-03            4.43460301e-03            1.41990808e-02            2.61571369e-02            5.46469781e-03            1.15850688e-06
            1.35681492e+01            5.16162221e-02            5.11762424e-02            1.19388109e-03            4.42730360e-03            1.41648745e-02            2.60164503e-02            5.37263548e-03            1.09739088e-06
            1.36221784e+01            5.13386290e-02            5.09015208e-02            1.19214793e-03            4.41998722e-03            1.41306149e-02            2.58759647e-02            5.28176675e-03            1.03927470e-06
            1.36764227e+01            5.10622403e-02            5.06281156e-02            1.19041041e-03            4.41265386e-03            1.40963023e-02            2.57356828e-02            5.19208222e-03            9.84023022e-07
            1.37308830e+01            5.07870516e-02            5.03560202e-02            1.18866852e-03            4.40530354e-03            1.40619368e-02            2.55956074e-02            5.10357248e-03            9.31506072e-07
            1.37855601e+01            5.05130584e-02            5.00852281e-02            1.18692225e-03            4.39793627e-03            1.40275187e-02            2.54557411e-02            5.01622811e-03            8.81599368e-07
            1.38404550e+01            5.02402562e-02            4.98157326e-02            1.18517161e-03            4.39055205e-03            1.39930483e-02            2.53160868e-02            4.93003967e-03            8.34183550e-07
            1.38955685e+01            4.99686406e-02            4.95475274e-02            1.18341660e-03            4.38315090e-03            1.39585259e-02            2.51766470e-02            4.84499774e-03            7.89144193e-07
            1.39509015e+01            4.96982070e-02            4.92806057e-02            1.18165721e-03            4.37573284e-03            1.39239517e-02            2.50374247e-02            4.76109285e-03            7.46371624e-07
            1.40064547e+01            4.94289512e-02            4.90149610e-02            1.17989345e-03            4.36829786e-03            1.38893260e-02            2.48984224e-02            4.67831556e-03            7.05760754e-07
            1.40622293e+01            4.91608686e-02            4.87505868e-02            1.17812531e-03            4.36084598e-03            1.38546490e-02            2.47596429e-02            4.59665640e-03            6.67210902e-07
            1.41182259e+01            4.88939550e-02            4.84874765e-02            1.17635280e-03            4.35337722e-03            1.38199210e-02            2.46210889e-02            4.51610591e-03            6.30625640e-07
            1.41744454e+01            4.86282058e-02            4.82256235e-02            1.17457591e-03            4.34589159e-03            1.37851423e-02            2.44827632e-02            4.43665462e-03            5.95912626e-07
            1.42308889e+01            4.83636168e-02            4.79650214e-02            1.17279465e-03            4.33838909e-03            1.37503131e-02            2.43446685e-02            4.35829305e-03            5.62983460e-07
            1.42875571e+01            4.81001837e-02            4.77056635e-02            1.17100901e-03            4.33086975e-03            1.37154338e-02            2.42068074e-02            4.28101173e-03            5.31753528e-07
            1.43444510e+01            4.78379020e-02            4.74475432e-02            1.16921900e-03            4.32333358e-03            1.36805046e-02            2.40691827e-02            4.20480118e-03            5.02141860e-07
            1.44015714e+01            4.75767676e-02            4.71906541e-02            1.16742461e-03            4.31578059e-03            1.36455258e-02            2.39317971e-02            4.12965195e-03            4.74070995e-07
            1.44589193e+01            4.73167761e-02            4.69349896e-02            1.16562584e-03            4.30821080e-03            1.36104977e-02            2.37946533e-02            4.05555455e-03            4.47466842e-07
            1.45164955e+01            4.70579232e-02            4.66805432e-02            1.16382270e-03            4.30062422e-03            1.35754205e-02            2.36577540e-02            3.98249953e-03            4.22258551e-07
            1.45743011e+01            4.68002048e-02            4.64273083e-02            1.16201519e-03            4.29302087e-03            1.35402946e-02            2.35211018e-02            3.91047742e-03            3.98378387e-07
            1.46323368e+01            4.65436165e-02            4.61752785e-02            1.16020330e-03            4.28540077e-03            1.35051203e-02            2.33846996e-02            3.83947876e-03            3.75761610e-07
            1.46906036e+01            4.62881541e-02            4.59244472e-02            1.15838704e-03            4.27776393e-03            1.34698978e-02            2.32485500e-02            3.76949411e-03            3.54346355e-07
            1.47491024e+01            4.60338135e-02            4.56748080e-02            1.15656641e-03            4.27011037e-03            1.34346275e-02            2.31126556e-02            3.70051404e-03            3.34073518e-07
            1.48078342e+01            4.57805905e-02            4.54263543e-02            1.15474140e-03            4.26244011e-03            1.33993096e-02            2.29770192e-02            3.63252911e-03            3.14886648e-07
            1.48667998e+01            4.55284809e-02            4.51790797e-02            1.15291203e-03            4.25475317e-03            1.33639445e-02            2.28416433e-02            3.56552989e-03            2.96731841e-07
            1.49260002e+01            4.52774805e-02            4.49329777e-02            1.15107829e-03            4.24704956e-03            1.33285325e-02            2.27065308e-02            3.49950700e-03            2.79557636e-07
            1.49854364e+01            4.50275853e-02            4.46880419e-02            1.14924018e-03            4.23932930e-03            1.32930738e-02            2.25716843e-02            3.43445102e-03            2.63314916e-07
            1.50451093e+01            4.47787910e-02            4.44442659e-02            1.14739770e-03            4.23159242e-03            1.32575689e-02            2.24371064e-02            3.37035258e-03            2.47956813e-07
            1.51050198e+01            4.45310936e-02            4.42016432e-02            1.14555086e-03            4.22383894e-03            1.32220179e-02            2.23027997e-02            3.30720232e-03            2.33438617e-07
            1.51651688e+01            4.42844890e-02            4.39601675e-02            1.14369965e-03            4.21606888e-03            1.31864213e-02            2.21687670e-02            3.24499088e-03            2.19717684e-07
            1.52255574e+01            4.40389732e-02            4.37198323e-02            1.14184408e-03            4.20828225e-03            1.31507794e-02            2.20350109e-02            3.18370894e-03            2.06753355e-07
            1.52861865e+01            4.37945421e-02            4.34806313e-02            1.13998415e-03            4.20047908e-03            1.31150924e-02            2.19015340e-02            3.12334718e-03            1.94506869e-07
            1.53470569e+01            4.35511916e-02            4.32425582e-02            1.13811986e-03            4.19265940e-03            1.30793608e-02            2.17683389e-02            3.06389630e-03            1.82941285e-07
            1.54081698e+01            4.33089177e-02            4.30056066e-02            1.13625122e-03            4.18482322e-03            1.30435848e-02            2.16354283e-02            3.00534703e-03            1.72021406e-07
            1.54695260e+01            4.30677164e-02            4.27697702e-02            1.13437822e-03            4.17697057e-03            1.30077648e-02            2.15028048e-02            2.94769012e-03            1.61713703e-07
            1.55311265e+01            4.28275838e-02            4.25350428e-02            1.13250086e-03            4.16910147e-03            1.29719011e-02            2.13704711e-02            2.89091634e-03            1.51986247e-07
            1.55929724e+01            4.25885158e-02            4.23014181e-02            1.13061916e-03            4.16121595e-03            1.29359940e-02            2.12384296e-02            2.83501648e-03            1.42808637e-07
            1.56550645e+01            4.23505085e-02            4.20688898e-02            1.12873311e-03            4.15331404e-03            1.29000440e-02            2.11066831e-02            2.77998136e-03            1.34151935e-07
            1.57174039e+01            4.21135580e-02            4.18374517e-02            1.12684272e-03            4.14539575e-03            1.28640513e-02            2.09752341e-02            2.72580183e-03            1.25988605e-07
            1.57799915e+01            4.18776603e-02            4.16070976e-02            1.12494798e-03            4.13746112e-03            1.28280163e-02            2.08440851e-02            2.67246876e-03            1.18292448e-07
            1.58428283e+01            4.16428115e-02            4.13778214e-02            1.12304890e-03            4.12951018e-03            1.27919394e-02            2.07132389e-02            2.61997304e-03            1.11038546e-07
            1.59059153e+01            4.14090077e-02            4.11496170e-02            1.12114548e-03            4.12154294e-03            1.27558209e-02            2.05826979e-02            2.56830560e-03            1.04203203e-07
            1.59692536e+01            4.11762450e-02            4.09224781e-02            1.11923774e-03            4.11355944e-03            1.27196611e-02            2.04524647e-02            2.51745740e-03            9.77638961e-08
            1.60328441e+01            4.09445197e-02            4.06963988e-02            1.11732565e-03            4.10555970e-03            1.26834605e-02            2.03225418e-02            2.46741942e-03            9.16992151e-08
            1.60966878e+01            4.07138277e-02            4.04713729e-02            1.11540925e-03            4.09754376e-03            1.26472193e-02            2.01929318e-02            2.41818268e-03            8.59888187e-08
            1.61607857e+01            4.04841653e-02            4.02473944e-02            1.11348851e-03            4.08951165e-03            1.26109381e-02            2.00636373e-02            2.36973824e-03            8.06133843e-08
            1.62251389e+01            4.02555287e-02            4.00244573e-02            1.11156346e-03            4.08146339e-03            1.25746170e-02            1.99346607e-02            2.32207718e-03            7.55545614e-08
            1.62897483e+01            4.00279141e-02            3.98025556e-02            1.10963409e-03            4.07339901e-03            1.25382565e-02            1.98060046e-02            2.27519061e-03            7.07949278e-08
            1.63546150e+01            3.98013176e-02            3.95816835e-02            1.10770040e-03            4.06531855e-03            1.25018571e-02            1.96776715e-02            2.22906969e-03            6.63179465e-08
            1.64197401e+01            3.95757355e-02            3.93618349e-02            1.10576240e-03            4.05722204e-03            1.24654190e-02            1.95496638e-02            2.18370560e-03            6.21079252e-08
            1.64851244e+01            3.93511640e-02            3.91430040e-02            1.10382010e-03            4.04910951e-03            1.24289426e-02            1.94219841e-02            2.13908958e-03            5.81499771e-08
            1.65507691e+01            3.91275994e-02            3.89251850e-02            1.10187350e-03            4.04098100e-03            1.23924283e-02            1.92946348e-02            2.09521289e-03            5.44299829e-08
            1.66166752e+01            3.89050379e-02            3.87083719e-02            1.09992259e-03            4.03283653e-03            1.23558766e-02            1.91676184e-02            2.05206684e-03            5.09345551e-08
            1.66828438e+01            3.86834759e-02            3.84925591e-02            1.09796740e-03            4.02467614e-03            1.23192877e-02            1.90409374e-02            2.00964275e-03            4.76510035e-08
            1.67492758e+01            3.84629096e-02            3.82777408e-02            1.09600791e-03            4.01649987e-03            1.22826622e-02            1.89145942e-02            1.96793202e-03            4.45673019e-08
            1.68159724e+01            3.82433354e-02            3.80639112e-02            1.09404414e-03            4.00830775e-03            1.22460003e-02            1.87885912e-02            1.92692606e-03            4.16720564e-08
            1.68829346e+01            3.80247495e-02            3.78510647e-02            1.09207609e-03            4.00009981e-03            1.22093026e-02            1.86629309e-02            1.88661635e-03            3.89544754e-08
            1.69501634e+01            3.78071484e-02            3.76391956e-02            1.09010376e-03            3.99187610e-03            1.21725693e-02            1.85376156e-02            1.84699439e-03            3.64043401e-08
            1.70176599e+01            3.75905282e-02            3.74282983e-02            1.08812717e-03            3.98363665e-03            1.21358010e-02            1.84126478e-02            1.80805173e-03            3.40119770e-08
            1.70854252e+01            3.73748856e-02            3.72183673e-02            1.08614630e-03            3.97538150e-03            1.20989979e-02            1.82880298e-02            1.76977997e-03            3.17682312e-08
            1.71534603e+01            3.71602167e-02            3.70093970e-02            1.08416118e-03            3.96711069e-03            1.20621606e-02            1.81637641e-02            1.73217074e-03            2.96644411e-08
            1.72217664e+01            3.69465181e-02            3.68013819e-02            1.08217180e-03            3.95882425e-03            1.20252894e-02            1.80398530e-02            1.69521574e-03            2.76924137e-08
            1.72903445e+01            3.67337861e-02            3.65943165e-02            1.08017817e-03            3.95052223e-03            1.19883848e-02            1.79162987e-02            1.65890668e-03            2.58444019e-08
            1.73591956e+01            3.65220171e-02            3.63881954e-02            1.07818030e-03            3.94220466e-03            1.19514472e-02            1.77931038e-02            1.62323536e-03            2.41130820e-08
            1.74283209e+01            3.63112076e-02            3.61830132e-02            1.07617819e-03            3.93387158e-03            1.19144769e-02            1.76702704e-02            1.58819359e-03            2.24915324e-08
            1.74977215e+01            3.61013541e-02            3.59787647e-02            1.07417185e-03            3.92552305e-03            1.18774745e-02            1.75478010e-02            1.55377326e-03            2.09732134e-08
            1.75673984e+01            3.58924529e-02            3.57754443e-02            1.07216128e-03            3.91715909e-03            1.18404404e-02            1.74256977e-02            1.51996628e-03            1.95519480e-08
            1.76373528e+01            3.56845007e-02            3.55730470e-02            1.07014649e-03            3.90877976e-03            1.18033749e-02            1.73039630e-02            1.48676464e-03            1.82219033e-08
            1.77075858e+01            3.54774938e-02            3.53715675e-02            1.06812749e-03            3.90038509e-03            1.17662786e-02            1.71825990e-02            1.45416034e-03            1.69775730e-08
            1.77780984e+01            3.52714288e-02            3.51710005e-02            1.06610428e-03            3.89197512e-03            1.17291518e-02            1.70616080e-02            1.42214547e-03            1.58137604e-08
            1.78488918e+01            3.50663023e-02            3.49713409e-02            1.06407686e-03            3.88354991e-03            1.16919951e-02            1.69409922e-02            1.39071215e-03            1.47255625e-08
            1.79199671e+01            3.48621106e-02            3.47725837e-02            1.06204526e-03            3.87510950e-03            1.16548087e-02            1.68207540e-02            1.35985255e-03            1.37083548e-08
            1.79913254e+01            3.46588505e-02            3.45747238e-02            1.06000946e-03            3.86665394e-03            1.16175933e-02            1.67008954e-02            1.32955892e-03            1.27577765e-08
            1.80629679e+01            3.44565184e-02            3.43777561e-02            1.05796949e-03            3.85818326e-03            1.15803493e-02            1.65814187e-02            1.29982352e-03            1.18697169e-08
            1.81348957e+01            3.42551110e-02            3.41816757e-02            1.05592534e-03            3.84969752e-03            1.15430770e-02            1.64623261e-02            1.27063871e-03            1.10403020e-08
            1.82071099e+01            3.40546247e-02            3.39864776e-02            1.05387702e-03            3.84119676e-03            1.15057770e-02            1.63436197e-02            1.24199686e-03            1.02658822e-08
            1.82796116e+01            3.38550563e-02            3.37921570e-02            1.05182454e-03            3.83268104e-03            1.14684497e-02            1.62253017e-02            1.21389042e-03            9.54301987e-09
            1.83524021e+01            3.36564023e-02            3.35987089e-02            1.04976791e-03            3.82415040e-03            1.14310956e-02            1.61073742e-02            1.18631190e-03            8.86847825e-09
            1.84254824e+01            3.34586594e-02            3.34061286e-02            1.04770714e-03            3.81560489e-03            1.13937152e-02            1.59898393e-02            1.15925385e-03            8.23921066e-09
            1.84988537e+01            3.32618242e-02            3.32144114e-02            1.04564223e-03            3.80704456e-03            1.13563089e-02            1.58726992e-02            1.13270887e-03            7.65235005e-09
            1.85725172e+01            3.30658933e-02            3.30235524e-02            1.04357319e-03            3.79846946e-03            1.13188771e-02            1.57559559e-02            1.10666965e-03            7.10519927e-09
            1.86464741e+01            3.28708634e-02            3.28335471e-02            1.04150004e-03            3.78987965e-03            1.12814204e-02            1.56396115e-02            1.08112890e-03            6.59522172e-09
            1.87207254e+01            3.26767313e-02            3.26443908e-02            1.03942277e-03            3.78127517e-03            1.12439393e-02            1.55236680e-02            1.05607940e-03            6.12003254e-09
            1.87952724e+01            3.24834935e-02            3.24560789e-02            1.03734139e-03            3.77265608e-03            1.12064342e-02            1.54081276e-02            1.03151400e-03            5.67739017e-09
            1.88701163e+01            3.22911468e-02            3.22686068e-02            1.03525592e-03            3.76402243e-03            1.11689056e-02            1.52929921e-02            1.00742560e-03            5.26518842e-09
            1.89452581e+01            3.20996879e-02            3.20819702e-02            1.03316637e-03            3.75537428e-03            1.11313539e-02            1.51782636e-02            9.83807141e-04            4.88144883e-09
            1.90206992e+01            3.19091136e-02            3.18961644e-02            1.03107273e-03            3.74671169e-03            1.10937798e-02            1.50639441e-02            9.60651648e-04            4.52431354e-09
            1.90964408e+01            3.17194205e-02            3.17111852e-02            1.02897503e-03            3.73803469e-03            1.10561836e-02            1.49500355e-02            9.37952193e-04            4.19203843e-09
            1.91724839e+01            3.15306054e-02            3.15270281e-02            1.02687326e-03            3.72934336e-03            1.10185658e-02            1.48365399e-02            9.15701909e-04            3.88298668e-09
            1.92488298e+01            3.13426652e-02            3.13436889e-02            1.02476745e-03            3.72063776e-03            1.09809271e-02            1.47234590e-02            8.93893989e-04            3.59562263e-09
            1.93254797e+01            3.11555965e-02            3.11611632e-02            1.02265760e-03            3.71191792e-03            1.09432678e-02            1.46107949e-02            8.72521685e-04            3.32850598e-09
            1.94024349e+01            3.09693962e-02            3.09794468e-02            1.02054371e-03            3.70318393e-03            1.09055884e-02            1.44985494e-02            8.51578310e-04            3.08028628e-09
            1.94796965e+01            3.07840611e-02            3.07985356e-02            1.01842580e-03            3.69443582e-03            1.08678895e-02            1.43867244e-02            8.31057238e-04            2.84969769e-09
            1.95572658e+01            3.05995879e-02            3.06184255e-02            1.01630388e-03            3.68567367e-03            1.08301717e-02            1.42753217e-02            8.10951901e-04            2.63555412e-09
            1.96351439e+01            3.04159736e-02            3.04391122e-02            1.01417796e-03            3.67689754e-03            1.07924352e-02            1.41643432e-02            7.91255796e-04            2.43674446e-09
            1.97133322e+01            3.02332149e-02            3.02605918e-02            1.01204804e-03            3.66810748e-03            1.07546808e-02            1.40537907e-02            7.71962476e-04            2.25222823e-09
            1.97918318e+01            3.00513087e-02            3.00828603e-02            1.00991414e-03            3.65930356e-03            1.07169090e-02            1.39436660e-02            7.53065560e-04            2.08103140e-09
            1.98706440e+01            2.98702519e-02            2.99059138e-02            1.00777628e-03            3.65048583e-03            1.06791201e-02            1.38339709e-02            7.34558726e-04            1.92224239e-09
            1.99497701e+01            2.96900413e-02            2.97297482e-02            1.00563445e-03            3.64165437e-03            1.06413149e-02            1.37247070e-02            7.16435713e-04            1.77500836e-09
            2.00292112e+01            2.95106738e-02            2.95543598e-02            1.00348867e-03            3.63280924e-03            1.06034937e-02            1.36158763e-02            6.98690323e-04            1.63853169e-09
            2.01089687e+01            2.93321464e-02            2.93797447e-02            1.00133895e-03            3.62395049e-03            1.05656571e-02            1.35074802e-02            6.81316420e-04            1.51206663e-09
            2.01890437e+01            2.91544559e-02            2.92058992e-02            9.99185309e-04            3.61507820e-03            1.05278057e-02            1.33995207e-02            6.64307929e-04            1.39491615e-09
            2.02694377e+01            2.89775992e-02            2.90328195e-02            9.97027749e-04            3.60619244e-03            1.04899400e-02            1.32919992e-02            6.47658836e-04            1.28642898e-09
            2.03501517e+01            2.88015734e-02            2.88605020e-02            9.94866284e-04            3.59729325e-03            1.04520605e-02            1.31849175e-02            6.31363193e-04            1.18599677e-09
            2.04311872e+01            2.86263753e-02            2.86889429e-02            9.92700925e-04            3.58838073e-03            1.04141678e-02            1.30782773e-02            6.15415110e-04            1.09305150e-09
            2.05125454e+01            2.84520019e-02            2.85181388e-02            9.90531686e-04            3.57945493e-03            1.03762624e-02            1.29720800e-02            5.99808761e-04            1.00706292e-09
            2.05942275e+01            2.82784501e-02            2.83480860e-02            9.88358576e-04            3.57051592e-03            1.03383448e-02            1.28663274e-02            5.84538383e-04            9.27536246e-10
            2.06762349e+01            2.81057170e-02            2.81787810e-02            9.86181610e-04            3.56156377e-03            1.03004156e-02            1.27610209e-02            5.69598273e-04            8.54009913e-10
            2.07585688e+01            2.79337995e-02            2.80102204e-02            9.84000798e-04            3.55259855e-03            1.02624754e-02            1.26561621e-02            5.54982794e-04            7.86053499e-10
            2.08412307e+01            2.77626947e-02            2.78424008e-02            9.81816153e-04            3.54362034e-03            1.02245247e-02            1.25517526e-02            5.40686368e-04            7.23265754e-10
            2.09242216e+01            2.75923994e-02            2.76753188e-02            9.79627689e-04            3.53462919e-03            1.01865640e-02            1.24477937e-02            5.26703480e-04            6.65272744e-10
            2.10075431e+01            2.74229109e-02            2.75089710e-02            9.77435417e-04            3.52562520e-03            1.01485940e-02            1.23442871e-02            5.13028678e-04            6.11726110e-10
            2.10911963e+01            2.72542261e-02            2.73433542e-02            9.75239350e-04            3.51660842e-03            1.01106151e-02            1.22412341e-02            4.99656573e-04            5.62301430e-10
            2.11751827e+01            2.70863420e-02            2.71784650e-02            9.73039503e-04            3.50757894e-03            1.00726280e-02            1.21386363e-02            4.86581835e-04            5.16696671e-10
            2.12595035e+01            2.69192557e-02            2.70143004e-02            9.70835887e-04            3.49853682e-03            1.00346332e-02            1.20364949e-02            4.73799200e-04            4.74630741e-10
            2.13441600e+01            2.67529643e-02            2.68508571e-02            9.68628517e-04            3.48948215e-03            9.99663122e-03            1.19348113e-02            4.61303464e-04            4.35842128e-10
            2.14291537e+01            2.65874649e-02            2.66881321e-02            9.66417405e-04            3.48041500e-03            9.95862273e-03            1.18335870e-02            4.49089485e-04            4.00087614e-10
            2.15144858e+01            2.64227545e-02            2.65261221e-02            9.64202567e-04            3.47133544e-03            9.92060827e-03            1.17328233e-02            4.37152182e-04            3.67141077e-10
            2.16001577e+01            2.62588302e-02            2.63648243e-02            9.61984015e-04            3.46224355e-03            9.88258841e-03            1.16325215e-02            4.25486537e-04            3.36792359e-10
            2.16861708e+01            2.60956892e-02            2.62042356e-02            9.59761763e-04            3.45313941e-03            9.84456374e-03            1.15326828e-02            4.14087595e-04            3.08846207e-10
            2.17725264e+01            2.59333286e-02            2.60443531e-02            9.57535827e-04            3.44402311e-03            9.80653482e-03            1.14333086e-02            4.02950458e-04            2.83121277e-10
            2.18592258e+01            2.57717455e-02            2.58851738e-02            9.55306221e-04            3.43489471e-03            9.76850225e-03            1.13344001e-02            3.92070293e-04            2.59449205e-10
            2.19462705e+01            2.56109371e-02            2.57266949e-02            9.53072959e-04            3.42575430e-03            9.73046662e-03            1.12359584e-02            3.81442328e-04            2.37673729e-10
            2.20336618e+01            2.54509004e-02            2.55689135e-02            9.50836056e-04            3.41660197e-03            9.69242851e-03            1.11379849e-02            3.71061849e-04            2.17649871e-10
            2.21214011e+01            2.52916328e-02            2.54118268e-02            9.48595526e-04            3.40743778e-03            9.65438852e-03            1.10404806e-02            3.60924206e-04            1.99243169e-10
            2.22094898e+01            2.51331313e-02            2.52554321e-02            9.46351386e-04            3.39826183e-03            9.61634724e-03            1.09434467e-02            3.51024807e-04            1.82328962e-10
            2.22979293e+01            2.49753931e-02            2.50997267e-02            9.44103651e-04            3.38907420e-03            9.57830527e-03            1.08468843e-02            3.41359122e-04            1.66791708e-10
            2.23867209e+01            2.48184154e-02            2.49447079e-02            9.41852335e-04            3.37987498e-03            9.54026320e-03            1.07507945e-02            3.31922680e-04            1.52524364e-10
            2.24758661e+01            2.46621955e-02            2.47903730e-02            9.39597456e-04            3.37066424e-03            9.50222164e-03            1.06551784e-02            3.22711071e-04            1.39427790e-10
            2.25653663e+01            2.45067305e-02            2.46367194e-02            9.37339028e-04            3.36144207e-03            9.46418120e-03            1.05600371e-02            3.13719943e-04            1.27410203e-10
            2.26552229e+01            2.43520177e-02            2.44837447e-02            9.35077067e-04            3.35220856e-03            9.42614247e-03            1.04653714e-02            3.04945005e-04            1.16386656e-10
            2.27454373e+01            2.41980543e-02            2.43314462e-02            9.32811591e-04            3.34296380e-03            9.38810607e-03            1.03711826e-02            2.96382024e-04            1.06278564e-10
            2.28360109e+01            2.40448376e-02            2.41798214e-02            9.30542614e-04            3.33370788e-03            9.35007261e-03            1.02774714e-02            2.88026825e-04            9.70132468e-11
            2.29269452e+01            2.38923648e-02            2.40288679e-02            9.28270155e-04            3.32444088e-03            9.31204270e-03            1.01842388e-02            2.79875294e-04            8.85235160e-11
            2.30182416e+01            2.37406331e-02            2.38785834e-02            9.25994229e-04            3.31516289e-03            9.27401696e-03            1.00914858e-02            2.71923373e-04            8.07472786e-11
            2.31099016e+01            2.35896399e-02            2.37289653e-02            9.23714854e-04            3.30587400e-03            9.23599601e-03            9.99921328e-03            2.64167062e-04            7.36271733e-11
            2.32019265e+01            2.34393825e-02            2.35800113e-02            9.21432046e-04            3.29657430e-03            9.19798046e-03            9.90742204e-03            2.56602421e-04            6.71102290e-11
            2.32943179e+01            2.32898580e-02            2.34317192e-02            9.19145824e-04            3.28726390e-03            9.15997093e-03            9.81611293e-03            2.49225563e-04            6.11475469e-11
            2.33870772e+01            2.31410639e-02            2.32840866e-02            9.16856204e-04            3.27794287e-03            9.12196806e-03            9.72528678e-03            2.42032662e-04            5.56940041e-11
            2.34802059e+01            2.29929975e-02            2.31371113e-02            9.14563204e-04            3.26861131e-03            9.08397247e-03            9.63494436e-03            2.35019946e-04            5.07079779e-11
            2.35737054e+01            2.28456561e-02            2.29907911e-02            9.12266842e-04            3.25926931e-03            9.04598479e-03            9.54508643e-03            2.28183701e-04            4.61510880e-11
            2.36675773e+01            2.26990369e-02            2.28451238e-02            9.09967137e-04            3.24991697e-03            9.00800564e-03            9.45571372e-03            2.21520267e-04            4.19879578e-11
            2.37618229e+01            2.25531374e-02            2.27001072e-02            9.07664106e-04            3.24055439e-03            8.97003567e-03            9.36682693e-03            2.15026042e-04            3.81859913e-11
            2.38564439e+01            2.24079550e-02            2.25557392e-02            9.05357767e-04            3.23118166e-03            8.93207550e-03            9.27842674e-03            2.08697476e-04            3.47151656e-11
            2.39514416e+01            2.22634869e-02            2.24120177e-02            9.03048140e-04            3.22179888e-03            8.89412578e-03            9.19051381e-03            2.02531075e-04            3.15478392e-11
            2.40468176e+01            2.21197305e-02            2.22689407e-02            9.00735243e-04            3.21240615e-03            8.85618714e-03            9.10308874e-03            1.96523402e-04            2.86585717e-11
            2.41425734e+01            2.19766833e-02            2.21265061e-02            8.98419095e-04            3.20300356e-03            8.81826022e-03            9.01615214e-03            1.90671070e-04            2.60239582e-11
            2.42387105e+01            2.18343425e-02            2.19847119e-02            8.96099716e-04            3.19359121e-03            8.78034567e-03            8.92970457e-03            1.84970747e-04            2.36224746e-11
            2.43352305e+01            2.16927057e-02            2.18435562e-02            8.93777124e-04            3.18416921e-03            8.74244413e-03            8.84374657e-03            1.79419155e-04            2.14343339e-11
            2.44321348e+01            2.15517702e-02            2.17030370e-02            8.91451340e-04            3.17473765e-03            8.70455624e-03            8.75827866e-03            1.74013068e-04            1.94413531e-11
            2.45294249e+01            2.14115335e-02            2.15631523e-02            8.89122382e-04            3.16529664e-03            8.66668267e-03            8.67330133e-03            1.68749313e-04            1.76268298e-11
            2.46271025e+01            2.12719929e-02            2.14239004e-02            8.86790271e-04            3.15584628e-03            8.62882405e-03            8.58881502e-03            1.63624767e-04            1.59754275e-11
            2.47251690e+01            2.11331459e-02            2.12852793e-02            8.84455027e-04            3.14638666e-03            8.59098105e-03            8.50482018e-03            1.58636360e-04            1.44730695e-11
            2.48236261e+01            2.09949900e-02            2.11472872e-02            8.82116670e-04            3.13691791e-03            8.55315431e-03            8.42131719e-03            1.53781074e-04            1.31068402e-11
            2.49224752e+01            2.08575226e-02            2.10099222e-02            8.79775221e-04            3.12744012e-03            8.51534449e-03            8.33830645e-03            1.49055939e-04            1.18648947e-11
            2.50217179e+01            2.07207411e-02            2.08731827e-02            8.77430701e-04            3.11795339e-03            8.47755225e-03            8.25578828e-03            1.44458037e-04            1.07363734e-11
            2.51213558e+01            2.05846431e-02            2.07370667e-02            8.75083130e-04            3.10845783e-03            8.43977825e-03            8.17376303e-03            1.39984499e-04            9.71132487e-12
            2.52213905e+01            2.04492260e-02            2.06015727e-02            8.72732529e-04            3.09895355e-03            8.40202314e-03            8.09223096e-03            1.35632505e-04            8.78063294e-12
            2.53218235e+01            2.03144874e-02            2.04666988e-02            8.70378919e-04            3.08944066e-03            8.36428760e-03            8.01119236e-03            1.31399284e-04            7.93595025e-12
            2.54226565e+01            2.01804246e-02            2.03324434e-02            8.68022323e-04            3.07991927e-03            8.32657229e-03            7.93064745e-03            1.27282114e-04            7.16963640e-12
            2.55238909e+01            2.00470352e-02            2.01988049e-02            8.65662761e-04            3.07038948e-03            8.28887787e-03            7.85059644e-03            1.23278320e-04            6.47470090e-12
            2.56255285e+01            1.99143168e-02            2.00657815e-02            8.63300256e-04            3.06085140e-03            8.25120501e-03            7.77103951e-03            1.19385274e-04            5.84475047e-12
            2.57275709e+01            1.97822668e-02            1.99333716e-02            8.60934829e-04            3.05130515e-03            8.21355438e-03            7.69197680e-03            1.15600395e-04            5.27394044e-12
            2.58300195e+01            1.96508828e-02            1.98015736e-02            8.58566503e-04            3.04175084e-03            8.17592665e-03            7.61340846e-03            1.11921150e-04            4.75692983e-12
            2.59328761e+01            1.95201624e-02            1.96703860e-02            8.56195300e-04            3.03218858e-03            8.13832250e-03            7.53533456e-03            1.08345050e-04            4.28883995e-12
            2.60361423e+01            1.93901030e-02            1.95398071e-02            8.53821243e-04            3.02261848e-03            8.10074259e-03            7.45775517e-03            1.04869651e-04            3.86521622e-12
            2.61398197e+01            1.92607023e-02            1.94098355e-02            8.51444354e-04            3.01304066e-03            8.06318761e-03            7.38067034e-03            1.01492555e-04            3.48199300e-12
            2.62439100e+01            1.91319577e-02            1.92804696e-02            8.49064657e-04            3.00345522e-03            8.02565822e-03            7.30408007e-03            9.82114100e-05            3.13546115e-12
            2.63484148e+01            1.90038670e-02            1.91517078e-02            8.46682174e-04            2.99386230e-03            7.98815511e-03            7.22798434e-03            9.50239045e-05            2.82223819e-12
            2.64533357e+01            1.88764276e-02            1.90235488e-02            8.44296930e-04            2.98426200e-03            7.95067896e-03            7.15238311e-03            9.19277727e-05            2.53924084e-12
            2.65586744e+01            1.87496372e-02            1.88959909e-02            8.41908947e-04            2.97465444e-03            7.91323044e-03            7.07727630e-03            8.89207911e-05            2.28365971e-12
            2.66644325e+01            1.86234933e-02            1.87690328e-02            8.39518249e-04            2.96503973e-03            7.87581024e-03            7.00266382e-03            8.60007787e-05            2.05293605e-12
            2.67706118e+01            1.84979936e-02            1.86426730e-02            8.37124861e-04            2.95541800e-03            7.83841904e-03            6.92854552e-03            8.31655962e-05            1.84474039e-12
            2.68772139e+01            1.83731356e-02            1.85169101e-02            8.34728806e-04            2.94578937e-03            7.80105753e-03            6.85492124e-03            8.04131461e-05            1.65695292e-12
            2.69842405e+01            1.82489171e-02            1.83917426e-02            8.32330109e-04            2.93615395e-03            7.76372639e-03            6.78179081e-03            7.77413714e-05            1.48764537e-12
            2.70916933e+01            1.81253356e-02            1.82671692e-02            8.29928795e-04            2.92651187e-03            7.72642630e-03            6.70915400e-03            7.51482559e-05            1.33506453e-12
            2.71995740e+01            1.80023887e-02            1.81431885e-02            8.27524887e-04            2.91686325e-03            7.68915796e-03            6.63701057e-03            7.26318230e-05            1.19761701e-12
            2.73078843e+01            1.78800742e-02            1.80197991e-02            8.25118412e-04            2.90720821e-03            7.65192205e-03            6.56536025e-03            7.01901356e-05            1.07385529e-12
            2.74166258e+01            1.77583897e-02            1.78969996e-02            8.22709394e-04            2.89754687e-03            7.61471927e-03            6.49420273e-03            6.78212955e-05            9.62464964e-13
            2.75258004e+01            1.76373328e-02            1.77747886e-02            8.20297859e-04            2.88787935e-03            7.57755029e-03            6.42353769e-03            6.55234428e-05            8.62252987e-13
            2.76354097e+01            1.75169012e-02            1.76531650e-02            8.17883832e-04            2.87820579e-03            7.54041583e-03            6.35336477e-03            6.32947555e-05            7.72136960e-13
            2.77454555e+01            1.73970926e-02            1.75321272e-02            8.15467338e-04            2.86852630e-03            7.50331655e-03            6.28368358e-03            6.11334491e-05            6.91135299e-13
            2.78559395e+01            1.72779046e-02            1.74116741e-02            8.13048404e-04            2.85884102e-03            7.46625317e-03            6.21449372e-03            5.90377756e-05            6.18358231e-13
            2.79668634e+01            1.71593351e-02            1.72918043e-02            8.10627056e-04            2.84915007e-03            7.42922637e-03            6.14579473e-03            5.70060238e-05            5.52999569e-13
            2.80782291e+01            1.70413816e-02            1.71725164e-02            8.08203321e-04            2.83945357e-03            7.39223685e-03            6.07758616e-03            5.50365180e-05            4.94329181e-13
            2.81900382e+01            1.69240419e-02            1.70538093e-02            8.05777224e-04            2.82975166e-03            7.35528530e-03            6.00986749e-03            5.31276179e-05            4.41686112e-13
            2.83022926e+01            1.68073137e-02            1.69356816e-02            8.03348792e-04            2.82004446e-03            7.31837242e-03            5.94263822e-03            5.12777181e-05            3.94472295e-13
            2.84149939e+01            1.66911948e-02            1.68181321e-02            8.00918053e-04            2.81033211e-03            7.28149891e-03            5.87589778e-03            4.94852476e-05            3.52146813e-13
            2.85281441e+01            1.65756828e-02            1.67011595e-02            7.98485033e-04            2.80061473e-03            7.24466547e-03            5.80964559e-03            4.77486689e-05            3.14220655e-13
            2.86417448e+01            1.64607755e-02            1.65847625e-02            7.96049760e-04            2.79089246e-03            7.20787278e-03            5.74388105e-03            4.60664782e-05            2.80251942e-13
            2.87557978e+01            1.63464706e-02            1.64689400e-02            7.93612262e-04            2.78116542e-03            7.17112156e-03            5.67860352e-03            4.44372044e-05            2.49841557e-13
            2.88703051e+01            1.62327659e-02            1.63536906e-02            7.91172565e-04            2.77143376e-03            7.13441249e-03            5.61381234e-03            4.28594085e-05            2.22629179e-13
            2.89852683e+01            1.61196592e-02            1.62390131e-02            7.88730698e-04            2.76169760e-03            7.09774629e-03            5.54950681e-03            4.13316837e-05            1.98289656e-13
            2.91006893e+01            1.60071483e-02            1.61249063e-02            7.86286689e-04            2.75195708e-03            7.06112364e-03            5.48568623e-03            3.98526543e-05            1.76529710e-13
            2.92165699e+01            1.58952308e-02            1.60113690e-02            7.83840566e-04            2.74221233e-03            7.02454526e-03            5.42234983e-03            3.84209755e-05            1.57084934e-13
            2.93329119e+01            1.57839046e-02            1.58983999e-02            7.81392358e-04            2.73246348e-03            6.98801183e-03            5.35949685e-03            3.70353328e-05            1.39717059e-13
            2.94497173e+01            1.56731675e-02            1.57859978e-02            7.78942093e-04            2.72271069e-03            6.95152406e-03            5.29712650e-03            3.56944417e-05            1.24211473e-13
            2.95669877e+01            1.55630173e-02            1.56741615e-02            7.76489801e-04            2.71295407e-03            6.91508266e-03            5.23523794e-03            3.43970471e-05            1.10374958e-13
            2.96847252e+01            1.54534518e-02            1.55628898e-02            7.74035510e-04            2.70319378e-03            6.87868832e-03            5.17383031e-03            3.31419226e-05            9.80336442e-14
            2.98029315e+01            1.53444687e-02            1.54521816e-02            7.71579250e-04            2.69342994e-03            6.84234174e-03            5.11290275e-03            3.19278704e-05            8.70311427e-14
            2.99216084e+01            1.52360660e-02            1.53420354e-02            7.69121050e-04            2.68366270e-03            6.80604363e-03            5.05245434e-03            3.07537207e-05            7.72268552e-14
            3.00407580e+01            1.51282414e-02            1.52324503e-02            7.66660939e-04            2.67389220e-03            6.76979469e-03            4.99248415e-03            2.96183310e-05            6.84944401e-14
            3.01603820e+01            1.50209928e-02            1.51234249e-02            7.64198948e-04            2.66411857e-03            6.73359562e-03            4.93299121e-03            2.85205859e-05            6.07204209e-14
            3.02804824e+01            1.49143180e-02            1.50149581e-02            7.61735107e-04            2.65434197e-03            6.69744712e-03            4.87397455e-03            2.74593966e-05            5.38029245e-14
            3.04010610e+01            1.48082148e-02            1.49070487e-02            7.59269446e-04            2.64456252e-03            6.66134989e-03            4.81543315e-03            2.64337004e-05            4.76505392e-14
            3.05221198e+01            1.47026811e-02            1.47996954e-02            7.56801995e-04            2.63478038e-03            6.62530464e-03            4.75736597e-03            2.54424600e-05            4.21812796e-14
            3.06436606e+01            1.45977149e-02            1.46928971e-02            7.54332786e-04            2.62499569e-03            6.58931206e-03            4.69977194e-03            2.44846635e-05            3.73216502e-14
            3.07656854e+01            1.44933138e-02            1.45866526e-02            7.51861848e-04            2.61520858e-03            6.55337286e-03            4.64264998e-03            2.35593236e-05            3.30057986e-14
            3.08881961e+01            1.43894759e-02            1.44809606e-02            7.49389213e-04            2.60541921e-03            6.51748773e-03            4.58599897e-03            2.26654774e-05            2.91747489e-14
            3.10111947e+01            1.42861989e-02            1.43758200e-02            7.46914912e-04            2.59562773e-03            6.48165739e-03            4.52981777e-03            2.18021857e-05            2.57757101e-14
            3.11346831e+01            1.41834808e-02            1.42712295e-02            7.44438977e-04            2.58583427e-03            6.44588252e-03            4.47410521e-03            2.09685327e-05            2.27614502e-14
            3.12586631e+01            1.40813195e-02            1.41671880e-02            7.41961439e-04            2.57603898e-03            6.41016383e-03            4.41886010e-03            2.01636255e-05            2.00897321e-14
            3.13831369e+01            1.39797128e-02            1.40636942e-02            7.39482330e-04            2.56624202e-03            6.37450201e-03            4.36408122e-03            1.93865939e-05            1.77228038e-14
            3.15081064e+01            1.38786588e-02            1.39607469e-02            7.37001681e-04            2.55644352e-03            6.33889778e-03            4.30976733e-03            1.86365895e-05            1.56269394e-14
            3.16335735e+01            1.37781552e-02            1.38583449e-02            7.34519527e-04            2.54664365e-03            6.30335181e-03            4.25591717e-03            1.79127859e-05            1.37720240e-14
            3.17595402e+01            1.36782000e-02            1.37564871e-02            7.32035897e-04            2.53684254e-03            6.26786482e-03            4.20252944e-03            1.72143776e-05            1.21311813e-14
            3.18860085e+01            1.35787911e-02            1.36551721e-02            7.29550826e-04            2.52704035e-03            6.23243750e-03            4.14960282e-03            1.65405801e-05            1.06804371e-14
            3.20129804e+01            1.34799265e-02            1.35543987e-02            7.27064346e-04            2.51723723e-03            6.19707054e-03            4.09713598e-03            1.58906294e-05            9.39841664e-15
            3.21404579e+01            1.33816040e-02            1.34541658e-02            7.24576489e-04            2.50743332e-03            6.16176465e-03            4.04512755e-03            1.52637813e-05            8.26607273e-15
            3.22684431e+01            1.32838218e-02            1.33544720e-02            7.22087289e-04            2.49762879e-03            6.12652051e-03            3.99357614e-03            1.46593113e-05            7.26644061e-15
            3.23969379e+01            1.31865776e-02            1.32553162e-02            7.19596780e-04            2.48782379e-03            6.09133882e-03            3.94248035e-03            1.40765141e-05            6.38441824e-15
            3.25259443e+01            1.30898694e-02            1.31566972e-02            7.17104995e-04            2.47801846e-03            6.05622027e-03            3.89183873e-03            1.35147033e-05            5.60656856e-15
            3.26554645e+01            1.29936953e-02            1.30586135e-02            7.14611967e-04            2.46821296e-03            6.02116556e-03            3.84164983e-03            1.29732108e-05            4.92094216e-15
            3.27855004e+01            1.28980531e-02            1.29610641e-02            7.12117731e-04            2.45840745e-03            5.98617537e-03            3.79191218e-03            1.24513866e-05            4.31691805e-15
            3.29160542e+01            1.28029409e-02            1.28640477e-02            7.09622320e-04            2.44860208e-03            5.95125040e-03            3.74262425e-03            1.19485982e-05            3.78506090e-15
            3.30471278e+01            1.27083566e-02            1.27675629e-02            7.07125769e-04            2.43879701e-03            5.91639134e-03            3.69378453e-03            1.14642307e-05            3.31699303e-15
            3.31787233e+01            1.26142982e-02            1.26716085e-02            7.04628113e-04            2.42899239e-03            5.88159887e-03            3.64539147e-03            1.09976859e-05            2.90527979e-15
            3.33108429e+01            1.25207637e-02            1.25761833e-02            7.02129385e-04            2.41918838e-03            5.84687368e-03            3.59744349e-03            1.05483822e-05            2.54332683e-15
            3.34434886e+01            1.24277512e-02            1.24812860e-02            6.99629621e-04            2.40938514e-03            5.81221646e-03            3.54993900e-03            1.01157541e-05            2.22528825e-15
            3.35766625e+01            1.23352585e-02            1.23869152e-02            6.97128856e-04            2.39958282e-03            5.77762788e-03            3.50287639e-03            9.69925211e-06            1.94598441e-15
            3.37103667e+01            1.22432838e-02            1.22930697e-02            6.94627125e-04            2.38978159e-03            5.74310864e-03            3.45625401e-03            9.29834206e-06            1.70082838e-15
            3.38446033e+01            1.21518250e-02            1.21997482e-02            6.92124463e-04            2.37998160e-03            5.70865941e-03            3.41007022e-03            8.91250502e-06            1.48576035e-15
            3.39793744e+01            1.20608802e-02            1.21069494e-02            6.89620906e-04            2.37018302e-03            5.67428088e-03            3.36432332e-03            8.54123682e-06            1.29718896e-15
            3.41146823e+01            1.19704473e-02            1.20146719e-02            6.87116490e-04            2.36038600e-03            5.63997372e-03            3.31901162e-03            8.18404776e-06            1.13193893e-15
            3.42505289e+01            1.18805245e-02            1.19229144e-02            6.84611251e-04            2.35059071e-03            5.60573861e-03            3.27413340e-03            7.84046227e-06            9.87204423e-16
            3.43869164e+01            1.17911097e-02            1.18316757e-02            6.82105224e-04            2.34079730e-03            5.57157623e-03            3.22968692e-03            7.51001858e-06            8.60507360e-16
            3.45238471e+01            1.17022010e-02            1.17409543e-02            6.79598446e-04            2.33100594e-03            5.53748724e-03            3.18567040e-03            7.19226841e-06            7.49660360e-16
            3.46613231e+01            1.16137965e-02            1.16507489e-02            6.77090954e-04            2.32121679e-03            5.50347232e-03            3.14208207e-03            6.88677665e-06            6.52733675e-16
            3.47993464e+01            1.15258942e-02            1.15610582e-02            6.74582784e-04            2.31143002e-03            5.46953215e-03            3.09892014e-03            6.59312104e-06            5.68025791e-16
            3.49379194e+01            1.14384922e-02            1.14718808e-02            6.72073973e-04            2.30164579e-03            5.43566738e-03            3.05618277e-03            6.31089186e-06            4.94037259e-16
            3.50770442e+01            1.13515885e-02            1.13832153e-02            6.69564558e-04            2.29186425e-03            5.40187869e-03            3.01386812e-03            6.03969167e-06            4.29447427e-16
            3.52167230e+01            1.12651812e-02            1.12950604e-02            6.67054576e-04            2.28208559e-03            5.36816674e-03            2.97197434e-03            5.77913496e-06            3.73093773e-16
            3.53569580e+01            1.11792684e-02            1.12074146e-02            6.64544064e-04            2.27230996e-03            5.33453220e-03            2.93049954e-03            5.52884787e-06            3.23953535e-16
            3.54977515e+01            1.10938482e-02            1.11202766e-02            6.62033060e-04            2.26253752e-03            5.30097571e-03            2.88944183e-03            5.28846795e-06            2.81127420e-16
            3.56391055e+01            1.10089186e-02            1.10336449e-02            6.59521602e-04            2.25276845e-03            5.26749795e-03            2.84879930e-03            5.05764381e-06            2.43825136e-16
            3.57810225e+01            1.09244778e-02            1.09475183e-02            6.57009728e-04            2.24300292e-03            5.23409956e-03            2.80857001e-03            4.83603489e-06            2.11352581e-16
            3.59235046e+01            1.08405238e-02            1.08618951e-02            6.54497475e-04            2.23324108e-03            5.20078121e-03            2.76875201e-03            4.62331116e-06            1.83100473e-16
            3.60665540e+01            1.07570548e-02            1.07767740e-02            6.51984882e-04            2.22348310e-03            5.16754354e-03            2.72934332e-03            4.41915290e-06            1.58534293e-16
            3.62101731e+01            1.06740689e-02            1.06921536e-02            6.49471987e-04            2.21372917e-03            5.13438720e-03            2.69034198e-03            4.22325035e-06            1.37185381e-16
            3.63543641e+01            1.05915641e-02            1.06080324e-02            6.46958828e-04            2.20397943e-03            5.10131285e-03            2.65174596e-03            4.03530357e-06            1.18643053e-16
            3.64991293e+01            1.05095386e-02            1.05244089e-02            6.44445445e-04            2.19423407e-03            5.06832111e-03            2.61355326e-03            3.85502206e-06            1.02547638e-16
            3.66444709e+01            1.04279906e-02            1.04412817e-02            6.41931876e-04            2.18449325e-03            5.03541265e-03            2.57576184e-03            3.68212462e-06            8.85843248e-17
            3.67903913e+01            1.03469181e-02            1.03586494e-02            6.39418160e-04            2.17475714e-03            5.00258809e-03            2.53836964e-03            3.51633903e-06            7.64777253e-17
            3.69368927e+01            1.02663193e-02            1.02765103e-02            6.36904337e-04            2.16502592e-03            4.96984807e-03            2.50137460e-03            3.35740188e-06            6.59870788e-17
            3.70839776e+01            1.01861924e-02            1.01948631e-02            6.34390446e-04            2.15529975e-03            4.93719324e-03            2.46477464e-03            3.20505825e-06            5.69020207e-17
            3.72316481e+01            1.01065354e-02            1.01137062e-02            6.31876525e-04            2.14557880e-03            4.90462421e-03            2.42856765e-03            3.05906156e-06            4.90388531e-17
            3.73799066e+01            1.00273465e-02            1.00330382e-02            6.29362616e-04            2.13586325e-03            4.87214162e-03            2.39275153e-03            2.91917331e-06            4.22372593e-17
            3.75287556e+01            9.94862398e-03            9.95285743e-03            6.26848758e-04            2.12615327e-03            4.83974609e-03            2.35732415e-03            2.78516285e-06            3.63574102e-17
            3.76781972e+01            9.87036586e-03            9.87316244e-03            6.24334990e-04            2.11644902e-03            4.80743826e-03            2.32228336e-03            2.65680718e-06            3.12774189e-17
            3.78282340e+01            9.79257036e-03            9.79395168e-03            6.21821353e-04            2.10675070e-03            4.77521873e-03            2.28762701e-03            2.53389075e-06            2.68911019e-17
            3.79788682e+01            9.71523564e-03            9.71522361e-03            6.19307887e-04            2.09705846e-03            4.74308812e-03            2.25335293e-03            2.41620520e-06            2.31060111e-17
            3.81301022e+01            9.63835988e-03            9.63697666e-03            6.16794633e-04            2.08737248e-03            4.71104706e-03            2.21945894e-03            2.30354923e-06            1.98417058e-17
            3.82819384e+01            9.56194126e-03            9.55920928e-03            6.14281632e-04            2.07769294e-03            4.67909614e-03            2.18594284e-03            2.19572834e-06            1.70282350e-17
            3.84343793e+01            9.48597796e-03            9.48191989e-03            6.11768923e-04            2.06802001e-03            4.64723599e-03            2.15280242e-03            2.09255468e-06            1.46048070e-17
            3.85874272e+01            9.41046818e-03            9.40510691e-03            6.09256548e-04            2.05835386e-03            4.61546720e-03            2.12003546e-03            1.99384683e-06            1.25186214e-17
            3.87410846e+01            9.33541010e-03            9.32876874e-03            6.06744548e-04            2.04869467e-03            4.58379037e-03            2.08763972e-03            1.89942961e-06            1.07238477e-17
            3.88953538e+01            9.26080193e-03            9.25290379e-03            6.04232964e-04            2.03904261e-03            4.55220611e-03            2.05561297e-03            1.80913394e-06            9.18072857e-18
            3.90502373e+01            9.18664187e-03            9.17751045e-03            6.01721837e-04            2.02939787e-03            4.52071501e-03            2.02395294e-03            1.72279660e-06            7.85479719e-18
            3.92057376e+01            9.11292813e-03            9.10258709e-03            5.99211210e-04            2.01976061e-03            4.48931765e-03            1.99265736e-03            1.64026012e-06            6.71619120e-18
            3.93618571e+01            9.03965892e-03            9.02813210e-03            5.96701122e-04            2.01013102e-03            4.45801464e-03            1.96172396e-03            1.56137256e-06            5.73905384e-18
            3.95185983e+01            8.96683246e-03            8.95414385e-03            5.94191618e-04            2.00050926e-03            4.42680654e-03            1.93115044e-03            1.48598738e-06            4.90101060e-18
            3.96759636e+01            8.89444698e-03            8.88062068e-03            5.91682737e-04            1.99089552e-03            4.39569395e-03            1.90093450e-03            1.41396323e-06            4.18271231e-18
            3.98339555e+01            8.82250070e-03            8.80756094e-03            5.89174522e-04            1.98128998e-03            4.36467744e-03            1.87107384e-03            1.34516386e-06            3.56743668e-18
            3.99925766e+01            8.75099185e-03            8.73496299e-03            5.86667016e-04            1.97169281e-03            4.33375758e-03            1.84156613e-03            1.27945791e-06            3.04074068e-18
            4.01518294e+01            8.67991867e-03            8.66282515e-03            5.84160260e-04            1.96210418e-03            4.30293494e-03            1.81240904e-03            1.21671878e-06            2.59015785e-18
            4.03117163e+01            8.60927940e-03            8.59114574e-03            5.81654297e-04            1.95252428e-03            4.27221010e-03            1.78360024e-03            1.15682447e-06            2.20493462e-18
            4.04722398e+01            8.53907228e-03            8.51992309e-03            5.79149170e-04            1.94295329e-03            4.24158360e-03            1.75513737e-03            1.09965746e-06            1.87580088e-18
            4.06334026e+01            8.46929557e-03            8.44915550e-03            5.76644921e-04            1.93339138e-03            4.21105601e-03            1.72701808e-03            1.04510454e-06            1.59477044e-18
            4.07952071e+01            8.39994751e-03            8.37884128e-03            5.74141593e-04            1.92383874e-03            4.18062789e-03            1.69924001e-03            9.93056716e-07            1.35496766e-18
            4.09576560e+01            8.33102637e-03            8.30897873e-03            5.71639229e-04            1.91429553e-03            4.15029978e-03            1.67180077e-03            9.43409023e-07            1.15047682e-18
            4.11207517e+01            8.26253041e-03            8.23956612e-03            5.69137872e-04            1.90476195e-03            4.12007223e-03            1.64469801e-03            8.96060436e-07            9.76211433e-19
            4.12844969e+01            8.19445789e-03            8.17060173e-03            5.66637566e-04            1.89523816e-03            4.08994578e-03            1.61792931e-03            8.50913726e-07            8.27800814e-19
            4.14488941e+01            8.12680709e-03            8.10208385e-03            5.64138352e-04            1.88572436e-03            4.05992096e-03            1.59149230e-03            8.07875341e-07            7.01491837e-19
            4.16139460e+01            8.05957629e-03            8.03401074e-03            5.61640276e-04            1.87622071e-03            4.02999832e-03            1.56538458e-03            7.66855284e-07            5.94063776e-19
            4.17796551e+01            7.99276375e-03            7.96638066e-03            5.59143380e-04            1.86672740e-03            4.00017838e-03            1.53960372e-03            7.27767000e-07            5.02754606e-19
            4.19460241e+01            7.92636777e-03            7.89919185e-03            5.56647708e-04            1.85724461e-03            3.97046167e-03            1.51414733e-03            6.90527259e-07            4.25197241e-19
            4.21130556e+01            7.86038663e-03            7.83244257e-03            5.54153304e-04            1.84777252e-03            3.94084870e-03            1.48901299e-03            6.55056045e-07            3.59364407e-19
            4.22807522e+01            7.79481864e-03            7.76613105e-03            5.51660212e-04            1.83831131e-03            3.91133999e-03            1.46419827e-03            6.21276450e-07            3.03521019e-19
            4.24491166e+01            7.72966207e-03            7.70025553e-03            5.49168475e-04            1.82886115e-03            3.88193605e-03            1.43970074e-03            5.89114568e-07            2.56183063e-19
            4.26181514e+01            7.66491524e-03            7.63481424e-03            5.46678138e-04            1.81942224e-03            3.85263740e-03            1.41551797e-03            5.58499396e-07            2.16082116e-19
            4.27878593e+01            7.60057645e-03            7.56980539e-03            5.44189244e-04            1.80999474e-03            3.82344452e-03            1.39164752e-03            5.29362728e-07            1.82134759e-19
            4.29582430e+01            7.53664400e-03            7.50522720e-03            5.41701839e-04            1.80057885e-03            3.79435792e-03            1.36808696e-03            5.01639068e-07            1.53416218e-19
            4.31293052e+01            7.47311621e-03            7.44107789e-03            5.39215966e-04            1.79117473e-03            3.76537809e-03            1.34483383e-03            4.75265529e-07            1.29137675e-19
            4.33010486e+01            7.40999141e-03            7.37735565e-03            5.36731671e-04            1.78178258e-03            3.73650553e-03            1.32188569e-03            4.50181745e-07            1.08626734e-19
            4.34734758e+01            7.34726790e-03            7.31405869e-03            5.34248996e-04            1.77240257e-03            3.70774070e-03            1.29924009e-03            4.26329784e-07            9.13106349e-20
            4.36465897e+01            7.28494401e-03            7.25118519e-03            5.31767988e-04            1.76303488e-03            3.67908410e-03            1.27689457e-03            4.03654058e-07            7.67018247e-20
            4.38203929e+01            7.22301808e-03            7.18873336e-03            5.29288691e-04            1.75367970e-03            3.65053618e-03            1.25484668e-03            3.82101244e-07            6.43855670e-20
            4.39948882e+01            7.16148843e-03            7.12670136e-03            5.26811150e-04            1.74433721e-03            3.62209743e-03            1.23309396e-03            3.61620202e-07            5.40093124e-20
            4.41700784e+01            7.10035340e-03            7.06508739e-03            5.24335409e-04            1.73500757e-03            3.59376830e-03            1.21163395e-03            3.42161896e-07            4.52735826e-20
            4.43459662e+01            7.03961134e-03            7.00388962e-03            5.21861514e-04            1.72569099e-03            3.56554926e-03            1.19046418e-03            3.23679318e-07            3.79241588e-20
            4.45225544e+01            6.97926058e-03            6.94310622e-03            5.19389510e-04            1.71638763e-03            3.53744075e-03            1.16958220e-03            3.06127414e-07            3.17453935e-20
            4.46998457e+01            6.91929948e-03            6.88273535e-03            5.16919441e-04            1.70709768e-03            3.50944322e-03            1.14898554e-03            2.89463013e-07            2.65544871e-20
            4.48778431e+01            6.85972639e-03            6.82277517e-03            5.14451354e-04            1.69782132e-03            3.48155712e-03            1.12867173e-03            2.73644758e-07            2.21965941e-20
            4.50565492e+01            6.80053966e-03            6.76322386e-03            5.11985293e-04            1.68855874e-03            3.45378288e-03            1.10863832e-03            2.58633039e-07            1.85406414e-20
            4.52359670e+01            6.74173766e-03            6.70407956e-03            5.09521305e-04            1.67931010e-03            3.42612093e-03            1.08888284e-03            2.44389926e-07            1.54757578e-20
            4.54160992e+01            6.68331874e-03            6.64534042e-03            5.07059433e-04            1.67007559e-03            3.39857171e-03            1.06940282e-03            2.30879107e-07            1.29082275e-20
            4.55969487e+01            6.62528128e-03            6.58700460e-03            5.04599725e-04            1.66085539e-03            3.37113562e-03            1.05019580e-03            2.18065830e-07            1.07588926e-20
            4.57785184e+01            6.56762365e-03            6.52907024e-03            5.02142224e-04            1.65164969e-03            3.34381310e-03            1.03125932e-03            2.05916837e-07            8.96093966e-21
            4.59608110e+01            6.51034422e-03            6.47153549e-03            4.99686978e-04            1.64245865e-03            3.31660454e-03            1.01259092e-03            1.94400314e-07            7.45801589e-21
            4.61438296e+01            6.45344137e-03            6.41439848e-03            4.97234032e-04            1.63328247e-03            3.28951035e-03            9.94188138e-04            1.83485832e-07            6.20262556e-21
            4.63275770e+01            6.39691348e-03            6.35765735e-03            4.94783431e-04            1.62412132e-03            3.26253093e-03            9.76048519e-04            1.73144293e-07            5.15476737e-21
            4.65120561e+01            6.34075895e-03            6.30131024e-03            4.92335222e-04            1.61497539e-03            3.23566668e-03            9.58169609e-04            1.63347880e-07            4.28077649e-21
            4.66972697e+01            6.28497615e-03            6.24535529e-03            4.89889450e-04            1.60584484e-03            3.20891797e-03            9.40548954e-04            1.54070005e-07            3.55234172e-21
            4.68832209e+01            6.22956348e-03            6.18979062e-03            4.87446162e-04            1.59672987e-03            3.18228520e-03            9.23184104e-04            1.45285264e-07            2.94567170e-21
            4.70699126e+01            6.17451934e-03            6.13461437e-03            4.85005402e-04            1.58763065e-03            3.15576874e-03            9.06072615e-04            1.36969386e-07            2.44078815e-21
            4.72573477e+01            6.11984213e-03            6.07982466e-03            4.82567218e-04            1.57854735e-03            3.12936895e-03            8.89212042e-04            1.29099189e-07            2.02092724e-21
            4.74455292e+01            6.06553026e-03            6.02541963e-03            4.80131655e-04            1.56948017e-03            3.10308621e-03            8.72599946e-04            1.21652541e-07            1.67203291e-21
            4.76344600e+01            6.01158212e-03            5.97139740e-03            4.77698760e-04            1.56042927e-03            3.07692086e-03            8.56233893e-04            1.14608310e-07            1.38232837e-21
            4.78241431e+01            5.95799614e-03            5.91775609e-03            4.75268578e-04            1.55139484e-03            3.05087327e-03            8.40111451e-04            1.07946328e-07            1.14195389e-21
            4.80145816e+01            5.90477072e-03            5.86449382e-03            4.72841155e-04            1.54237705e-03            3.02494378e-03            8.24230194e-04            1.01647353e-07            9.42661025e-22
            4.82057784e+01            5.85190429e-03            5.81160874e-03            4.70416539e-04            1.53337608e-03            2.99913273e-03            8.08587700e-04            9.56930280e-08            7.77554534e-22
            4.83977366e+01            5.79939527e-03            5.75909895e-03            4.67994775e-04            1.52439211e-03            2.97344045e-03            7.93181552e-04            9.00658447e-08            6.40874758e-22
            4.85904592e+01            5.74724208e-03            5.70696258e-03            4.65575909e-04            1.51542532e-03            2.94786726e-03            7.78009341e-04            8.47491103e-08            5.27814298e-22
            4.87839492e+01            5.69544314e-03            5.65519776e-03            4.63159988e-04            1.50647588e-03            2.92241351e-03            7.63068659e-04            7.97269119e-08            4.34363655e-22
            4.89782096e+01            5.64399691e-03            5.60380261e-03            4.60747058e-04            1.49754397e-03            2.89707948e-03            7.48357109e-04            7.49840845e-08            3.57181384e-22
            4.91732437e+01            5.59290179e-03            5.55277524e-03            4.58337166e-04            1.48862977e-03            2.87186551e-03            7.33872296e-04            7.05061788e-08            2.93484938e-22
            4.93690544e+01            5.54215625e-03            5.50211380e-03            4.55930357e-04            1.47973345e-03            2.84677189e-03            7.19611834e-04            6.62794316e-08            2.40958993e-22
            4.95656448e+01            5.49175872e-03            5.45181640e-03            4.53526678e-04            1.47085518e-03            2.82179891e-03            7.05573342e-04            6.22907358e-08            1.97678495e-22
            4.97630180e+01            5.44170764e-03            5.40188117e-03            4.51126175e-04            1.46199515e-03            2.79694686e-03            6.91754448e-04            5.85276125e-08            1.62044136e-22
            4.99611772e+01            5.39200146e-03            5.35230624e-03            4.48728896e-04            1.45315353e-03            2.77221604e-03            6.78152786e-04            5.49781841e-08            1.32728278e-22
            5.01601255e+01            5.34263864e-03            5.30308973e-03            4.46334885e-04            1.44433049e-03            2.74760672e-03            6.64765997e-04            5.16311477e-08            1.08629673e-22
            5.03598660e+01            5.29361763e-03            5.25422977e-03            4.43944190e-04            1.43552621e-03            2.72311916e-03            6.51591731e-04            4.84757506e-08            8.88355898e-23
            5.05604018e+01            5.24493690e-03            5.20572450e-03            4.41556856e-04            1.42674086e-03            2.69875364e-03            6.38627646e-04            4.55017656e-08            7.25901390e-23
            5.07617362e+01            5.19659490e-03            5.15757205e-03            4.39172931e-04            1.41797461e-03            2.67451041e-03            6.25871406e-04            4.26994679e-08            5.92678266e-23
            5.09638724e+01            5.14859009e-03            5.10977056e-03            4.36792461e-04            1.40922764e-03            2.65038972e-03            6.13320686e-04            4.00596130e-08            4.83514744e-23
            5.11668135e+01            5.10092096e-03            5.06231816e-03            4.34415491e-04            1.40050011e-03            2.62639181e-03            6.00973169e-04            3.75734150e-08            3.94138074e-23
            5.13705626e+01            5.05358596e-03            5.01521299e-03            4.32042068e-04            1.39179221e-03            2.60251693e-03            5.88826546e-04            3.52325264e-08            3.21021120e-23
            5.15751232e+01            5.00658358e-03            4.96845319e-03            4.29672239e-04            1.38310409e-03            2.57876531e-03            5.76878520e-04            3.30290175e-08            2.61254609e-23
            5.17804983e+01            4.95991229e-03            4.92203691e-03            4.27306050e-04            1.37443594e-03            2.55513717e-03            5.65126799e-04            3.09553583e-08            2.12440857e-23
            5.19866912e+01            4.91357058e-03            4.87596230e-03            4.24943547e-04            1.36578792e-03            2.53163272e-03            5.53569105e-04            2.90043997e-08            1.72605422e-23
            5.21937052e+01            4.86755693e-03            4.83022750e-03            4.22584776e-04            1.35716020e-03            2.50825219e-03            5.42203167e-04            2.71693561e-08            1.40123736e-23
            5.24015435e+01            4.82186983e-03            4.78483068e-03            4.20229784e-04            1.34855296e-03            2.48499577e-03            5.31026724e-04            2.54437889e-08            1.13660206e-23
            5.26102094e+01            4.77650777e-03            4.73976997e-03            4.17878616e-04            1.33996635e-03            2.46186366e-03            5.20037529e-04            2.38215898e-08            9.21177206e-24
            5.28197063e+01            4.73146925e-03            4.69504356e-03            4.15531319e-04            1.33140055e-03            2.43885605e-03            5.09233340e-04            2.22969658e-08            7.45958223e-24
            5.30300374e+01            4.68675276e-03            4.65064959e-03            4.13187939e-04            1.32285573e-03            2.41597313e-03            4.98611931e-04            2.08644245e-08            6.03560705e-24
            5.32412060e+01            4.64235681e-03            4.60658623e-03            4.10848522e-04            1.31433204e-03            2.39321507e-03            4.88171083e-04            1.95187595e-08            4.87934004e-24
            5.34532156e+01            4.59827989e-03            4.56285167e-03            4.08513114e-04            1.30582967e-03            2.37058204e-03            4.77908590e-04            1.82550370e-08            3.94124499e-24
            5.36660693e+01            4.55452052e-03            4.51944406e-03            4.06181761e-04            1.29734876e-03            2.34807421e-03            4.67822257e-04            1.70685830e-08            3.18080123e-24
            5.38797707e+01            4.51107720e-03            4.47636159e-03            4.03854508e-04            1.28888950e-03            2.32569173e-03            4.57909900e-04            1.59549703e-08            2.56489099e-24
            5.40943230e+01            4.46794846e-03            4.43360245e-03            4.01531402e-04            1.28045204e-03            2.30343475e-03            4.48169348e-04            1.49100071e-08            2.06646998e-24
            5.43097297e+01            4.42513280e-03            4.39116481e-03            3.99212488e-04            1.27203654e-03            2.28130341e-03            4.38598440e-04            1.39297255e-08            1.66347245e-24
            5.45259942e+01            4.38262874e-03            4.34904688e-03            3.96897813e-04            1.26364317e-03            2.25929786e-03            4.29195029e-04            1.30103701e-08            1.33791020e-24
            5.47431198e+01            4.34043482e-03            4.30724685e-03            3.94587421e-04            1.25527210e-03            2.23741820e-03            4.19956980e-04            1.21483884e-08            1.07513167e-24
            5.49611101e+01            4.29854955e-03            4.26576292e-03            3.92281358e-04            1.24692347e-03            2.21566458e-03            4.10882168e-04            1.13404199e-08            8.63213433e-25
            5.51799684e+01            4.25697146e-03            4.22459329e-03            3.89979671e-04            1.23859746e-03            2.19403710e-03            4.01968485e-04            1.05832871e-08            6.92460590e-25
            5.53996982e+01            4.21569909e-03            4.18373618e-03            3.87682403e-04            1.23029421e-03            2.17253586e-03            3.93213830e-04            9.87398645e-09            5.54997157e-25
            5.56203029e+01            4.17473097e-03            4.14318981e-03            3.85389601e-04            1.22201390e-03            2.15116097e-03            3.84616121e-04            9.20967922e-09            4.44430404e-25
            5.58417862e+01            4.13406564e-03            4.10295239e-03            3.83101310e-04            1.21375668e-03            2.12991252e-03            3.76173285e-04            8.58768352e-09            3.55576089e-25
            5.60641514e+01            4.09370164e-03            4.06302215e-03            3.80817575e-04            1.20552271e-03            2.10879060e-03            3.67883263e-04            8.00546623e-09            2.84233714e-25
            5.62874020e+01            4.05363751e-03            4.02339733e-03            3.78538441e-04            1.19731214e-03            2.08779528e-03            3.59744011e-04            7.46063542e-09            2.27002869e-25
            5.65115417e+01            4.01387180e-03            3.98407616e-03            3.76263953e-04            1.18912513e-03            2.06692663e-03            3.51753497e-04            6.95093315e-09            1.81133292e-25
            5.67365739e+01            3.97440307e-03            3.94505689e-03            3.73994156e-04            1.18096183e-03            2.04618472e-03            3.43909704e-04            6.47422854e-09            1.44402542e-25
            5.69625022e+01            3.93522986e-03            3.90633776e-03            3.71729095e-04            1.17282240e-03            2.02556961e-03            3.36210626e-04            6.02851122e-09            1.15016321e-25
            5.71893301e+01            3.89635073e-03            3.86791704e-03            3.69468814e-04            1.16470700e-03            2.00508134e-03            3.28654274e-04            5.61188504e-09            9.15272920e-26
            5.74170613e+01            3.85776424e-03            3.82979298e-03            3.67213359e-04            1.15661577e-03            1.98471996e-03            3.21238673e-04            5.22256207e-09            7.27690492e-26
            5.76456993e+01            3.81946895e-03            3.79196385e-03            3.64962773e-04            1.14854886e-03            1.96448550e-03            3.13961860e-04            4.85885696e-09            5.78024384e-26
            5.78752478e+01            3.78146343e-03            3.75442792e-03            3.62717100e-04            1.14050643e-03            1.94437798e-03            3.06821889e-04            4.51918149e-09            4.58719721e-26
            5.81057104e+01            3.74374624e-03            3.71718348e-03            3.60476386e-04            1.13248863e-03            1.92439744e-03            2.99816825e-04            4.20203939e-09            3.63704663e-26
            5.83370906e+01            3.70631596e-03            3.68022881e-03            3.58240674e-04            1.12449560e-03            1.90454388e-03            2.92944752e-04            3.90602145e-09            2.88103770e-26
            5.85693923e+01            3.66917116e-03            3.64356221e-03            3.56010009e-04            1.11652750e-03            1.88481731e-03            2.86203765e-04            3.62980083e-09            2.28005871e-26
            5.88026190e+01            3.63231041e-03            3.60718196e-03            3.53784433e-04            1.10858446e-03            1.86521772e-03            2.79591976e-04            3.37212862e-09            1.80276255e-26
            5.90367744e+01            3.59573230e-03            3.57108639e-03            3.51563991e-04            1.10066664e-03            1.84574512e-03            2.73107510e-04            3.13182962e-09            1.42404866e-26
            5.92718622e+01            3.55943542e-03            3.53527380e-03            3.49348727e-04            1.09277418e-03            1.82639948e-03            2.66748510e-04            2.90779827e-09            1.12383696e-26
            5.95078861e+01            3.52341833e-03            3.49974250e-03            3.47138683e-04            1.08490722e-03            1.80718077e-03            2.60513130e-04            2.69899490e-09            8.86078814e-27
            5.97448499e+01            3.48767965e-03            3.46449084e-03            3.44933903e-04            1.07706591e-03            1.78808898e-03            2.54399543e-04            2.50444204e-09            6.97959660e-27
            5.99827574e+01            3.45221794e-03            3.42951713e-03            3.42734431e-04            1.06925038e-03            1.76912406e-03            2.48405936e-04            2.32322101e-09            5.49256979e-27
            6.02216121e+01            3.41703182e-03            3.39481973e-03            3.40540309e-04            1.06146079e-03            1.75028597e-03            2.42530510e-04            2.15446861e-09            4.31823719e-27
            6.04614180e+01            3.38211988e-03            3.36039697e-03            3.38351580e-04            1.05369726e-03            1.73157465e-03            2.36771483e-04            1.99737404e-09            3.39173100e-27
            6.07021789e+01            3.34748071e-03            3.32624722e-03            3.36168287e-04            1.04595994e-03            1.71299005e-03            2.31127089e-04            1.85117594e-09            2.66145207e-27
            6.09438984e+01            3.31311293e-03            3.29236883e-03            3.33990473e-04            1.03824896e-03            1.69453210e-03            2.25595575e-04            1.71515961e-09            2.08639521e-27
            6.11865805e+01            3.27901513e-03            3.25876017e-03            3.31818179e-04            1.03056447e-03            1.67620073e-03            2.20175207e-04            1.58865431e-09            1.63400550e-27
            6.14302290e+01            3.24518593e-03            3.22541961e-03            3.29651448e-04            1.02290658e-03            1.65799585e-03            2.14864263e-04            1.47103080e-09            1.27846188e-27
            6.16748477e+01            3.21162394e-03            3.19234555e-03            3.27490321e-04            1.01527545e-03            1.63991737e-03            2.09661041e-04            1.36169893e-09            9.99304170e-28
            6.19204405e+01            3.17832778e-03            3.15953637e-03            3.25334842e-04            1.00767121e-03            1.62196521e-03            2.04563852e-04            1.26010538e-09            7.80335881e-28
            6.21670112e+01            3.14529605e-03            3.12699046e-03            3.23185051e-04            1.00009397e-03            1.60413925e-03            1.99571024e-04            1.16573153e-09            6.08748237e-28
            6.24145638e+01            3.11252739e-03            3.09470625e-03            3.21040990e-04            9.92543881e-04            1.58643940e-03            1.94680899e-04            1.07809143e-09            4.74421558e-28
            6.26631022e+01            3.08002042e-03            3.06268212e-03            3.18902700e-04            9.85021065e-04            1.56886552e-03            1.89891838e-04            9.96729883e-10            3.69368593e-28
            6.29126302e+01            3.04777375e-03            3.03091651e-03            3.16770223e-04            9.77525652e-04            1.55141750e-03            1.85202216e-04            9.21220651e-10            2.87291413e-28
            6.31631519e+01            3.01578603e-03            2.99940785e-03            3.14643599e-04            9.70057767e-04            1.53409521e-03            1.80610425e-04            8.51164711e-10            2.23229063e-28
            6.34146712e+01            2.98405589e-03            2.96815457e-03            3.12522868e-04            9.62617537e-04            1.51689850e-03            1.76114872e-04            7.86188651e-10            1.73277632e-28
            6.36671921e+01            2.95258195e-03            2.93715510e-03            3.10408073e-04            9.55205085e-04            1.49982724e-03            1.71713982e-04            7.25943135e-10            1.34368112e-28
            6.39207185e+01            2.92136286e-03            2.90640791e-03            3.08299251e-04            9.47820536e-04            1.48288126e-03            1.67406194e-04            6.70101453e-10            1.04090267e-28
            6.41752545e+01            2.89039726e-03            2.87591145e-03            3.06196445e-04            9.40464011e-04            1.46606041e-03            1.63189964e-04            6.18358154e-10            8.05531397e-29
            6.44308040e+01            2.85968380e-03            2.84566418e-03            3.04099694e-04            9.33135631e-04            1.44936453e-03            1.59063764e-04            5.70427755e-10            6.22746809e-29
            6.46873712e+01            2.82922111e-03            2.81566459e-03            3.02009036e-04            9.25835514e-04            1.43279343e-03            1.55026084e-04            5.26043521e-10            4.80945063e-29
            6.49449600e+01            2.79900786e-03            2.78591114e-03            2.99924513e-04            9.18563779e-04            1.41634693e-03            1.51075428e-04            4.84956315e-10            3.71050123e-29
            6.52035745e+01            2.76904268e-03            2.75640233e-03            2.97846162e-04            9.11320543e-04            1.40002486e-03            1.47210317e-04            4.46933511e-10            2.85970385e-29
            6.54632189e+01            2.73932424e-03            2.72713665e-03            2.95774024e-04            9.04105921e-04            1.38382701e-03            1.43429287e-04            4.11757973e-10            2.20170497e-29
            6.57238972e+01            2.70985120e-03            2.69811261e-03            2.93708136e-04            8.96920026e-04            1.36775318e-03            1.39730892e-04            3.79227087e-10            1.69334315e-29
            6.59856135e+01            2.68062222e-03            2.66932872e-03            2.91648538e-04            8.89762971e-04            1.35180316e-03            1.36113703e-04            3.49151855e-10            1.30099856e-29
            6.62483720e+01            2.65163596e-03            2.64078350e-03            2.89595267e-04            8.82634869e-04            1.33597674e-03            1.32576304e-04            3.21356036e-10            9.98510967e-30
            6.65121768e+01            2.62289109e-03            2.61247547e-03            2.87548361e-04            8.75535827e-04            1.32027369e-03            1.29117297e-04            2.95675339e-10            7.65545888e-30
            6.67770321e+01            2.59438627e-03            2.58440318e-03            2.85507859e-04            8.68465955e-04            1.30469379e-03            1.25735301e-04            2.71956667e-10            5.86313861e-30
            6.70429421e+01            2.56612019e-03            2.55656515e-03            2.83473798e-04            8.61425360e-04            1.28923679e-03            1.22428949e-04            2.50057397e-10            4.48567504e-30
            6.73099109e+01            2.53809152e-03            2.52895995e-03            2.81446215e-04            8.54414148e-04            1.27390246e-03            1.19196893e-04            2.29844712e-10            3.42816986e-30
            6.75779429e+01            2.51029893e-03            2.50158612e-03            2.79425148e-04            8.47432421e-04            1.25869055e-03            1.16037798e-04            2.11194966e-10            2.61716974e-30
            6.78470421e+01            2.48274111e-03            2.47444224e-03            2.77410632e-04            8.40480284e-04            1.24360078e-03            1.12950347e-04            1.93993091e-10            1.99588093e-30
            6.81172129e+01            2.45541674e-03            2.44752688e-03            2.75402704e-04            8.33557838e-04            1.22863292e-03            1.09933239e-04            1.78132039e-10            1.52043792e-30
            6.83884596e+01            2.42832452e-03            2.42083861e-03            2.73401402e-04            8.26665181e-04            1.21378668e-03            1.06985189e-04            1.63512252e-10            1.15699694e-30
            6.86607863e+01            2.40146312e-03            2.39437603e-03            2.71406760e-04            8.19802413e-04            1.19906178e-03            1.04104926e-04            1.50041178e-10            8.79474620e-31
            6.89341975e+01            2.37483125e-03            2.36813772e-03            2.69418814e-04            8.12969630e-04            1.18445795e-03            1.01291197e-04            1.37632797e-10            6.67790312e-31
            6.92086974e+01            2.34842760e-03            2.34212230e-03            2.67437600e-04            8.06166928e-04            1.16997489e-03            9.85427646e-05            1.26207199e-10            5.06501493e-31
            6.94842904e+01            2.32225086e-03            2.31632838e-03            2.65463153e-04            7.99394399e-04            1.15561230e-03            9.58584072e-05            1.15690166e-10            3.83745470e-31
            6.97609809e+01            2.29629975e-03            2.29075456e-03            2.63495508e-04            7.92652138e-04            1.14136989e-03            9.32369186e-05            1.06012796e-10            2.90419523e-31
            7.00387731e+01            2.27057297e-03            2.26539949e-03            2.61534699e-04            7.85940233e-04            1.12724735e-03            9.06771084e-05            9.71111417e-11            2.19546468e-31
            7.03176715e+01            2.24506922e-03            2.24026178e-03            2.59580760e-04            7.79258774e-04            1.11324435e-03            8.81778019e-05            8.89258772e-11            1.65784255e-31
            7.05976805e+01            2.21978721e-03            2.21534008e-03            2.57633726e-04            7.72607849e-04            1.09936058e-03            8.57378402e-05            8.14019818e-11            1.25047314e-31
            7.08788045e+01            2.19472567e-03            2.19063304e-03            2.55693630e-04            7.65987544e-04            1.08559571e-03            8.33560797e-05            7.44884462e-11            9.42145061e-32
            7.11610480e+01            2.16988330e-03            2.16613931e-03            2.53760505e-04            7.59397943e-04            1.07194940e-03            8.10313924e-05            6.81379964e-11            7.09041349e-32
            7.14444153e+01            2.14525883e-03            2.14185755e-03            2.51834385e-04            7.52839129e-04            1.05842131e-03            7.87626658e-05            6.23068362e-11            5.33008064e-32
            7.17289111e+01            2.12085098e-03            2.11778644e-03            2.49915302e-04            7.46311183e-04            1.04501109e-03            7.65488026e-05            5.69544054e-11            4.00223393e-32
            7.20145397e+01            2.09665848e-03            2.09392465e-03            2.48003289e-04            7.39814185e-04            1.03171840e-03            7.43887208e-05            5.20431543e-11            3.00175793e-32
            7.23013058e+01            2.07268005e-03            2.07027086e-03            2.46098377e-04            7.33348212e-04            1.01854287e-03            7.22813537e-05            4.75383329e-11            2.24880293e-32
            7.25892137e+01            2.04891442e-03            2.04682376e-03            2.44200599e-04            7.26913342e-04            1.00548413e-03            7.02256496e-05            4.34077936e-11            1.68278132e-32
            7.28782681e+01            2.02536034e-03            2.02358206e-03            2.42309986e-04            7.20509648e-04            9.92541817e-04            6.82205719e-05            3.96218070e-11            1.25777376e-32
            7.31684735e+01            2.00201653e-03            2.00054446e-03            2.40426569e-04            7.14137204e-04            9.79715550e-04            6.62650988e-05            3.61528903e-11            9.39018068e-33
            7.34598346e+01            1.97888175e-03            1.97770966e-03            2.38550379e-04            7.07796081e-04            9.67004946e-04            6.43582237e-05            3.29756463e-11            7.00228735e-33
            7.37523559e+01            1.95595472e-03            1.95507639e-03            2.36681446e-04            7.01486349e-04            9.54409615e-04            6.24989545e-05            3.00666144e-11            5.21553014e-33
            7.40460420e+01            1.93323421e-03            1.93264338e-03            2.34819800e-04            6.95208076e-04            9.41929163e-04            6.06863138e-05            2.74041303e-11            3.88014111e-33
            7.43408976e+01            1.91071896e-03            1.91040935e-03            2.32965472e-04            6.88961328e-04            9.29563188e-04            5.89193391e-05            2.49681962e-11            2.88326846e-33
            7.46369273e+01            1.88840773e-03            1.88837305e-03            2.31118491e-04            6.82746170e-04            9.17311285e-04            5.71970820e-05            2.27403593e-11            2.13997701e-33
            7.49341358e+01            1.86629926e-03            1.86653322e-03            2.29278885e-04            6.76562665e-04            9.05173040e-04            5.55186088e-05            2.07035989e-11            1.58641772e-33
            7.52325278e+01            1.84439232e-03            1.84488861e-03            2.27446684e-04            6.70410874e-04            8.93148036e-04            5.38830000e-05            1.88422211e-11            1.17464967e-33
            7.55321081e+01            1.82268567e-03            1.82343799e-03            2.25621915e-04            6.64290857e-04            8.81235849e-04            5.22893504e-05            1.71417605e-11            8.68719317e-34
            7.58328812e+01            1.80117808e-03            1.80218011e-03            2.23804608e-04            6.58202670e-04            8.69436051e-04            5.07367687e-05            1.55888896e-11            6.41695258e-34
            7.61348521e+01            1.77986832e-03            1.78111376e-03            2.21994789e-04            6.52146372e-04            8.57748208e-04            4.92243779e-05            1.41713335e-11            4.73428435e-34
            7.64380255e+01            1.75875515e-03            1.76023771e-03            2.20192486e-04            6.46122015e-04            8.46171881e-04            4.77513147e-05            1.28777912e-11            3.48862204e-34
            7.67424061e+01            1.73783735e-03            1.73955074e-03            2.18397726e-04            6.40129652e-04            8.34706623e-04            4.63167297e-05            1.16978625e-11            2.56758884e-34
            7.70479987e+01            1.71711369e-03            1.71905165e-03            2.16610535e-04            6.34169334e-04            8.23351986e-04            4.49197871e-05            1.06219793e-11            1.88741287e-34
            7.73548083e+01            1.69658297e-03            1.69873924e-03            2.14830939e-04            6.28241110e-04            8.12107513e-04            4.35596648e-05            9.64134310e-12            1.38572199e-34
            7.76628396e+01            1.67624396e-03            1.67861230e-03            2.13058965e-04            6.22345028e-04            8.00972745e-04            4.22355541e-05            8.74786573e-12            1.01613393e-34
            7.79720974e+01            1.65609545e-03            1.65866966e-03            2.11294638e-04            6.16481133e-04            7.89947217e-04            4.09466596e-05            7.93411508e-12            7.44199390e-35
            7.82825868e+01            1.63613623e-03            1.63891011e-03            2.09537983e-04            6.10649468e-04            7.79030458e-04            3.96921993e-05            7.19326448e-12            5.44363564e-35
            7.85943125e+01            1.61636509e-03            1.61933250e-03            2.07789024e-04            6.04850075e-04            7.68221992e-04            3.84714041e-05            6.51904586e-12            3.97693070e-35
            7.89072796e+01            1.59678084e-03            1.59993564e-03            2.06047786e-04            5.99082995e-04            7.57521340e-04            3.72835181e-05            5.90570626e-12            2.90177731e-35
            7.92214929e+01            1.57738226e-03            1.58071838e-03            2.04314293e-04            5.93348266e-04            7.46928016e-04            3.61277982e-05            5.34796762e-12            2.11463325e-35
            7.95369574e+01            1.55816816e-03            1.56167954e-03            2.02588568e-04            5.87645925e-04            7.36441532e-04            3.50035141e-05            4.84098946e-12            1.53907146e-35
            7.98536782e+01            1.53913736e-03            1.54281798e-03            2.00870634e-04            5.81976005e-04            7.26061392e-04            3.39099482e-05            4.38033437e-12            1.11875008e-35
            8.01716601e+01            1.52028865e-03            1.52413255e-03            1.99160514e-04            5.76338540e-04            7.15787099e-04            3.28463953e-05            3.96193604e-12            8.12186490e-36
            8.04909082e+01            1.50162085e-03            1.50562211e-03            1.97458230e-04            5.70733561e-04            7.05618148e-04            3.18121627e-05            3.58206977e-12            5.88877048e-36
            8.08114276e+01            1.48313278e-03            1.48728551e-03            1.95763805e-04            5.65161098e-04            6.95554032e-04            3.08065699e-05            3.23732509e-12            4.26419910e-36
            8.11332234e+01            1.46482325e-03            1.46912163e-03            1.94077259e-04            5.59621177e-04            6.85594238e-04            2.98289486e-05            2.92458052e-12            3.08384178e-36
            8.14563005e+01            1.44669109e-03            1.45112934e-03            1.92398614e-04            5.54113824e-04            6.75738251e-04            2.88786427e-05            2.64098025e-12            2.22733861e-36
            8.17806642e+01            1.42873512e-03            1.43330751e-03            1.90727890e-04            5.48639064e-04            6.65985550e-04            2.79550077e-05            2.38391258e-12            1.60663682e-36
            8.21063195e+01            1.41095417e-03            1.41565505e-03            1.89065109e-04            5.43196917e-04            6.56335609e-04            2.70574111e-05            2.15099002e-12            1.15740207e-36
            8.24332715e+01            1.39334707e-03            1.39817083e-03            1.87410288e-04            5.37787403e-04            6.46787901e-04            2.61852319e-05            1.94003095e-12            8.32690518e-37
            8.27615255e+01            1.37591267e-03            1.38085374e-03            1.85763449e-04            5.32410542e-04            6.37341891e-04            2.53378607e-05            1.74904268e-12            5.98292482e-37
            8.30910867e+01            1.35864979e-03            1.36370270e-03            1.84124609e-04            5.27066349e-04            6.27997043e-04            2.45146995e-05            1.57620584e-12            4.29310754e-37
            8.34219602e+01            1.34155728e-03            1.34671661e-03            1.82493788e-04            5.21754839e-04            6.18752817e-04            2.37151617e-05            1.41985997e-12            3.07649355e-37
            8.37541512e+01            1.32463398e-03            1.32989437e-03            1.80871004e-04            5.16476025e-04            6.09608667e-04            2.29386714e-05            1.27849032e-12            2.20172961e-37
            8.40876650e+01            1.30787875e-03            1.31323490e-03            1.79256274e-04            5.11229916e-04            6.00564046e-04            2.21846642e-05            1.15071560e-12            1.57359655e-37
            8.44225069e+01            1.29129043e-03            1.29673713e-03            1.77649615e-04            5.06016523e-04            5.91618401e-04            2.14525863e-05            1.03527674e-12            1.12316082e-37
            8.47586822e+01            1.27486788e-03            1.28039997e-03            1.76051046e-04            5.00835852e-04            5.82771178e-04            2.07418947e-05            9.31026603e-13            8.00584753e-38
            8.50961961e+01            1.25860996e-03            1.26422236e-03            1.74460581e-04            4.95687907e-04            5.74021817e-04            2.00520569e-05            8.36920440e-13            5.69884946e-38
            8.54350540e+01            1.24251554e-03            1.24820324e-03            1.72878236e-04            4.90572694e-04            5.65369756e-04            1.93825511e-05            7.52007163e-13            4.05115838e-38
            8.57752613e+01            1.22658346e-03            1.23234154e-03            1.71304029e-04            4.85490212e-04            5.56814429e-04            1.87328658e-05            6.75421319e-13            2.87594839e-38
            8.61168233e+01            1.21081262e-03            1.21663620e-03            1.69737973e-04            4.80440462e-04            5.48355268e-04            1.81024994e-05            6.06375716e-13            2.03887420e-38
            8.64597455e+01            1.19520187e-03            1.20108619e-03            1.68180083e-04            4.75423442e-04            5.39991700e-04            1.74909608e-05            5.44154649e-13            1.44346046e-38
            8.68040331e+01            1.17975009e-03            1.18569044e-03            1.66630373e-04            4.70439146e-04            5.31723150e-04            1.68977687e-05            4.88107695e-13            1.02052137e-38
            8.71496917e+01            1.16445616e-03            1.17044792e-03            1.65088857e-04            4.65487569e-04            5.23549040e-04            1.63224515e-05            4.37644006e-13            7.20509451e-39
            8.74967268e+01            1.14931898e-03            1.15535759e-03            1.63555549e-04            4.60568703e-04            5.15468789e-04            1.57645474e-05            3.92227090e-13            5.07990096e-39
            8.78451438e+01            1.13433741e-03            1.14041842e-03            1.62030462e-04            4.55682538e-04            5.07481812e-04            1.52236041e-05            3.51370024e-13            3.57656724e-39
            8.81949482e+01            1.11951035e-03            1.12562937e-03            1.60513607e-04            4.50829063e-04            4.99587523e-04            1.46991787e-05            3.14631062e-13            2.51461048e-39
            8.85461455e+01            1.10483670e-03            1.11098943e-03            1.59004996e-04            4.46008264e-04            4.91785333e-04            1.41908378e-05            2.81609623e-13            1.76549224e-39
            8.88987414e+01            1.09031534e-03            1.09649757e-03            1.57504642e-04            4.41220126e-04            4.84074649e-04            1.36981569e-05            2.51942616e-13            1.23779647e-39
            8.92527412e+01            1.07594519e-03            1.08215278e-03            1.56012555e-04            4.36464630e-04            4.76454877e-04            1.32207207e-05            2.25301074e-13            8.66599764e-40
            8.96081508e+01            1.06172515e-03            1.06795405e-03            1.54528745e-04            4.31741759e-04            4.68925419e-04            1.27581226e-05            2.01387081e-13            6.05858701e-40
            8.99649756e+01            1.04765411e-03            1.05390036e-03            1.53053224e-04            4.27051492e-04            4.61485677e-04            1.23099649e-05            1.79930961e-13            4.22965683e-40
            9.03232213e+01            1.03373100e-03            1.03999071e-03            1.51586000e-04            4.22393804e-04            4.54135048e-04            1.18758586e-05            1.60688711e-13            2.94861079e-40
            9.06828935e+01            1.01995472e-03            1.02622411e-03            1.50127083e-04            4.17768672e-04            4.46872928e-04            1.14554231e-05            1.43439656e-13            2.05260711e-40
            9.10439980e+01            1.00632420e-03            1.01259955e-03            1.48676481e-04            4.13176069e-04            4.39698711e-04            1.10482862e-05            1.27984307e-13            1.42681539e-40
            9.14065404e+01            9.92838359e-04            9.99116042e-04            1.47234203e-04            4.08615966e-04            4.32611789e-04            1.06540839e-05            1.14142412e-13            9.90377630e-41
            9.17705265e+01            9.79496118e-04            9.85772603e-04            1.45800256e-04            4.04088334e-04            4.25611552e-04            1.02724605e-05            1.01751173e-13            6.86439769e-41
            9.21359620e+01            9.66296407e-04            9.72568244e-04            1.44374649e-04            3.99593139e-04            4.18697388e-04            9.90306808e-06            9.06636229e-14            4.75083682e-41
            9.25028527e+01            9.53238160e-04            9.59501986e-04            1.42957387e-04            3.95130349e-04            4.11868684e-04            9.54556667e-06            8.07471471e-14            3.28323017e-41
            9.28712043e+01            9.40320312e-04            9.46572849e-04            1.41548477e-04            3.90699927e-04            4.05124822e-04            9.19962405e-06            7.18821376e-14            2.26565380e-41
            9.32410228e+01            9.27541804e-04            9.33779862e-04            1.40147924e-04            3.86301835e-04            3.98465187e-04            8.86491562e-06            6.39607667e-14            1.56114854e-41
            9.36123139e+01            9.14901579e-04            9.21122054e-04            1.38755736e-04            3.81936034e-04            3.91889160e-04            8.54112424e-06            5.68858720e-14            1.07411508e-41
            9.39850835e+01            9.02398584e-04            9.08598458e-04            1.37371915e-04            3.77602483e-04            3.85396119e-04            8.22794014e-06            5.05699419e-14            7.37922474e-42
            9.43593375e+01            8.90031771e-04            8.96208113e-04            1.35996468e-04            3.73301139e-04            3.78985445e-04            7.92506082e-06            4.49341943e-14            5.06199167e-42
            9.47350818e+01            8.77800093e-04            8.83950058e-04            1.34629397e-04            3.69031956e-04            3.72656513e-04            7.63219085e-06            3.99077388e-14            3.46721119e-42
            9.51123223e+01            8.65702510e-04            8.71823338e-04            1.33270707e-04            3.64794888e-04            3.66408700e-04            7.34904184e-06            3.54268166e-14            2.37129043e-42
            9.54910650e+01            8.53737984e-04            8.59827000e-04            1.31920400e-04            3.60589887e-04            3.60241381e-04            7.07533225e-06            3.14341098e-14            1.61931814e-42
            9.58713159e+01            8.41905481e-04            8.47960095e-04            1.30578479e-04            3.56416901e-04            3.54153928e-04            6.81078730e-06            2.78781153e-14            1.10412940e-42
            9.62530810e+01            8.30203970e-04            8.36221679e-04            1.29244947e-04            3.52275878e-04            3.48145715e-04            6.55513885e-06            2.47125771e-14            7.51701650e-43
            9.66363662e+01            8.18632425e-04            8.24610808e-04            1.27919804e-04            3.48166765e-04            3.42216114e-04            6.30812528e-06            2.18959717e-14            5.10982622e-43
            9.70211778e+01            8.07189823e-04            8.13126545e-04            1.26603052e-04            3.44089506e-04            3.36364495e-04            6.06949135e-06            1.93910416e-14            3.46816066e-43
            9.74075217e+01            7.95875146e-04            8.01767952e-04            1.25294691e-04            3.40044044e-04            3.30590229e-04            5.83898813e-06            1.71643731e-14            2.35029338e-43
            9.77954040e+01            7.84687379e-04            7.90534098e-04            1.23994723e-04            3.36030318e-04            3.24892684e-04            5.61637285e-06            1.51860146e-14            1.59027441e-43
            9.81848309e+01            7.73625511e-04            7.79424054e-04            1.22703146e-04            3.32048268e-04            3.19271231e-04            5.40140878e-06            1.34291305e-14            1.07435178e-43
            9.85758085e+01            7.62688534e-04            7.68436894e-04            1.21419959e-04            3.28097832e-04            3.13725238e-04            5.19386514e-06            1.18696894e-14            7.24674031e-44
            9.89683431e+01            7.51875445e-04            7.57571695e-04            1.20145162e-04            3.24178943e-04            3.08254073e-04            4.99351700e-06            1.04861808e-14            4.88042836e-44
            9.93624407e+01            7.41185245e-04            7.46827538e-04            1.18878753e-04            3.20291537e-04            3.02857103e-04            4.80014510e-06            9.25936071e-15            3.28162935e-44
            9.97581076e+01            7.30616937e-04            7.36203507e-04            1.17620729e-04            3.16435546e-04            2.97533696e-04            4.61353583e-06            8.17202131e-15            2.20310265e-44
            1.00155350e+02            7.20169532e-04            7.25698687e-04            1.16371089e-04            3.12610898e-04            2.92283219e-04            4.43348106e-06            7.20878289e-15            1.47669506e-44
            1.00554174e+02            7.09842040e-04            7.15312170e-04            1.15129827e-04            3.08817524e-04            2.87105040e-04            4.25977804e-06            6.35590662e-15            9.88223221e-45
            1.00954587e+02            6.99633478e-04            7.05043047e-04            1.13896942e-04            3.05055350e-04            2.81998526e-04            4.09222933e-06            5.60112562e-15            6.60274726e-45
            1.01356594e+02            6.89542866e-04            6.94890416e-04            1.12672429e-04            3.01324300e-04            2.76963045e-04            3.93064265e-06            4.93349276e-15            4.40450303e-45
            1.01760202e+02            6.79569229e-04            6.84853375e-04            1.11456283e-04            2.97624299e-04            2.71997962e-04            3.77483079e-06            4.34324354e-15            2.93338453e-45
            1.02165417e+02            6.69711595e-04            6.74931026e-04            1.10248499e-04            2.93955268e-04            2.67102648e-04            3.62461151e-06            3.82167281e-15            1.95046488e-45
            1.02572245e+02            6.59968995e-04            6.65122475e-04            1.09049072e-04            2.90317127e-04            2.62276468e-04            3.47980746e-06            3.36102371e-15            1.29479654e-45
            1.02980694e+02            6.50340467e-04            6.55426830e-04            1.07857995e-04            2.86709795e-04            2.57518793e-04            3.34024604e-06            2.95438794e-15            8.58136498e-46
            1.03390769e+02            6.40825050e-04            6.45843201e-04            1.06675263e-04            2.83133189e-04            2.52828990e-04            3.20575930e-06            2.59561609e-15            5.67805821e-46
            1.03802477e+02            6.31421789e-04            6.36370704e-04            1.05500868e-04            2.79587223e-04            2.48206429e-04            3.07618391e-06            2.27923704e-15            3.75084484e-46
            1.04215824e+02            6.22129731e-04            6.27008455e-04            1.04334802e-04            2.76071812e-04            2.43650480e-04            2.95136095e-06            2.00038569e-15            2.47366740e-46
            1.04630818e+02            6.12947930e-04            6.17755575e-04            1.03177058e-04            2.72586867e-04            2.39160514e-04            2.83113593e-06            1.75473807e-15            1.62867191e-46
            1.05047463e+02            6.03875442e-04            6.08611187e-04            1.02027627e-04            2.69132299e-04            2.34735902e-04            2.71535860e-06            1.53845314e-15            1.07054057e-46
            1.05465768e+02            5.94911328e-04            5.99574417e-04            1.00886501e-04            2.65708016e-04            2.30376017e-04            2.60388294e-06            1.34812064e-15            7.02501091e-47
            1.05885739e+02            5.86054651e-04            5.90644394e-04            9.97536694e-05            2.62313926e-04            2.26080231e-04            2.49656698e-06            1.18071438e-15            4.60216658e-47
            1.06307382e+02            5.77304481e-04            5.81820250e-04            9.86291232e-05            2.58949935e-04            2.21847919e-04            2.39327280e-06            1.03355036e-15            3.00985950e-47
            1.06730704e+02            5.68659892e-04            5.73101120e-04            9.75128519e-05            2.55615946e-04            2.17678456e-04            2.29386636e-06            9.04249381e-16            1.96515023e-47
            1.07155712e+02            5.60119959e-04            5.64486143e-04            9.64048448e-05            2.52311862e-04            2.13571219e-04            2.19821746e-06            7.90703505e-16            1.28087872e-47
            1.07582412e+02            5.51683764e-04            5.55974459e-04            9.53050905e-05            2.49037584e-04            2.09525585e-04            2.10619965e-06            6.91046156e-16            8.33450951e-48
            1.08010812e+02            5.43350393e-04            5.47565212e-04            9.42135774e-05            2.45793012e-04            2.05540933e-04            2.01769012e-06            6.03625350e-16            5.41388368e-48
            1.08440917e+02            5.35118935e-04            5.39257549e-04            9.31302934e-05            2.42578044e-04            2.01616643e-04            1.93256965e-06            5.26979814e-16            3.51068345e-48
            1.08872735e+02            5.26988484e-04            5.31050621e-04            9.20552257e-05            2.39392576e-04            1.97752097e-04            1.85072248e-06            4.59817668e-16            2.27261218e-48
            1.09306272e+02            5.18958137e-04            5.22943579e-04            9.09883614e-05            2.36236503e-04            1.93946678e-04            1.77203627e-06            4.00997401e-16            1.46861146e-48
            1.09741536e+02            5.11026998e-04            5.14935580e-04            8.99296868e-05            2.33109720e-04            1.90199771e-04            1.69640200e-06            3.49510922e-16            9.47400090e-49
            1.10178533e+02            5.03194172e-04            5.07025782e-04            8.88791879e-05            2.30012117e-04            1.86510763e-04            1.62371391e-06            3.04468448e-16            6.10101164e-49
            1.10617270e+02            4.95458771e-04            4.99213347e-04            8.78368504e-05            2.26943587e-04            1.82879040e-04            1.55386939e-06            2.65085050e-16            3.92201444e-49
            1.11057755e+02            4.87819908e-04            4.91497440e-04            8.68026592e-05            2.23904019e-04            1.79303993e-04            1.48676892e-06            2.30668679e-16            2.51682139e-49
            1.11499993e+02            4.80276704e-04            4.83877229e-04            8.57765990e-05            2.20893299e-04            1.75785014e-04            1.42231600e-06            2.00609511e-16            1.61223533e-49
            1.11943992e+02            4.72828281e-04            4.76351884e-04            8.47586539e-05            2.17911316e-04            1.72321497e-04            1.36041707e-06            1.74370475e-16            1.03094203e-49
            1.12389760e+02            4.65473767e-04            4.68920579e-04            8.37488078e-05            2.14957955e-04            1.68912835e-04            1.30098144e-06            1.51478836e-16            6.58061925e-50
            1.12837302e+02            4.58212295e-04            4.61582492e-04            8.27470439e-05            2.12033098e-04            1.65558428e-04            1.24392121e-06            1.31518722e-16            4.19298116e-50
            1.13286627e+02            4.51043000e-04            4.54336801e-04            8.17533450e-05            2.09136630e-04            1.62257675e-04            1.18915121e-06            1.14124489e-16            2.66685618e-50
            1.13737741e+02            4.43965024e-04            4.47182690e-04            8.07676935e-05            2.06268430e-04            1.59009977e-04            1.13658892e-06            9.89748336e-17            1.69314329e-50
            1.14190651e+02            4.36977511e-04            4.40119344e-04            7.97900714e-05            2.03428380e-04            1.55814739e-04            1.08615442e-06            8.57875784e-17            1.07300599e-50
            1.14645365e+02            4.30079610e-04            4.33145953e-04            7.88204602e-05            2.00616357e-04            1.52671366e-04            1.03777029e-06            7.43150459e-17            6.78768639e-51
            1.15101889e+02            4.23270476e-04            4.26261709e-04            7.78588409e-05            1.97832239e-04            1.49579267e-04            9.91361589e-07            6.43399650e-17            4.28597307e-51
            1.15560231e+02            4.16549265e-04            4.19465807e-04            7.69051943e-05            1.95075903e-04            1.46537854e-04            9.46855752e-07            5.56718469e-17            2.70135711e-51
            1.16020399e+02            4.09915141e-04            4.12757445e-04            7.59595005e-05            1.92347223e-04            1.43546539e-04            9.04182550e-07            4.81437799e-17            1.69948090e-51
            1.16482399e+02            4.03367270e-04            4.06135825e-04            7.50217394e-05            1.89646073e-04            1.40604738e-04            8.63274015e-07            4.16095952e-17            1.06720813e-51
            1.16946238e+02            3.96904824e-04            3.99600151e-04            7.40918903e-05            1.86972326e-04            1.37711871e-04            8.24064390e-07            3.59413634e-17            6.68924837e-52
            1.17411925e+02            3.90526977e-04            3.93149632e-04            7.31699321e-05            1.84325853e-04            1.34867357e-04            7.86490060e-07            3.10271831e-17            4.18502127e-52
            1.17879466e+02            3.84232910e-04            3.86783477e-04            7.22558434e-05            1.81706523e-04            1.32070621e-04            7.50489501e-07            2.67692305e-17            2.61340642e-52
            1.18348869e+02            3.78021807e-04            3.80500902e-04            7.13496022e-05            1.79114207e-04            1.29321090e-04            7.16003219e-07            2.30820379e-17            1.62892820e-52
            1.18820141e+02            3.71892857e-04            3.74301123e-04            7.04511864e-05            1.76548771e-04            1.26618191e-04            6.82973693e-07            1.98909772e-17            1.01339649e-52
            1.19293289e+02            3.65845253e-04            3.68183361e-04            6.95605730e-05            1.74010084e-04            1.23961359e-04            6.51345327e-07            1.71309236e-17            6.29268595e-53
            1.19768322e+02            3.59878192e-04            3.62146840e-04            6.86777391e-05            1.71498010e-04            1.21350027e-04            6.21064386e-07            1.47450788e-17            3.90003639e-53
            1.20245246e+02            3.53990877e-04            3.56190788e-04            6.78026611e-05            1.69012414e-04            1.18783633e-04            5.92078952e-07            1.26839363e-17            2.41253665e-53
            1.20724070e+02            3.48182514e-04            3.50314434e-04            6.69353151e-05            1.66553160e-04            1.16261619e-04            5.64338869e-07            1.09043707e-17            1.48952756e-53
            1.21204800e+02            3.42452314e-04            3.44517012e-04            6.60756766e-05            1.64120111e-04            1.13783429e-04            5.37795693e-07            9.36883798e-18            9.17887007e-54
            1.21687445e+02            3.36799492e-04            3.38797759e-04            6.52237211e-05            1.61713127e-04            1.11348508e-04            5.12402642e-07            8.04467255e-18            5.64537295e-54
            1.22172011e+02            3.31223268e-04            3.33155916e-04            6.43794233e-05            1.59332070e-04            1.08956308e-04            4.88114551e-07            6.90347080e-18            3.46541662e-54
            1.22658507e+02            3.25722868e-04            3.27590727e-04            6.35427578e-05            1.56976799e-04            1.06606282e-04            4.64887821e-07            5.92054985e-18            2.12311894e-54
            1.23146940e+02            3.20297519e-04            3.22101438e-04            6.27136987e-05            1.54647173e-04            1.04297887e-04            4.42680374e-07            5.07447324e-18            1.29821280e-54
            1.23637318e+02            3.14946454e-04            3.16687301e-04            6.18922197e-05            1.52343049e-04            1.02030581e-04            4.21451611e-07            4.34663536e-18            7.92258251e-55
            1.24129649e+02            3.09668913e-04            3.11347569e-04            6.10782941e-05            1.50064284e-04            9.98038286e-05            4.01162362e-07            3.72089750e-18            4.82540296e-55
            1.24623940e+02            3.04464137e-04            3.06081500e-04            6.02718950e-05            1.47810734e-04            9.76170958e-05            3.81774851e-07            3.18326939e-18            2.93320848e-55
            1.25120200e+02            2.99331372e-04            3.00888354e-04            5.94729948e-05            1.45582254e-04            9.54698525e-05            3.63252647e-07            2.72163072e-18            1.77947296e-55
            1.25618436e+02            2.94269872e-04            2.95767397e-04            5.86815659e-05            1.43378699e-04            9.33615719e-05            3.45560626e-07            2.32548771e-18            1.07739646e-55
            1.26118656e+02            2.89278890e-04            2.90717897e-04            5.78975802e-05            1.41199921e-04            9.12917306e-05            3.28664932e-07            1.98576048e-18            6.51016419e-56
            1.26620868e+02            2.84357689e-04            2.85739124e-04            5.71210091e-05            1.39045773e-04            8.92598089e-05            3.12532935e-07            1.69459749e-18            3.92588099e-56
            1.27125079e+02            2.79505532e-04            2.80830354e-04            5.63518237e-05            1.36916106e-04            8.72652906e-05            2.97133196e-07            1.44521363e-18            2.36269488e-56
            1.27631298e+02            2.74721689e-04            2.75990866e-04            5.55899950e-05            1.34810772e-04            8.53076628e-05            2.82435429e-07            1.23174907e-18            1.41905749e-56
            1.28139534e+02            2.70005436e-04            2.71219942e-04            5.48354932e-05            1.32729621e-04            8.33864167e-05            2.68410463e-07            1.04914627e-18            8.50571214e-57
            1.28649793e+02            2.65356049e-04            2.66516868e-04            5.40882887e-05            1.30672502e-04            8.15010465e-05            2.55030209e-07            8.93042953e-19            5.08787231e-57
            1.29162083e+02            2.60772812e-04            2.61880934e-04            5.33483511e-05            1.28639264e-04            7.96510507e-05            2.42267623e-07            7.59678882e-19            3.03719749e-57
            1.29676414e+02            2.56255013e-04            2.57311433e-04            5.26156498e-05            1.26629755e-04            7.78359312e-05            2.30096677e-07            6.45814885e-19            1.80932935e-57
            1.30192793e+02            2.51801945e-04            2.52807662e-04            5.18901540e-05            1.24643822e-04            7.60551935e-05            2.18492319e-07            5.48662432e-19            1.07563875e-57
            1.30711228e+02            2.47412904e-04            2.48368922e-04            5.11718325e-05            1.22681312e-04            7.43083471e-05            2.07430450e-07            4.65822495e-19            6.38139898e-58
            1.31231728e+02            2.43087191e-04            2.43994517e-04            5.04606536e-05            1.20742071e-04            7.25949052e-05            1.96887886e-07            3.95232480e-19            3.77800409e-58
            1.31754300e+02            2.38824113e-04            2.39683757e-04            4.97565856e-05            1.18825944e-04            7.09143848e-05            1.86842330e-07            3.35120200e-19            2.23204229e-58
            1.32278953e+02            2.34622980e-04            2.35435952e-04            4.90595963e-05            1.16932776e-04            6.92663069e-05            1.77272343e-07            2.83963985e-19            1.31592845e-58
            1.32805696e+02            2.30483107e-04            2.31250419e-04            4.83696531e-05            1.15062412e-04            6.76501960e-05            1.68157316e-07            2.40458127e-19            7.74191449e-59
            1.33334536e+02            2.26403815e-04            2.27126477e-04            4.76867233e-05            1.13214695e-04            6.60655809e-05            1.59477442e-07            2.03482966e-19            4.54513788e-59
            1.33865481e+02            2.22384426e-04            2.23063451e-04            4.70107738e-05            1.11389469e-04            6.45119941e-05            1.51213687e-07            1.72079015e-19            2.66271509e-59
            1.34398541e+02            2.18424271e-04            2.19060667e-04            4.63417712e-05            1.09586576e-04            6.29889720e-05            1.43347765e-07            1.45424598e-19            1.55660210e-59
            1.34933724e+02            2.14522683e-04            2.15117457e-04            4.56796819e-05            1.07805858e-04            6.14960552e-05            1.35862113e-07            1.22816519e-19            9.08034024e-60
            1.35471038e+02            2.10678999e-04            2.11233157e-04            4.50244717e-05            1.06047157e-04            6.00327879e-05            1.28739866e-07            1.03653384e-19            5.28560286e-60
            1.36010491e+02            2.06892563e-04            2.07407105e-04            4.43761066e-05            1.04310315e-04            5.85987187e-05            1.21964830e-07            8.74212108e-20            3.07009010e-60
            1.36552093e+02            2.03162721e-04            2.03638646e-04            4.37345520e-05            1.02595172e-04            5.71933999e-05            1.15521465e-07            7.36810167e-20            1.77937783e-60
            1.37095851e+02            1.99488825e-04            1.99927125e-04            4.30997730e-05            1.00901569e-04            5.58163880e-05            1.09394855e-07            6.20581307e-20            1.02906296e-60
            1.37641775e+02            1.95870232e-04            1.96271895e-04            4.24717346e-05            9.92293462e-05            5.44672435e-05            1.03570689e-07            5.22329891e-20            5.93838951e-61
            1.38189872e+02            1.92306303e-04            1.92672311e-04            4.18504016e-05            9.75783428e-05            5.31455309e-05            9.80352408e-08            4.39332162e-20            3.41935825e-61
            1.38740152e+02            1.88796403e-04            1.89127731e-04            4.12357382e-05            9.59483985e-05            5.18508189e-05            9.27753463e-08            3.69268155e-20            1.96456289e-61
            1.39292623e+02            1.85339902e-04            1.85637520e-04            4.06277086e-05            9.43393524e-05            5.05826802e-05            8.77783837e-08            3.10163197e-20            1.12623461e-61
            1.39847295e+02            1.81936175e-04            1.82201044e-04            4.00262769e-05            9.27510434e-05            4.93406916e-05            8.30322539e-08            2.60337677e-20            6.44213157e-62
            1.40404174e+02            1.78584602e-04            1.78817676e-04            3.94314065e-05            9.11833099e-05            4.81244341e-05            7.85253615e-08            2.18363948e-20            3.67675140e-62
            1.40963272e+02            1.75284566e-04            1.75486791e-04            3.88430610e-05            8.96359903e-05            4.69334927e-05            7.42465963e-08            1.83029374e-20            2.09377039e-62
            1.41524596e+02            1.72035455e-04            1.72207768e-04            3.82612036e-05            8.81089226e-05            4.57674565e-05            7.01853155e-08            1.53304671e-20            1.18965240e-62
            1.42088155e+02            1.68836663e-04            1.68979992e-04            3.76857971e-05            8.66019446e-05            4.46259190e-05            6.63313263e-08            1.28316794e-20            6.74424731e-63
            1.42653958e+02            1.65687588e-04            1.65802851e-04            3.71168045e-05            8.51148941e-05            4.35084774e-05            6.26748691e-08            1.07325745e-20            3.81474371e-63
            1.43222014e+02            1.62587630e-04            1.62675737e-04            3.65541881e-05            8.36476084e-05            4.24147336e-05            5.92066013e-08            8.97047410e-21            2.15284028e-63
            1.43792333e+02            1.59536198e-04            1.59598046e-04            3.59979103e-05            8.21999250e-05            4.13442931e-05            5.59175812e-08            7.49232702e-21            1.21218499e-63
            1.44364922e+02            1.56532702e-04            1.56569180e-04            3.54479332e-05            8.07716811e-05            4.02967659e-05            5.27992534e-08            6.25326252e-21            6.80977392e-64
            1.44939791e+02            1.53576558e-04            1.53588542e-04            3.49042187e-05            7.93627138e-05            3.92717662e-05            4.98434334e-08            5.21535610e-21            3.81679853e-64
            1.45516950e+02            1.50667186e-04            1.50655543e-04            3.43667286e-05            7.79728601e-05            3.82689120e-05            4.70422937e-08            4.34657718e-21            2.13434468e-64
            1.46096407e+02            1.47804012e-04            1.47769595e-04            3.38354243e-05            7.66019569e-05            3.72878259e-05            4.43883498e-08            3.61989270e-21            1.19076118e-64
            1.46678171e+02            1.44986465e-04            1.44930117e-04            3.33102671e-05            7.52498413e-05            3.63281343e-05            4.18744471e-08            3.01250391e-21            6.62789416e-65
            1.47262252e+02            1.42213979e-04            1.42136530e-04            3.27912182e-05            7.39163501e-05            3.53894680e-05            3.94937477e-08            2.50519709e-21            3.68055432e-65
            1.47848658e+02            1.39485993e-04            1.39388261e-04            3.22782386e-05            7.26013203e-05            3.44714619e-05            3.72397177e-08            2.08179170e-21            2.03907703e-65
            1.48437400e+02            1.36801948e-04            1.36684739e-04            3.17712891e-05            7.13045887e-05            3.35737550e-05            3.51061161e-08            1.72867150e-21            1.12702284e-65
            1.49028487e+02            1.34161294e-04            1.34025400e-04            3.12703303e-05            7.00259923e-05            3.26959905e-05            3.30869819e-08            1.43438660e-21            6.21450326e-66
            1.49621927e+02            1.31563482e-04            1.31409683e-04            3.07753226e-05            6.87653682e-05            3.18378157e-05            3.11766238e-08            1.18931593e-21            3.41861864e-66
            1.50217730e+02            1.29007969e-04            1.28837032e-04            3.02862265e-05            6.75225535e-05            3.09988822e-05            2.93696088e-08            9.85381118e-22            1.87612308e-66
            1.50815905e+02            1.26494216e-04            1.26306894e-04            2.98030020e-05            6.62973853e-05            3.01788455e-05            2.76607520e-08            8.15804188e-22            1.02715105e-66
            1.51416463e+02            1.24021689e-04            1.23818721e-04            2.93256092e-05            6.50897010e-05            2.93773654e-05            2.60451063e-08            6.74902479e-22            5.61003391e-67
            1.52019412e+02            1.21589857e-04            1.21371970e-04            2.88540080e-05            6.38993380e-05            2.85941057e-05            2.45179527e-08            5.57915227e-22            3.05668509e-67
            1.52624762e+02            1.19198195e-04            1.18966101e-04            2.83881581e-05            6.27261340e-05            2.78287345e-05            2.30747909e-08            4.60857009e-22            1.66144429e-67
            1.53232522e+02            1.16846183e-04            1.16600581e-04            2.79280192e-05            6.15699268e-05            2.70809238e-05            2.17113303e-08            3.80394003e-22            9.00879195e-68
            1.53842703e+02            1.14533303e-04            1.14274879e-04            2.74735507e-05            6.04305544e-05            2.63503499e-05            2.04234808e-08            3.13739565e-22            4.87291488e-68
            1.54455314e+02            1.12259044e-04            1.11988467e-04            2.70247121e-05            5.93078550e-05            2.56366929e-05            1.92073452e-08            2.58566206e-22            2.62934982e-68
            1.55070363e+02            1.10022899e-04            1.09740826e-04            2.65814626e-05            5.82016671e-05            2.49396373e-05            1.80592100e-08            2.12931421e-22            1.41527541e-68
            1.55687863e+02            1.07824363e-04            1.07531438e-04            2.61437614e-05            5.71118294e-05            2.42588714e-05            1.69755385e-08            1.75215260e-22            7.59910333e-69
            1.56307821e+02            1.05662939e-04            1.05359789e-04            2.57115676e-05            5.60381808e-05            2.35940877e-05            1.59529629e-08            1.44067809e-22            4.07012989e-69
            1.56930247e+02            1.03538132e-04            1.03225372e-04            2.52848401e-05            5.49805607e-05            2.29449826e-05            1.49882768e-08            1.18365048e-22            2.17457524e-69
            1.57555152e+02            1.01449451e-04            1.01127682e-04            2.48635378e-05            5.39388086e-05            2.23112566e-05            1.40784286e-08            9.71717815e-23            1.15892827e-69
            1.58182546e+02            9.93964130e-05            9.90662189e-05            2.44476196e-05            5.29127646e-05            2.16926143e-05            1.32205145e-08            7.97105223e-23            6.16098720e-70
            1.58812438e+02            9.73785350e-05            9.70404886e-05            2.40370441e-05            5.19022688e-05            2.10887640e-05            1.24117722e-08            6.53354053e-23            3.26701671e-70
            1.59444838e+02            9.53953409e-05            9.50499997e-05            2.36317699e-05            5.09071619e-05            2.04994183e-05            1.16495748e-08            5.35103272e-23            1.72804621e-70
            1.60079757e+02            9.34463582e-05            9.30942656e-05            2.32317558e-05            4.99272849e-05            1.99242934e-05            1.09314242e-08            4.37906443e-23            9.11712537e-71
            1.60717204e+02            9.15311190e-05            9.11728043e-05            2.28369601e-05            4.89624793e-05            1.93631098e-05            1.02549461e-08            3.58078628e-23            4.79793870e-71
            1.61357189e+02            8.96491596e-05            8.92851380e-05            2.24473414e-05            4.80125870e-05            1.88155917e-05            9.61788423e-09            2.92568404e-23            2.51849593e-71
            1.61999722e+02            8.78000206e-05            8.74307935e-05            2.20628581e-05            4.70774502e-05            1.82814671e-05            9.01809468e-09            2.38850973e-23            1.31860033e-71
            1.62644814e+02            8.59832471e-05            8.56093017e-05            2.16834685e-05            4.61569116e-05            1.77604681e-05            8.45354130e-09            1.94838953e-23            6.88598441e-72
            1.63292475e+02            8.41983884e-05            8.38201983e-05            2.13091309e-05            4.52508145e-05            1.72523305e-05            7.92229056e-09            1.58807987e-23            3.58670258e-72
            1.63942715e+02            8.24449980e-05            8.20630228e-05            2.09398037e-05            4.43590026e-05            1.67567940e-05            7.42250687e-09            1.29334764e-23            1.86335969e-72
            1.64595545e+02            8.07226338e-05            8.03373197e-05            2.05754450e-05            4.34813202e-05            1.62736021e-05            6.95244812e-09            1.05245413e-23            9.65529471e-73
            1.65250974e+02            7.90308580e-05            7.86426374e-05            2.02160132e-05            4.26176118e-05            1.58025019e-05            6.51046134e-09            8.55725829e-24            4.98996353e-73
            1.65909012e+02            7.73692369e-05            7.69785290e-05            1.98614664e-05            4.17677230e-05            1.53432447e-05            6.09497852e-09            6.95197564e-24            2.57209899e-73
            1.66569672e+02            7.57373412e-05            7.53445516e-05            1.95117628e-05            4.09314993e-05            1.48955850e-05            5.70451268e-09            5.64316249e-24            1.32230583e-73
            1.67232962e+02            7.41347457e-05            7.37402670e-05            1.91668607e-05            4.01087874e-05            1.44592813e-05            5.33765404e-09            4.57694984e-24            6.77993464e-74
            1.67898893e+02            7.25610296e-05            7.21652412e-05            1.88267181e-05            3.92994341e-05            1.40340959e-05            4.99306637e-09            3.70909191e-24            3.46708015e-74
            1.68567476e+02            7.10157759e-05            7.06190445e-05            1.84912934e-05            3.85032870e-05            1.36197946e-05            4.66948349e-09            3.00327736e-24            1.76824499e-74
            1.69238721e+02            6.94985723e-05            6.91012515e-05            1.81605446e-05            3.77201944e-05            1.32161467e-05            4.36570592e-09            2.42973129e-24            8.99407596e-75
            1.69912639e+02            6.80090104e-05            6.76114413e-05            1.78344301e-05            3.69500052e-05            1.28229255e-05            4.08059767e-09            1.96405910e-24            4.56248648e-75
            1.70589241e+02            6.65466858e-05            6.61491971e-05            1.75129079e-05            3.61925687e-05            1.24399074e-05            3.81308320e-09            1.58629115e-24            2.30819714e-75
            1.71268537e+02            6.51111985e-05            6.47141065e-05            1.71959364e-05            3.54477351e-05            1.20668728e-05            3.56214442e-09            1.28009390e-24            1.16457055e-75
            1.71950539e+02            6.37021524e-05            6.33057614e-05            1.68834739e-05            3.47153553e-05            1.17036054e-05            3.32681795e-09            1.03211921e-24            5.85970304e-76
            1.72635256e+02            6.23191558e-05            6.19237579e-05            1.65754786e-05            3.39952808e-05            1.13498924e-05            3.10619240e-09            8.31467974e-25            2.94034035e-76
            1.73322699e+02            6.09618209e-05            6.05676965e-05            1.62719089e-05            3.32873638e-05            1.10055245e-05            2.89940578e-09            6.69248393e-25            1.47138750e-76
            1.74012880e+02            5.96297638e-05            5.92371818e-05            1.59727231e-05            3.25914572e-05            1.06702958e-05            2.70564309e-09            5.38212533e-25            7.34275831e-77
            1.74705809e+02            5.83226049e-05            5.79318227e-05            1.56778798e-05            3.19074147e-05            1.03440040e-05            2.52413396e-09            4.32457507e-25            3.65417506e-77
            1.75401498e+02            5.70399686e-05            5.66512323e-05            1.53873374e-05            3.12350908e-05            1.00264500e-05            2.35415038e-09            3.47180030e-25            1.81347939e-77
            1.76099957e+02            5.57814833e-05            5.53950280e-05            1.51010544e-05            3.05743406e-05            9.71743801e-06            2.19500459e-09            2.78474986e-25            8.97478908e-78
            1.76801197e+02            5.45467813e-05            5.41628313e-05            1.48189895e-05            2.99250200e-05            9.41677577e-06            2.04604704e-09            2.23170244e-25            4.42913998e-78
            1.77505229e+02            5.33354990e-05            5.29542679e-05            1.45411013e-05            2.92869857e-05            9.12427416e-06            1.90666443e-09            1.78691342e-25            2.17968254e-78
            1.78212065e+02            5.21472767e-05            5.17689676e-05            1.42673486e-05            2.86600953e-05            8.83974737e-06            1.77627784e-09            1.42950716e-25            1.06964805e-78
            1.78921716e+02            5.09817587e-05            5.06065645e-05            1.39976902e-05            2.80442072e-05            8.56301281e-06            1.65434100e-09            1.14257109e-25            5.23428662e-79
            1.79634192e+02            4.98385932e-05            4.94666967e-05            1.37320850e-05            2.74391803e-05            8.29389110e-06            1.54033852e-09            9.12415507e-26            2.55410138e-79
            1.80349506e+02            4.87174323e-05            4.83490066e-05            1.34704920e-05            2.68448748e-05            8.03220603e-06            1.43378437e-09            7.27969320e-26            1.24273313e-79
            1.81067668e+02            4.76179319e-05            4.72531404e-05            1.32128702e-05            2.62611514e-05            7.77778451e-06            1.33422027e-09            5.80287127e-26            6.02936807e-80
            1.81788690e+02            4.65397520e-05            4.61787485e-05            1.29591790e-05            2.56878718e-05            7.53045657e-06            1.24121428e-09            4.62147579e-26            2.91685558e-80
            1.82512583e+02            4.54825562e-05            4.51254856e-05            1.27093775e-05            2.51248985e-05            7.29005531e-06            1.15435937e-09            3.67726352e-26            1.40702653e-80
            1.83239358e+02            4.44460122e-05            4.40930101e-05            1.24634251e-05            2.45720949e-05            7.05641687e-06            1.07327211e-09            2.92330131e-26            6.76750957e-81
            1.83969028e+02            4.34297911e-05            4.30809846e-05            1.22212813e-05            2.40293254e-05            6.82938038e-06            9.97591409e-10            2.32180420e-26            3.24556028e-81
            1.84701603e+02            4.24335683e-05            4.20890757e-05            1.19829058e-05            2.34964549e-05            6.60878798e-06            9.26977294e-10            1.84237999e-26            1.55195688e-81
            1.85437096e+02            4.14570225e-05            4.11169539e-05            1.17482583e-05            2.29733498e-05            6.39448472e-06            8.61109796e-10            1.46060519e-26            7.39935271e-82
            1.86175517e+02            4.04998364e-05            4.01642937e-05            1.15172985e-05            2.24598769e-05            6.18631857e-06            7.99687847e-10            1.15687089e-26            3.51744113e-82
            1.86916878e+02            3.95616965e-05            3.92307735e-05            1.12899866e-05            2.19559041e-05            5.98414036e-06            7.42428245e-10            9.15448200e-27            1.66714691e-82
            1.87661192e+02            3.86422927e-05            3.83160758e-05            1.10662825e-05            2.14613004e-05            5.78780379e-06            6.89064683e-10            7.23732165e-27            7.87824919e-83
            1.88408470e+02            3.77413190e-05            3.74198867e-05            1.08461467e-05            2.09759354e-05            5.59716534e-06            6.39346805e-10            5.71630749e-27            3.71183976e-83
            1.89158723e+02            3.68584726e-05            3.65418965e-05            1.06295393e-05            2.04996799e-05            5.41208427e-06            5.93039331e-10            4.51071386e-27            1.74360147e-83
            1.89911964e+02            3.59934548e-05            3.56817991e-05            1.04164210e-05            2.00324056e-05            5.23242260e-06            5.49921209e-10            3.55602937e-27            8.16579654e-84
            1.90668204e+02            3.51459702e-05            3.48392923e-05            1.02067524e-05            1.95739851e-05            5.05804502e-06            5.09784818e-10            2.80074864e-27            3.81274710e-84
            1.91427456e+02            3.43157270e-05            3.40140778e-05            1.00004944e-05            1.91242920e-05            4.88881893e-06            4.72435214e-10            2.20378907e-27            1.77484461e-84
            1.92189731e+02            3.35024373e-05            3.32058610e-05            9.79760796e-06            1.86832010e-05            4.72461435e-06            4.37689411e-10            1.73241273e-27            8.23683413e-85
            1.92955042e+02            3.27058163e-05            3.24143510e-05            9.59805419e-06            1.82505875e-05            4.56530390e-06            4.05375698e-10            1.36055627e-27            3.81094505e-85
            1.93723400e+02            3.19255832e-05            3.16392608e-05            9.40179442e-06            1.78263283e-05            4.41076278e-06            3.75332993e-10            1.06748995e-27            1.75781088e-85
            1.94494817e+02            3.11614603e-05            3.08803070e-05            9.20879011e-06            1.74103007e-05            4.26086873e-06            3.47410237e-10            8.36741982e-28            8.08301526e-86
            1.95269307e+02            3.04131736e-05            3.01372098e-05            9.01900292e-06            1.70023835e-05            4.11550198e-06            3.21465808e-10            6.55236578e-28            3.70536595e-86
            1.96046880e+02            2.96804525e-05            2.94096933e-05            8.83239466e-06            1.66024561e-05            3.97454523e-06            2.97366976e-10            5.12603821e-28            1.69332346e-86
            1.96827550e+02            2.89630299e-05            2.86974851e-05            8.64892733e-06            1.62103992e-05            3.83788364e-06            2.74989381e-10            4.00627717e-28            7.71426367e-87
            1.97611329e+02            2.82606422e-05            2.80003164e-05            8.46856312e-06            1.58260943e-05            3.70540474e-06            2.54216546e-10            3.12805156e-28            3.50339720e-87
            1.98398229e+02            2.75730288e-05            2.73179220e-05            8.29126438e-06            1.54494242e-05            3.57699845e-06            2.34939407e-10            2.43993847e-28            1.58605852e-87
            1.99188262e+02            2.68999330e-05            2.66500402e-05            8.11699366e-06            1.50802724e-05            3.45255700e-06            2.17055875e-10            1.90131555e-28            7.15778307e-88
            1.99981441e+02            2.62411011e-05            2.59964129e-05            7.94571372e-06            1.47185238e-05            3.33197495e-06            2.00470420e-10            1.48012424e-28            3.22004465e-88
            2.00777778e+02            2.55962828e-05            2.53567856e-05            7.77738750e-06            1.43640639e-05            3.21514910e-06            1.85093681e-10            1.15108944e-28            1.44398876e-88
            2.01577287e+02            2.49652312e-05            2.47309071e-05            7.61197813e-06            1.40167796e-05            3.10197851e-06            1.70842088e-10            8.94303998e-29            6.45474055e-89
            2.02379979e+02            2.43477024e-05            2.41185298e-05            7.44944895e-06            1.36765588e-05            2.99236441e-06            1.57637517e-10            6.94104316e-29            2.87608225e-89
            2.03185868e+02            2.37434562e-05            2.35194095e-05            7.28976352e-06            1.33432903e-05            2.88621022e-06            1.45406957e-10            5.38178137e-29            1.27739673e-89
            2.03994966e+02            2.31522552e-05            2.29333052e-05            7.13288558e-06            1.30168641e-05            2.78342149e-06            1.34082197e-10            4.16857236e-29            5.65518379e-90
            2.04807285e+02            2.25738654e-05            2.23599796e-05            6.97877910e-06            1.26971711e-05            2.68390585e-06            1.23599532e-10            3.22557299e-29            2.49550520e-90
            2.05622840e+02            2.20080560e-05            2.17991985e-05            6.82740825e-06            1.23841033e-05            2.58757303e-06            1.13899483e-10            2.49334790e-29            1.09762871e-90
            2.06441642e+02            2.14545992e-05            2.12507312e-05            6.67873744e-06            1.20775540e-05            2.49433476e-06            1.04926536e-10            1.92536732e-29            4.81207097e-91
            2.07263704e+02            2.09132706e-05            2.07143501e-05            6.53273128e-06            1.17774173e-05            2.40410482e-06            9.66288941e-11            1.48524210e-29            2.10272521e-91
            2.08089040e+02            2.03838487e-05            2.01898309e-05            6.38935459e-06            1.14835885e-05            2.31679891e-06            8.89582465e-11            1.14454286e-29            9.15801335e-92
            2.08917662e+02            1.98661150e-05            1.96769527e-05            6.24857246e-06            1.11959637e-05            2.23233469e-06            8.18695455e-11            8.81081823e-30            3.97541595e-92
            2.09749585e+02            1.93598543e-05            1.91754977e-05            6.11035015e-06            1.09144405e-05            2.15063174e-06            7.53208022e-11            6.77560371e-30            1.71996934e-92
            2.10584819e+02            1.88648542e-05            1.86852512e-05            5.97465320e-06            1.06389173e-05            2.07161148e-06            6.92728912e-11            5.20505744e-30            7.41668644e-93
            2.11423380e+02            1.83809055e-05            1.82060018e-05            5.84144734e-06            1.03692936e-05            1.99519722e-06            6.36893677e-11            3.99435832e-30            3.18745779e-93
            2.12265280e+02            1.79078019e-05            1.77375411e-05            5.71069857e-06            1.01054699e-05            1.92131403e-06            5.85362948e-11            3.06203863e-30            1.36526980e-93
            2.13110533e+02            1.74453400e-05            1.72796637e-05            5.58237312e-06            9.84734806e-06            1.84988879e-06            5.37820822e-11            2.34484767e-30            5.82808974e-94
            2.13959151e+02            1.69933194e-05            1.68321676e-05            5.45643743e-06            9.59483069e-06            1.78085013e-06            4.93973334e-11            1.79373011e-30            2.47948703e-94
            2.14811149e+02            1.65515425e-05            1.63948536e-05            5.33285821e-06            9.34782164e-06            1.71412839e-06            4.53547026e-11            1.37068046e-30            1.05128254e-94
            2.15666539e+02            1.61198148e-05            1.59675254e-05            5.21160241e-06            9.10622579e-06            1.64965559e-06            4.16287608e-11            1.04628538e-30            4.44214961e-95
            2.16525336e+02            1.56979444e-05            1.55499900e-05            5.09263722e-06            8.86994911e-06            1.58736543e-06            3.81958690e-11            7.97805546e-31            1.87058358e-95
            2.17387552e+02            1.52857423e-05            1.51420570e-05            4.97593009e-06            8.63889861e-06            1.52719322e-06            3.50340600e-11            6.07680145e-31            7.84992179e-96
            2.18253202e+02            1.48830225e-05            1.47435391e-05            4.86144869e-06            8.41298241e-06            1.46907588e-06            3.21229272e-11            4.62362151e-31            3.28285621e-96
            2.19122298e+02            1.44896015e-05            1.43542519e-05            4.74916097e-06            8.19210966e-06            1.41295187e-06            2.94435202e-11            3.51412222e-31            1.36814060e-96
            2.19994856e+02            1.41052987e-05            1.39740139e-05            4.63903511e-06            7.97619062e-06            1.35876123e-06            2.69782471e-11            2.66794533e-31            5.68193077e-97
            2.20870888e+02            1.37299362e-05            1.36026464e-05            4.53103958e-06            7.76513658e-06            1.30644549e-06            2.47107827e-11            2.02330137e-31            2.35148088e-97
            2.21750409e+02            1.33633388e-05            1.32399733e-05            4.42514307e-06            7.55885990e-06            1.25594765e-06            2.26259827e-11            1.53273091e-31            9.69753206e-98
            2.22633431e+02            1.30053340e-05            1.28858215e-05            4.32131454e-06            7.35727403e-06            1.20721219e-06            2.07098030e-11            1.15982120e-31            3.98519133e-98
            2.23519970e+02            1.26557518e-05            1.25400206e-05            4.21952322e-06            7.16029345e-06            1.16018499e-06            1.89492249e-11            8.76665753e-32            1.63192130e-98
            2.24410040e+02            1.23144250e-05            1.22024030e-05            4.11973858e-06            6.96783372e-06            1.11481333e-06            1.73321839e-11            6.61900932e-32            6.65894155e-99
            2.25303653e+02            1.19811891e-05            1.18728035e-05            4.02193038e-06            6.77981142e-06            1.07104589e-06            1.58475039e-11            4.99190107e-32            2.70745348e-99
            2.26200825e+02            1.16558817e-05            1.15510600e-05            3.92606860e-06            6.59614423e-06            1.02883265e-06            1.44848357e-11            3.76054714e-32            1.09688334e-99
            2.27101570e+02            1.13383435e-05            1.12370126e-05            3.83212354e-06            6.41675084e-06            9.88124935e-07            1.32345992e-11            2.82973816e-32           4.42789502e-100
            2.28005902e+02            1.10284175e-05            1.09305042e-05            3.74006572e-06            6.24155101e-06            9.48875344e-07            1.20879291e-11            2.12691270e-32           1.78100610e-100
            2.28913834e+02            1.07259489e-05            1.06313803e-05            3.64986596e-06            6.07046553e-06            9.11037744e-07            1.10366250e-11            1.59683232e-32           7.13770292e-101
            2.29825382e+02            1.04307860e-05            1.03394889e-05            3.56149531e-06            5.90341623e-06            8.74567237e-07            1.00731039e-11            1.19749370e-32           2.85016647e-101
            2.30740560e+02            1.01427789e-05            1.00546804e-05            3.47492513e-06            5.74032598e-06            8.39420137e-07            9.19035660e-12            8.96993834e-33           1.13395125e-101
            2.31659382e+02            9.86178049e-06            9.77680803e-06            3.39012702e-06            5.58111868e-06            8.05553943e-07            8.38190631e-12            6.71128984e-33           4.49494749e-102
            2.32581863e+02            9.58764602e-06            9.50572707e-06            3.30707287e-06            5.42571924e-06            7.72927311e-07            7.64177067e-12            5.01557650e-33           1.77522985e-102
            2.33508017e+02            9.32023301e-06            9.24129545e-06            3.22573482e-06            5.27405362e-06            7.41500038e-07            6.96442594e-12            3.74396734e-33           6.98518511e-103
            2.34437860e+02            9.05940137e-06            8.98337346e-06            3.14608530e-06            5.12604878e-06            7.11233027e-07            6.34477369e-12            2.79149959e-33           2.73834529e-103
            2.35371405e+02            8.80501332e-06            8.73182376e-06            3.06809701e-06            4.98163270e-06            6.82088270e-07            5.77810990e-12            2.07890859e-33           1.06949569e-103
            2.36308667e+02            8.55693337e-06            8.48651135e-06            2.99174291e-06            4.84073435e-06            6.54028821e-07            5.26009596e-12            1.54640593e-33           4.16144304e-104
            2.37249662e+02            8.31502830e-06            8.24730355e-06            2.91699626e-06            4.70328373e-06            6.27018776e-07            4.78673185e-12            1.14894669e-33           1.61315644e-104
            2.38194404e+02            8.07916711e-06            8.01406997e-06            2.84383056e-06            4.56921182e-06            6.01023243e-07            4.35433109e-12            8.52633657e-34           6.22974305e-105
            2.39142907e+02            7.84922104e-06            7.78668249e-06            2.77221960e-06            4.43845060e-06            5.76008328e-07            3.95949743e-12            6.31988593e-34           2.39672590e-105
            2.40095188e+02            7.62506351e-06            7.56501519e-06            2.70213746e-06            4.31093302e-06            5.51941105e-07            3.59910317e-12            4.67883928e-34           9.18575044e-106
            2.41051261e+02            7.40657010e-06            7.34894438e-06            2.63355847e-06            4.18659304e-06            5.28789598e-07            3.27026908e-12            3.45976876e-34           3.50713410e-106
            2.42011141e+02            7.19361852e-06            7.13834855e-06            2.56645725e-06            4.06536558e-06            5.06522757e-07            2.97034561e-12            2.55525359e-34           1.33390517e-106
            2.42974843e+02            6.98608863e-06            6.93310833e-06            2.50080868e-06            3.94718651e-06            4.85110440e-07            2.69689553e-12            1.88493705e-34           5.05388976e-107
            2.43942383e+02            6.78386233e-06            6.73310647e-06            2.43658794e-06            3.83199269e-06            4.64523386e-07            2.44767777e-12            1.38878020e-34           1.90742793e-107
            2.44913775e+02            6.58682363e-06            6.53822782e-06            2.37377047e-06            3.71972193e-06            4.44733199e-07            2.22063243e-12            1.02197885e-34           7.17109365e-108
            2.45889036e+02            6.39485854e-06            6.34835930e-06            2.31233197e-06            3.61031299e-06            4.25712326e-07            2.01386690e-12            7.51138331e-35           2.68553504e-108
            2.46868180e+02            6.20785511e-06            6.16338986e-06            2.25224845e-06            3.50370556e-06            4.07434037e-07            1.82564287e-12            5.51398337e-35           1.00179229e-108
            2.47851224e+02            6.02570337e-06            5.98321049e-06            2.19349615e-06            3.39984028e-06            3.89872404e-07            1.65436446e-12            4.04274520e-35           3.72236727e-109
            2.48838181e+02            5.84829532e-06            5.80771414e-06            2.13605164e-06            3.29865872e-06            3.73002281e-07            1.49856708e-12            2.96040106e-35           1.37768090e-109
            2.49829069e+02            5.67552490e-06            5.63679573e-06            2.07989171e-06            3.20010337e-06            3.56799290e-07            1.35690717e-12            2.16513937e-35           5.07877667e-110
            2.50823903e+02            5.50728796e-06            5.47035211e-06            2.02499345e-06            3.10411764e-06            3.41239793e-07            1.22815266e-12            1.58153985e-35           1.86484960e-110
            2.51822698e+02            5.34348225e-06            5.30828207e-06            1.97133422e-06            3.01064585e-06            3.26300883e-07            1.11117422e-12            1.15380190e-35           6.82018029e-111
            2.52825470e+02            5.18400739e-06            5.15048624e-06            1.91889167e-06            2.91963321e-06            3.11960359e-07            1.00493705e-12            8.40692204e-36           2.48432463e-111
            2.53832236e+02            5.02876483e-06            4.99686713e-06            1.86764368e-06            2.83102582e-06            2.98196711e-07            9.08493383e-13            6.11780008e-36           9.01310340e-112
            2.54843010e+02            4.87765785e-06            4.84732908e-06            1.81756845e-06            2.74477071e-06            2.84989101e-07            8.20975502e-13            4.44635211e-36           3.25676878e-112
            2.55857810e+02            4.73059154e-06            4.70177823e-06            1.76864441e-06            2.66081573e-06            2.72317348e-07            7.41589292e-13            3.22745758e-36           1.17203096e-112
            2.56876650e+02            4.58747273e-06            4.56012250e-06            1.72085028e-06            2.57910964e-06            2.60161908e-07            6.69608300e-13            2.33971607e-36           4.20072074e-113
            2.57899548e+02            4.44821004e-06            4.42227158e-06            1.67416505e-06            2.49960206e-06            2.48503860e-07            6.04368237e-13            1.69398472e-36           1.49945720e-113
            2.58926519e+02            4.31271378e-06            4.28813688e-06            1.62856798e-06            2.42224346e-06            2.37324887e-07            5.45261905e-13            1.22489066e-36           5.33043688e-114
            2.59957579e+02            4.18089597e-06            4.15763150e-06            1.58403860e-06            2.34698515e-06            2.26607264e-07            4.91734520e-13            8.84554172e-37           1.88713474e-114
            2.60992745e+02            4.05267033e-06            4.03067026e-06            1.54055668e-06            2.27377930e-06            2.16333837e-07            4.43279396e-13            6.37952865e-37           6.65345567e-115
            2.62032033e+02            3.92795221e-06            3.90716959e-06            1.49810229e-06            2.20257889e-06            2.06488012e-07            3.99433964e-13            4.59502155e-37           2.33608546e-115
            2.63075460e+02            3.80665860e-06            3.78704760e-06            1.45665575e-06            2.13333775e-06            1.97053738e-07            3.59776105e-13            3.30536227e-37           8.16808233e-116
            2.64123041e+02            3.68870812e-06            3.67022396e-06            1.41619764e-06            2.06601051e-06            1.88015492e-07            3.23920777e-13            2.37454755e-37           2.84403018e-116
            2.65174794e+02            3.57402095e-06            3.55661997e-06            1.37670882e-06            2.00055260e-06            1.79358265e-07            2.91516901e-13            1.70361204e-37           9.86106388e-117
            2.66230735e+02            3.46251885e-06            3.44615846e-06            1.33817038e-06            1.93692027e-06            1.71067549e-07            2.62244503e-13            1.22063629e-37           3.40472121e-117
            2.67290882e+02            3.35412511e-06            3.33876381e-06            1.30056371e-06            1.87507054e-06            1.63129320e-07            2.35812077e-13            8.73424391e-38           1.17057773e-117
            2.68355249e+02            3.24876457e-06            3.23436192e-06            1.26387043e-06            1.81496125e-06            1.55530026e-07            2.11954167e-13            6.24145031e-38           4.00749098e-118
            2.69423855e+02            3.14636352e-06            3.13288016e-06            1.22807243e-06            1.75655096e-06            1.48256576e-07            1.90429142e-13            4.45414733e-38           1.36612705e-118
            2.70496716e+02            3.04684978e-06            3.03424739e-06            1.19315185e-06            1.69979904e-06            1.41296322e-07            1.71017149e-13            3.17438928e-38           4.63712166e-119
            2.71573850e+02            2.95015258e-06            2.93839390e-06            1.15909110e-06            1.64466560e-06            1.34637052e-07            1.53518238e-13            2.25927976e-38           1.56724661e-119
            2.72655272e+02            2.85620261e-06            2.84525143e-06            1.12587282e-06            1.59111150e-06            1.28266971e-07            1.37750637e-13            1.60580102e-38           5.27412227e-120
            2.73741001e+02            2.76493196e-06            2.75475308e-06            1.09347991e-06            1.53909834e-06            1.22174695e-07            1.23549169e-13            1.13978515e-38           1.76717512e-120
            2.74831054e+02            2.67627411e-06            2.66683336e-06            1.06189555e-06            1.48858846e-06            1.16349235e-07            1.10763808e-13            8.07907157e-39           5.89546438e-121
            2.75925447e+02            2.59016392e-06            2.58142813e-06            1.03110312e-06            1.43954492e-06            1.10779988e-07            9.92583407e-14            5.71879794e-39           1.95820412e-121
            2.77024198e+02            2.50653758e-06            2.49847458e-06            1.00108629e-06            1.39193147e-06            1.05456722e-07            8.89091532e-14            4.04250452e-39           6.47577645e-122
            2.78127324e+02            2.42533261e-06            2.41791122e-06            9.71828958e-07            1.34571261e-06            1.00369568e-07            7.96041140e-14            2.85362146e-39           2.13212221e-122
            2.79234843e+02            2.34648786e-06            2.33967784e-06            9.43315261e-07            1.30085350e-06            9.55090089e-08            7.12415516e-14            2.01159204e-39           6.98893625e-123
            2.80346772e+02            2.26994343e-06            2.26371553e-06            9.15529591e-07            1.25732001e-06            9.08658679e-08            6.37293197e-14            1.41605053e-39           2.28076821e-123
            2.81463129e+02            2.19564071e-06            2.18996661e-06            8.88456576e-07            1.21507868e-06            8.64312977e-08            5.69839418e-14            9.95429456e-40           7.40993893e-124
            2.82583931e+02            2.12352233e-06            2.11837462e-06            8.62081084e-07            1.17409671e-06            8.21967714e-08            5.09298289e-14            6.98767498e-40           2.39664551e-124
            2.83709197e+02            2.05353215e-06            2.04888433e-06            8.36388220e-07            1.13434199e-06            7.81540721e-08            4.54985652e-14            4.89827261e-40           7.71686543e-125
            2.84838943e+02            1.98561522e-06            1.98144170e-06            8.11363328e-07            1.09578304e-06            7.42952834e-08            4.06282546e-14            3.42877365e-40           2.47353598e-125
            2.85973188e+02            1.91971778e-06            1.91599384e-06            7.86991983e-07            1.05838904e-06            7.06127799e-08            3.62629252e-14            2.39672300e-40           7.89274208e-126
            2.87111949e+02            1.85578726e-06            1.85248903e-06            7.63259993e-07            1.02212979e-06            6.70992180e-08            3.23519846e-14            1.67292926e-40           2.50704501e-126
            2.88255246e+02            1.79377220e-06            1.79087668e-06            7.40153398e-07            9.86975728e-07            6.37475272e-08            2.88497239e-14            1.16604565e-40           7.92707603e-127
            2.89403095e+02            1.73362229e-06            1.73110730e-06            7.17658465e-07            9.52897907e-07            6.05509011e-08            2.57148652e-14            8.11576177e-41           2.49501231e-127
            2.90555514e+02            1.67528834e-06            1.67313249e-06            6.95761689e-07            9.19867992e-07            5.75027887e-08            2.29101487e-14            5.64048318e-41           7.81687574e-128
            2.91712523e+02            1.61872221e-06            1.61690494e-06            6.74449789e-07            8.87858247e-07            5.45968869e-08            2.04019576e-14            3.91448028e-41           2.43773565e-128
            2.92874139e+02            1.56387688e-06            1.56237839e-06            6.53709707e-07            8.56841529e-07            5.18271315e-08            1.81599752e-14            2.71269014e-41           7.56702039e-129
            2.94040381e+02            1.51070635e-06            1.50950759e-06            6.33528605e-07            8.26791277e-07            4.91876901e-08            1.61568742e-14            1.87711997e-41           2.33797611e-129
            2.95211266e+02            1.45916567e-06            1.45824834e-06            6.13893866e-07            7.97681508e-07            4.66729539e-08            1.43680329e-14            1.29702130e-41           7.18991978e-130
            2.96386814e+02            1.40921090e-06            1.40855744e-06            5.94793087e-07            7.69486805e-07            4.42775306e-08            1.27712780e-14            8.94876050e-42           2.20074005e-130
            2.97567044e+02            1.36079910e-06            1.36039264e-06            5.76214082e-07            7.42182306e-07            4.19962371e-08            1.13466503e-14            6.16505306e-42           6.70449471e-131
            2.98751973e+02            1.31388831e-06            1.31371268e-06            5.58144876e-07            7.15743701e-07            3.98240923e-08            1.00761920e-14            4.24098124e-42           2.03286159e-131
            2.99941620e+02            1.26843755e-06            1.26847725e-06            5.40573705e-07            6.90147221e-07            3.77563105e-08            8.94375392e-15            2.91305656e-42           6.13459410e-132
            3.01136005e+02            1.22440677e-06            1.22464695e-06            5.23489015e-07            6.65369629e-07            3.57882945e-08            7.93481984e-15            1.99793770e-42           1.84243385e-132
            3.02335146e+02            1.18175684e-06            1.18218330e-06            5.06879456e-07            6.41388210e-07            3.39156293e-08            7.03634785e-15            1.36824174e-42           5.50703418e-133
            3.03539062e+02            1.14044958e-06            1.14104873e-06            4.90733884e-07            6.18180768e-07            3.21340755e-08            6.23662612e-15            9.35597391e-43           1.63815561e-133
            3.04747772e+02            1.10044767e-06            1.10120654e-06            4.75041357e-07            5.95725613e-07            3.04395638e-08            5.52514229e-15            6.38789599e-43           4.84948627e-134
            3.05961295e+02            1.06171469e-06            1.06262088e-06            4.59791131e-07            5.74001552e-07            2.88281884e-08            4.89246519e-15            4.35478501e-43           1.42866749e-134
            3.07179650e+02            1.02421507e-06            1.02525675e-06            4.44972662e-07            5.52987886e-07            2.72962017e-08            4.33013768e-15            2.96423768e-43           4.18844729e-135
            3.08402857e+02            9.87914099e-07            9.89080009e-07            4.30575601e-07            5.32664396e-07            2.58400084e-08            3.83057980e-15            2.01462449e-43           1.22194876e-135
            3.09630935e+02            9.52777893e-07            9.54057294e-07            4.16589791e-07            5.13011340e-07            2.44561602e-08            3.38700104e-15            1.36712218e-43           3.54750109e-136
            3.10863903e+02            9.18773383e-07            9.20156061e-07            4.03005269e-07            4.94009439e-07            2.31413507e-08            2.99332110e-15            9.26296503e-44           1.02483322e-136
            3.12101781e+02            8.85868300e-07            8.87344545e-07            3.89812258e-07            4.75639874e-07            2.18924098e-08            2.64409831e-15            6.26642033e-44           2.94602514e-137
            3.13344588e+02            8.54031162e-07            8.55591749e-07            3.77001170e-07            4.57884278e-07            2.07062992e-08            2.33446494e-15            4.23265767e-44           8.42682066e-138
            3.14592344e+02            8.23231254e-07            8.24867434e-07            3.64562600e-07            4.40724724e-07            1.95801074e-08            2.06006878e-15            2.85448785e-44           2.39842706e-138
            3.15845069e+02            7.93438618e-07            7.95142095e-07            3.52487327e-07            4.24143721e-07            1.85110453e-08            1.81702055e-15            1.92203806e-44           6.79228850e-139
            3.17102782e+02            7.64624034e-07            7.66386954e-07            3.40766309e-07            4.08124203e-07            1.74964410e-08            1.60184632e-15            1.29214658e-44           1.91392062e-139
            3.18365504e+02            7.36759008e-07            7.38573943e-07            3.29390682e-07            3.92649524e-07            1.65337362e-08            1.41144475e-15            8.67311048e-45           5.36588326e-140
            3.19633253e+02            7.09815758e-07            7.11675691e-07            3.18351757e-07            3.77703451e-07            1.56204815e-08            1.24304850e-15            5.81230682e-45           1.49678457e-140
            3.20906051e+02            6.83767197e-07            6.85665506e-07            3.07641020e-07            3.63270153e-07            1.47543325e-08            1.09418953e-15            3.88892886e-45           4.15402778e-141
            3.22183918e+02            6.58586922e-07            6.60517368e-07            2.97250126e-07            3.49334195e-07            1.39330457e-08            9.62667798e-16            2.59786466e-45           1.14699817e-141
            3.23466872e+02            6.34249199e-07            6.36205909e-07            2.87170902e-07            3.35880532e-07            1.31544747e-08            8.46523209e-16            1.73262803e-45           3.15086976e-142
            3.24754936e+02            6.10728949e-07            6.12706405e-07            2.77395339e-07            3.22894499e-07            1.24165664e-08            7.44010296e-16            1.15370205e-45           8.61120088e-143
            3.26048129e+02            5.88001733e-07            5.89994757e-07            2.67915594e-07            3.10361806e-07            1.17173576e-08            6.53575537e-16            7.66970589e-46           2.34128148e-143
            3.27346471e+02            5.66043745e-07            5.68047485e-07            2.58723984e-07            2.98268529e-07            1.10549712e-08            5.73836948e-16            5.09046763e-46           6.33273402e-144
            3.28649983e+02            5.44831789e-07            5.46841709e-07            2.49812989e-07            2.86601106e-07            1.04276132e-08            5.03565783e-16            3.37308868e-46           1.70399221e-144
            3.29958687e+02            5.24343276e-07            5.26355139e-07            2.41175244e-07            2.75346325e-07            9.83356907e-09            4.41670106e-16            2.23144469e-46           4.56114310e-145
            3.31272601e+02            5.04556206e-07            5.06566063e-07            2.32803542e-07            2.64491320e-07            9.27120098e-09            3.87180065e-16            1.47377079e-46           1.21450829e-145
            3.32591747e+02            4.85449154e-07            4.87453337e-07            2.24690827e-07            2.54023565e-07            8.73894442e-09            3.39234690e-16            9.71754082e-47           3.21690984e-146
            3.33916147e+02            4.67001264e-07            4.68996365e-07            2.16830196e-07            2.43930864e-07            8.23530544e-09            2.97070074e-16            6.39679676e-47           8.47578244e-147
            3.35245820e+02            4.49192230e-07            4.51175097e-07            2.09214892e-07            2.34201346e-07            7.75885778e-09            2.60008784e-16            4.20383454e-47           2.22133505e-147
            3.36580788e+02            4.32002288e-07            4.33970010e-07            2.01838309e-07            2.24823461e-07            7.30824011e-09            2.27450393e-16            2.75805346e-47           5.79071924e-148
            3.37921072e+02            4.15412203e-07            4.17362102e-07            1.94693982e-07            2.15785967e-07            6.88215342e-09            1.98863006e-16            1.80647043e-47           1.50150194e-148
            3.39266693e+02            3.99403260e-07            4.01332876e-07            1.87775588e-07            2.07077929e-07            6.47935846e-09            1.73775691e-16            1.18121035e-47           3.87244253e-149
            3.40617673e+02            3.83957246e-07            3.85864331e-07            1.81076947e-07            1.98688710e-07            6.09867323e-09            1.51771714e-16            7.71061340e-48           9.93345798e-150
            3.41974032e+02            3.69056447e-07            3.70938952e-07            1.74592014e-07            1.90607967e-07            5.73897070e-09            1.32482501e-16            5.02473292e-48           2.53432905e-150
            3.43335792e+02            3.54683631e-07            3.56539698e-07            1.68314882e-07            1.82825640e-07            5.39917642e-09            1.15582245e-16            3.26886113e-48           6.43077386e-151
            3.44702975e+02            3.40822040e-07            3.42649992e-07            1.62239775e-07            1.75331951e-07            5.07826639e-09            1.00783103e-16            2.12293375e-48           1.62290001e-151
            3.46075602e+02            3.27455377e-07            3.29253709e-07            1.56361050e-07            1.68117394e-07            4.77526491e-09            8.78309098e-17            1.37635333e-48           4.07323184e-152
            3.47453695e+02            3.14567798e-07            3.16335169e-07            1.50673194e-07            1.61172732e-07            4.48924251e-09            7.65013585e-17            8.90787231e-49           1.01670711e-152
            3.48837275e+02            3.02143902e-07            3.03879123e-07            1.45170820e-07            1.54488988e-07            4.21931401e-09            6.65966029e-17            5.75526858e-49           2.52378543e-153
            3.50226365e+02            2.90168718e-07            2.91870746e-07            1.39848666e-07            1.48057443e-07            3.96463661e-09            5.79422316e-17            3.71194710e-49           6.23016121e-154
            3.51620987e+02            2.78627695e-07            2.80295628e-07            1.34701594e-07            1.41869626e-07            3.72440806e-09            5.03845769e-17            2.38989887e-49           1.52942022e-154
            3.53021162e+02            2.67506696e-07            2.69139760e-07            1.29724585e-07            1.35917310e-07            3.49786490e-09            4.37883230e-17            1.53601625e-49           3.73357969e-155
            3.54426912e+02            2.56791985e-07            2.58389530e-07            1.24912741e-07            1.30192509e-07            3.28428076e-09            3.80343805e-17            9.85479528e-50           9.06328020e-156
            3.55838260e+02            2.46470219e-07            2.48031709e-07            1.20261279e-07            1.24687466e-07            3.08296477e-09            3.30179990e-17            6.31148957e-50           2.18774681e-156
            3.57255229e+02            2.36528436e-07            2.38053446e-07            1.15765531e-07            1.19394655e-07            2.89325993e-09            2.86470927e-17            4.03501860e-50           5.25110417e-157
            3.58677839e+02            2.26954051e-07            2.28442257e-07            1.11420943e-07            1.14306772e-07            2.71454168e-09            2.48407545e-17            2.57504933e-50           1.25324605e-157
            3.60106115e+02            2.17734843e-07            2.19186014e-07            1.07223071e-07            1.09416727e-07            2.54621639e-09            2.15279392e-17            1.64039647e-50           2.97402325e-158
            3.61540078e+02            2.08858946e-07            2.10272944e-07            1.03167578e-07            1.04717646e-07            2.38772001e-09            1.86462972e-17            1.04311518e-50           7.01721554e-159
            3.62979752e+02            2.00314841e-07            2.01691611e-07            9.92502367e-08            1.00202857e-07            2.23851671e-09            1.61411408e-17            6.62113992e-51           1.64621975e-159
            3.64425158e+02            1.92091352e-07            1.93430914e-07            9.54669223e-08            9.58658938e-08            2.09809763e-09            1.39645305e-17            4.19514726e-51           3.83975390e-160
            3.65876320e+02            1.84177628e-07            1.85480077e-07            9.18136136e-08            9.17004838e-08            1.96597962e-09            1.20744665e-17            2.65321515e-51           8.90433679e-161
            3.67333260e+02            1.76563145e-07            1.77828642e-07            8.82863903e-08            8.77005474e-08            1.84170409e-09            1.04341737e-17            1.67496370e-51           2.05292152e-161
            3.68796002e+02            1.69237690e-07            1.70466458e-07            8.48814309e-08            8.38601918e-08            1.72483582e-09            9.01147058e-18            1.05546259e-51           4.70549841e-162
            3.70264569e+02            1.62191360e-07            1.63383680e-07            8.15950111e-08            8.01737065e-08            1.61496196e-09            7.77821191e-18            6.63867852e-52           1.07223833e-162
            3.71738984e+02            1.55414547e-07            1.56570751e-07            7.84235018e-08            7.66355585e-08            1.51169091e-09            6.70979661e-18            4.16791257e-52           2.42895402e-163
            3.73219270e+02            1.48897937e-07            1.50018407e-07            7.53633674e-08            7.32403882e-08            1.41465137e-09            5.78473422e-18            2.61186387e-52           5.46989943e-164
            3.74705450e+02            1.42632499e-07            1.43717659e-07            7.24111636e-08            6.99830043e-08            1.32349135e-09            4.98426262e-18            1.63370728e-52           1.22450693e-164
            3.76197549e+02            1.36609476e-07            1.37659793e-07            6.95635360e-08            6.68583800e-08            1.23787730e-09            4.29201128e-18            1.01996790e-52           2.72492618e-165
            3.77695589e+02            1.30820384e-07            1.31836360e-07            6.68172181e-08            6.38616485e-08            1.15749317e-09            3.69370491e-18            6.35600282e-53           6.02767073e-166
            3.79199595e+02            1.25256999e-07            1.26239168e-07            6.41690296e-08            6.09880989e-08            1.08203962e-09            3.17690270e-18            3.95333607e-53           1.32536420e-166
            3.80709589e+02            1.19911353e-07            1.20860279e-07            6.16158745e-08            5.82331717e-08            1.01123318e-09            2.73076906e-18            2.45426926e-53           2.89668649e-167
            3.82225596e+02            1.14775726e-07            1.15692000e-07            5.91547395e-08            5.55924553e-08            9.44805516e-10            2.34587213e-18            1.52074441e-53           6.29271220e-168
            3.83747641e+02            1.09842641e-07            1.10726877e-07            5.67826924e-08            5.30616816e-08            8.82502659e-10            2.01400692e-18            9.40508047e-54           1.35873226e-168
            3.85275746e+02            1.05104857e-07            1.05957687e-07            5.44968802e-08            5.06367224e-08            8.24084321e-10            1.72804003e-18            5.80547518e-54           2.91594302e-169
            3.86809936e+02            1.00555360e-07            1.01377436e-07            5.22945275e-08            4.83135854e-08            7.69323212e-10            1.48177342e-18            3.57666850e-54           6.21960425e-170
            3.88350235e+02            9.61873623e-08            9.69793496e-08            5.01729349e-08            4.60884103e-08            7.18004400e-10            1.26982512e-18            2.19928719e-54           1.31848273e-170
            3.89896668e+02            9.19942906e-08            9.27568677e-08            4.81294772e-08            4.39574658e-08            6.69924693e-10            1.08752458e-18            1.34972162e-54           2.77781599e-171
            3.91449259e+02            8.79697839e-08            8.87036394e-08            4.61616020e-08            4.19171453e-08            6.24892053e-10            9.30821129e-19            8.26726986e-55           5.81619761e-172
            3.93008032e+02            8.41076866e-08            8.48135170e-08            4.42668282e-08            3.99639637e-08            5.82725035e-10            7.96203912e-19            5.05396601e-55           1.21023793e-172
            3.94573013e+02            8.04020426e-08            8.10805503e-08            4.24427441e-08            3.80945539e-08            5.43252245e-10            6.80631791e-19            3.08355313e-55           2.50257745e-173
            3.96144225e+02            7.68470898e-08            7.74989815e-08            4.06870060e-08            3.63056637e-08            5.06311837e-10            5.81472162e-19            1.87765622e-55           5.14255141e-174
            3.97721694e+02            7.34372551e-08            7.40632397e-08            3.89973368e-08            3.45941519e-08            4.71751020e-10            4.96447490e-19            1.14109775e-55           1.05010627e-174
            3.99305445e+02            7.01671486e-08            7.07679358e-08            3.73715243e-08            3.29569859e-08            4.39425589e-10            4.23588655e-19            6.92099167e-56           2.13078906e-175
            4.00895502e+02            6.70315587e-08            6.76078574e-08            3.58074201e-08            3.13912378e-08            4.09199490e-10            3.61194261e-19            4.18937350e-56           4.29624781e-176
            4.02491891e+02            6.40254470e-08            6.45779637e-08            3.43029375e-08            2.98940818e-08            3.80944386e-10            3.07795163e-19            2.53082241e-56           8.60733810e-177
            4.04094637e+02            6.11439433e-08            6.16733810e-08            3.28560507e-08            2.84627910e-08            3.54539261e-10            2.62123568e-19            1.52581767e-56           1.71343663e-177
            4.05703765e+02            5.83823408e-08            5.88893978e-08            3.14647931e-08            2.70947346e-08            3.29870032e-10            2.23086135e-19            9.18054607e-57           3.38903307e-178
            4.07319300e+02            5.57360913e-08            5.62214599e-08            3.01272559e-08            2.57873748e-08            3.06829185e-10            1.89740574e-19            5.51259151e-57           6.66010423e-179
            4.08941269e+02            5.32008006e-08            5.36651663e-08            2.88415867e-08            2.45382641e-08            2.85315424e-10            1.61275298e-19            3.30339900e-57           1.30038677e-179
            4.10569697e+02            5.07722242e-08            5.12162646e-08            2.76059884e-08            2.33450429e-08            2.65233341e-10            1.36991744e-19            1.97551651e-57           2.52254635e-180
            4.12204609e+02            4.84462627e-08            4.88706466e-08            2.64187174e-08            2.22054361e-08            2.46493096e-10            1.16289020e-19            1.17899288e-57           4.86149243e-181
            4.13846031e+02            4.62189574e-08            4.66243442e-08            2.52780829e-08            2.11172512e-08            2.29010124e-10            9.86505892e-20            7.02180949e-58           9.30791961e-182
            4.15493990e+02            4.40864865e-08            4.44735254e-08            2.41824453e-08            2.00783753e-08            2.12704842e-10            8.36327123e-20            4.17340655e-58           1.77042220e-182
            4.17148511e+02            4.20451605e-08            4.24144900e-08            2.31302146e-08            1.90867730e-08            1.97502382e-10            7.08544404e-20            2.47532692e-58           3.34526788e-183
            4.18809620e+02            4.00914188e-08            4.04436657e-08            2.21198498e-08            1.81404836e-08            1.83332330e-10            5.99889442e-20            1.46511284e-58           6.27918609e-184
            4.20477344e+02            3.82218252e-08            3.85576048e-08            2.11498575e-08            1.72376188e-08            1.70128481e-10            5.07560105e-20            8.65371573e-59           1.17080005e-184
            4.22151709e+02            3.64330645e-08            3.67529796e-08            2.02187902e-08            1.63763608e-08            1.57828607e-10            4.29155523e-20            5.10062745e-59           2.16849047e-185
            4.23832741e+02            3.47219388e-08            3.50265795e-08            1.93252459e-08            1.55549594e-08            1.46374237e-10            3.62619997e-20            3.00006308e-59           3.98947862e-186
            4.25520467e+02            3.30853637e-08            3.33753072e-08            1.84678664e-08            1.47717304e-08            1.35710443e-10            3.06194549e-20            1.76083772e-59           7.29032672e-187
            4.27214914e+02            3.15203648e-08            3.17961751e-08            1.76453363e-08            1.40250531e-08            1.25785643e-10            2.58375102e-20            1.03130420e-59           1.32323936e-187
            4.28916108e+02            3.00240744e-08            3.02863019e-08            1.68563819e-08            1.33133686e-08            1.16551413e-10            2.17876406e-20            6.02738700e-60           2.38549599e-188
            4.30624077e+02            2.85937284e-08            2.88429097e-08            1.60997703e-08            1.26351772e-08            1.07962307e-10            1.83600944e-20            3.51513917e-60           4.27126075e-189
            4.32338847e+02            2.72266623e-08            2.74633205e-08            1.53743079e-08            1.19890369e-08            9.99756829e-11            1.54612147e-20            2.04561277e-60           7.59554238e-190
            4.34060445e+02            2.59203088e-08            2.61449529e-08            1.46788399e-08            1.13735614e-08            9.25515491e-11            1.30111333e-20            1.18786769e-60           1.34145147e-190
            4.35788898e+02            2.46721942e-08            2.48853195e-08            1.40122488e-08            1.07874183e-08            8.56524053e-11            1.09417874e-20            6.88292010e-61           2.35284173e-191
            4.37524235e+02            2.34799360e-08            2.36820234e-08            1.33734534e-08            1.02293269e-08            7.92431009e-11            9.19521439e-21            3.97954718e-61           4.09826558e-192
            4.39266481e+02            2.23412391e-08            2.25327560e-08            1.27614084e-08            9.69805688e-09            7.32906973e-11            7.72208711e-21            2.29586898e-61           7.08900253e-193
            4.41015666e+02            2.12538938e-08            2.14352934e-08            1.21751026e-08            9.19242643e-09            6.77643386e-11            6.48045629e-21            1.32162815e-61           1.21768730e-193
            4.42771815e+02            2.02157726e-08            2.03874943e-08            1.16135586e-08            8.71130055e-09            6.26351287e-11            5.43467183e-21            7.59130457e-62           2.07701652e-194
            4.44534958e+02            1.92248274e-08            1.93872970e-08            1.10758315e-08            8.25358946e-09            5.78760155e-11            4.55445804e-21            4.35075572e-62           3.51791648e-195
            4.46305122e+02            1.82790874e-08            1.84327168e-08            1.05610081e-08            7.81824702e-09            5.34616814e-11            3.81412144e-21            2.48799964e-62           5.91643799e-196
            4.48082334e+02            1.73766560e-08            1.75218439e-08            1.00682062e-08            7.40426923e-09            4.93684392e-11            3.19187255e-21            1.41961123e-62           9.87988979e-197
            4.49866624e+02            1.65157086e-08            1.66528402e-08            9.59657333e-09            7.01069269e-09            4.55741343e-11            2.66924574e-21            8.08198771e-63           1.63813088e-197
            4.51658018e+02            1.56944902e-08            1.58239375e-08            9.14528618e-09            6.63659323e-09            4.20580525e-11            2.23060330e-21            4.59084606e-63           2.69673010e-198
            4.53456547e+02            1.49113129e-08            1.50334350e-08            8.71354973e-09            6.28108446e-09            3.88008320e-11            1.86271176e-21            2.60189149e-63           4.40764271e-199
            4.55262237e+02            1.41645539e-08            1.42796972e-08            8.30059637e-09            5.94331644e-09            3.57843813e-11            1.55438026e-21            1.47130815e-63           7.15225305e-200
            4.57075117e+02            1.34526530e-08            1.35611513e-08            7.90568513e-09            5.62247434e-09            3.29918013e-11            1.29615202e-21            8.30103420e-64           1.15221753e-200
            4.58895216e+02            1.27741107e-08            1.28762854e-08            7.52810089e-09            5.31777719e-09            3.04073117e-11            1.08004145e-21            4.67273270e-64           1.84275958e-201
            4.60722563e+02            1.21274858e-08            1.22236464e-08            7.16715362e-09            5.02847664e-09            2.80161819e-11            8.99310084e-22            2.62431466e-64           2.92572091e-202
            4.62557187e+02            1.15113939e-08            1.16018380e-08            6.82217765e-09            4.75385573e-09            2.58046654e-11            7.48275984e-22            1.47049364e-64           4.61120588e-203
            4.64399116e+02            1.09245048e-08            1.10095186e-08            6.49253089e-09            4.49322777e-09            2.37599386e-11            6.22151556e-22            8.22069805e-65           7.21441056e-204
            4.66248380e+02            1.03655412e-08            1.04453994e-08            6.17759418e-09            4.24593519e-09            2.18700425e-11            5.16905738e-22            4.58509730e-65           1.12041572e-204
            4.68105008e+02            9.83327643e-09            9.90824281e-09            5.87677054e-09            4.01134844e-09            2.01238283e-11            4.29146939e-22            2.55140102e-65           1.72717666e-205
            4.69969029e+02            9.32653281e-09            9.39686040e-09            5.58948455e-09            3.78886495e-09            1.85109059e-11            3.56023704e-22            1.41643021e-65           2.64277828e-206
            4.71840472e+02            8.84417993e-09            8.91011131e-09            5.31518161e-09            3.57790811e-09            1.70215953e-11            2.95140464e-22            7.84501704e-66           4.01363819e-207
            4.73719368e+02            8.38513294e-09            8.44690052e-09            5.05332737e-09            3.37792627e-09            1.56468815e-11            2.44486149e-22            4.33481731e-66           6.05001301e-208
            4.75605746e+02            7.94835093e-09            8.00617721e-09            4.80340704e-09            3.18839179e-09            1.43783712e-11            2.02373728e-22            2.38958144e-66           9.05111356e-209
            4.77499635e+02            7.53283531e-09            7.58693318e-09            4.56492483e-09            3.00880010e-09            1.32082529e-11            1.67389062e-22            1.31414389e-66           1.34388562e-209
            4.79401066e+02            7.13762831e-09            7.18820135e-09            4.33740329e-09            2.83866881e-09            1.21292589e-11            1.38347651e-22            7.20991171e-67           1.98026860e-210
            4.81310069e+02            6.76181148e-09            6.80905422e-09            4.12038275e-09            2.67753684e-09            1.11346296e-11            1.14258093e-22            3.94619734e-67           2.89583802e-211
            4.83226673e+02            6.40450428e-09            6.44860248e-09            3.91342080e-09            2.52496361e-09            1.02180804e-11            9.42912299e-23            2.15469272e-67           4.20242152e-212
            4.85150909e+02            6.06486261e-09            6.10599358e-09            3.71609163e-09            2.38052818e-09            9.37377018e-12            7.77541298e-23            1.17366845e-67           6.05183252e-213
            4.87082808e+02            5.74207755e-09            5.78041037e-09            3.52798558e-09            2.24382851e-09            8.59627180e-12            6.40681437e-23            6.37756494e-68           8.64814255e-214
            4.89022400e+02            5.43537398e-09            5.47106983e-09            3.34870859e-09            2.11448069e-09            7.88054464e-12            5.27504295e-23            3.45708088e-68           1.22629253e-214
            4.90969715e+02            5.14400937e-09            5.17722176e-09            3.17788165e-09            1.99211821e-09            7.22190865e-12            4.33983991e-23            1.86941267e-68           1.72538982e-215
            4.92924784e+02            4.86727251e-09            4.89814759e-09            3.01514034e-09            1.87639123e-09            6.61602002e-12            3.56766387e-23            1.00841105e-68           2.40873397e-216
            4.94887639e+02            4.60448235e-09            4.63315916e-09            2.86013434e-09            1.76696597e-09            6.05884849e-12            2.93059172e-23            5.42628438e-69           3.33645591e-217
            4.96858310e+02            4.35498686e-09            4.38159757e-09            2.71252694e-09            1.66352397e-09            5.54665602e-12            2.40539567e-23            2.91270025e-69           4.58525331e-218
            4.98836828e+02            4.11816190e-09            4.14283209e-09            2.57199460e-09            1.56576152e-09            5.07597678e-12            1.97276882e-23            1.55959939e-69           6.25185726e-219
            5.00823225e+02            3.89341017e-09            3.91625907e-09            2.43822647e-09            1.47338900e-09            4.64359853e-12            1.61667592e-23            8.33009700e-70           8.45685499e-220
            5.02817532e+02            3.68016015e-09            3.70130091e-09            2.31092401e-09            1.38613036e-09            4.24654507e-12            1.32380947e-23            4.43815529e-70           1.13487780e-220
            5.04819780e+02            3.47786513e-09            3.49740502e-09            2.18980050e-09            1.30372246e-09            3.88205988e-12            1.08313444e-23            2.35866382e-70           1.51083115e-221
            5.06830001e+02            3.28600221e-09            3.30404290e-09            2.07458069e-09            1.22591461e-09            3.54759087e-12            8.85507481e-24            1.25036376e-70           1.99524183e-222
            5.08848228e+02            3.10407140e-09            3.12070915e-09            1.96500038e-09            1.15246800e-09            3.24077600e-12            7.23358709e-24            6.61163907e-71           2.61381018e-223
            5.10874490e+02            2.93159468e-09            2.94692062e-09            1.86080599e-09            1.08315519e-09            2.95942996e-12            5.90425923e-24            3.48722486e-71           3.39654600e-224
            5.12908822e+02            2.76811516e-09            2.78221545e-09            1.76175427e-09            1.01775965e-09            2.70153166e-12            4.81532882e-24            1.83461287e-71           4.37796124e-225
            5.14951254e+02            2.61319624e-09            2.62615230e-09            1.66761185e-09            9.56075243e-10            2.46521259e-12            3.92404439e-24            9.62715982e-72           5.59710207e-226
            5.17001820e+02            2.46642077e-09            2.47830951e-09            1.57815493e-09            8.97905831e-10            2.24874589e-12            3.19512535e-24            5.03891193e-72           7.09736817e-227
            5.19060551e+02            2.32739028e-09            2.33828429e-09            1.49316896e-09            8.43064797e-10            2.05053623e-12            2.59948016e-24            2.63060567e-72           8.92606552e-228
            5.21127479e+02            2.19572425e-09            2.20569197e-09            1.41244822e-09            7.91374642e-10            1.86911034e-12            2.11314022e-24            1.36977955e-72           1.11336410e-228
            5.23202639e+02            2.07105933e-09            2.08016528e-09            1.33579559e-09            7.42666583e-10            1.70310814e-12            1.71637391e-24            7.11405255e-73           1.37725541e-229
            5.25286062e+02            1.95304868e-09            1.96135363e-09            1.26302219e-09            6.96780162e-10            1.55127453e-12            1.39295103e-24            3.68510978e-73           1.68957531e-230
            5.27377781e+02            1.84136129e-09            1.84892240e-09            1.19394707e-09            6.53562878e-10            1.41245173e-12            1.12953246e-24            1.90390928e-73           2.05547416e-231
            5.29477830e+02            1.73568131e-09            1.74255236e-09            1.12839696e-09            6.12869828e-10            1.28557210e-12            9.15164299e-25            9.81070012e-74           2.47972457e-232
            5.31586241e+02            1.63570741e-09            1.64193892e-09            1.06620590e-09            5.74563363e-10            1.16965150e-12            7.40858833e-25            5.04204982e-74           2.96645191e-233
            5.33703047e+02            1.54115220e-09            1.54679163e-09            1.00721508e-09            5.38512763e-10            1.06378315e-12            5.99247801e-25            2.58441992e-74           3.51883630e-234
            5.35828284e+02            1.45174166e-09            1.45683351e-09            9.51272459e-10            5.04593915e-10            9.67131784e-13            4.84295654e-25            1.32118386e-74           4.13879649e-235
            5.37961983e+02            1.36721452e-09            1.37180052e-09            8.98232580e-10            4.72689013e-10            8.78928360e-13            3.91062679e-25            6.73601531e-75           4.82667058e-236
            5.40104178e+02            1.28732177e-09            1.29144102e-09            8.47956290e-10            4.42686267e-10            7.98465059e-13            3.15509456e-25            3.42513649e-75           5.58091085e-237
            5.42254904e+02            1.21182612e-09            1.21551522e-09            8.00310502e-10            4.14479623e-10            7.25090662e-13            2.54335583e-25            1.73693301e-75           6.39781315e-238
            5.44414194e+02            1.14050150e-09            1.14379466e-09            7.55167963e-10            3.87968496e-10            6.58206255e-13            2.04846774e-25            8.78443767e-76           7.27130235e-239
            5.46582082e+02            1.07313258e-09            1.07606179e-09            7.12407021e-10            3.63057511e-10            5.97261239e-13            1.64845428e-25            4.43063424e-76           8.19279566e-240
            5.48758604e+02            1.00951430e-09            1.01210942e-09            6.71911412e-10            3.39656260e-10            5.41749629e-13            1.32540611e-25            2.22861051e-76           9.15116392e-241
            5.50943792e+02            9.49451445e-10            9.51740316e-10            6.33570044e-10            3.17679066e-10            4.91206621e-13            1.06474061e-25            1.11792863e-76           1.01328078e-241
            5.53137682e+02            8.92758172e-10            8.94766753e-10            5.97276793e-10            2.97044755e-10            4.45205404e-13            8.54594226e-26            5.59243410e-77           1.11218603e-242
            5.55340307e+02            8.39257644e-10            8.41010103e-10            5.62930307e-10            2.77676442e-10            4.03354209e-13            6.85323884e-26            2.78990758e-77           1.21005212e-243
            5.57551704e+02            7.88781610e-10            7.90300426e-10            5.30433809e-10            2.59501323e-10            3.65293575e-13            5.49098232e-26            1.38795739e-77           1.30495191e-244
            5.59771907e+02            7.41170031e-10            7.42476094e-10            4.99694920e-10            2.42450480e-10            3.30693811e-13            4.39562835e-26            6.88581005e-78           1.39486910e-245
            5.62000951e+02            6.96270711e-10            6.97383413e-10            4.70625474e-10            2.26458686e-10            2.99252656e-13            3.51566192e-26            3.40660453e-78           1.47776570e-246
            5.64238871e+02            6.53938947e-10            6.54876273e-10            4.43141351e-10            2.11464229e-10            2.70693100e-13            2.80935698e-26            1.68062705e-78           1.55165616e-247
            5.66485703e+02            6.14037194e-10            6.14815803e-10            4.17162306e-10            1.97408736e-10            2.44761381e-13            2.24294642e-26            8.26797369e-79           1.61468466e-248
            5.68741481e+02            5.76434739e-10            5.77070049e-10            3.92611814e-10            1.84237010e-10            2.21225127e-13            1.78912824e-26            4.05601975e-79           1.66520133e-249
            5.71006242e+02            5.41007395e-10            5.41513653e-10            3.69416912e-10            1.71896869e-10            1.99871635e-13            1.42584756e-26            1.98412664e-79           1.70183323e-250
            5.73280022e+02            5.07637195e-10            5.08027554e-10            3.47508052e-10            1.60338996e-10            1.80506288e-13            1.13530413e-26            9.67836876e-80           1.72354579e-251
            5.75562856e+02            4.76212116e-10            4.76498703e-10            3.26818956e-10            1.49516796e-10            1.62951087e-13            9.03144556e-27            4.70753402e-80           1.72969096e-252
            5.77854780e+02            4.46625796e-10            4.46819779e-10            3.07286480e-10            1.39386255e-10            1.47043303e-13            7.17805338e-27            2.28317053e-80           1.72003905e-253
            5.80155831e+02            4.18777281e-10            4.18888927e-10            2.88850480e-10            1.29905813e-10            1.32634220e-13            5.69979040e-27            1.10415960e-80           1.69479182e-254
            5.82466045e+02            3.92570765e-10            3.92609503e-10            2.71453680e-10            1.21036235e-10            1.19587991e-13            4.52180983e-27            5.32437933e-81           1.65457625e-255
            5.84785458e+02            3.67915353e-10            3.67889827e-10            2.55041556e-10            1.12740491e-10            1.07780573e-13            3.58397787e-27            2.56002825e-81           1.60041872e-256
            5.87114107e+02            3.44724830e-10            3.44642955e-10            2.39562210e-10            1.04983646e-10            9.70987472e-14            2.83802599e-27            1.22730961e-81           1.53370152e-257
            5.89452029e+02            3.22917439e-10            3.22786446e-10            2.24966261e-10            9.77327464e-11            8.74392193e-14            2.24524553e-27            5.86667568e-82           1.45610394e-258
            5.91799261e+02            3.02415670e-10            3.02242158e-10            2.11206731e-10            9.09567189e-11            7.87077874e-14            1.77462309e-27            2.79610533e-82           1.36953160e-259
            5.94155839e+02            2.83146057e-10            2.82936033e-10            1.98238943e-10            8.46262715e-11            7.08185779e-14            1.40133387e-27            1.32871977e-82           1.27603821e-260
            5.96521802e+02            2.65038982e-10            2.64797908e-10            1.86020416e-10            7.87137988e-11            6.36933425e-14            1.10552531e-27            6.29544714e-83           1.17774417e-261
            5.98897186e+02            2.48028495e-10            2.47761322e-10            1.74510768e-10            7.31932926e-11            5.72608108e-14            8.71336120e-28            2.97391096e-83           1.07675664e-262
            6.01282029e+02            2.32052129e-10            2.31763338e-10            1.63671625e-10            6.80402569e-11            5.14560955e-14            6.86105765e-28            1.40065891e-83           9.75095307e-264
            6.03676368e+02            2.17050737e-10            2.16744373e-10            1.53466526e-10            6.32316264e-11            4.62201462e-14            5.39738134e-28            6.57710390e-84           8.74627253e-265
            6.06080242e+02            2.02968325e-10            2.02648029e-10            1.43860841e-10            5.87456895e-11            4.14992469e-14            4.24189755e-28            3.07914199e-84           7.77013990e-266
            6.08493689e+02            1.89751900e-10            1.89420942e-10            1.34821683e-10            5.45620147e-11            3.72445551e-14            3.33058586e-28            1.43718350e-84           6.83672262e-267
            6.10916745e+02            1.77351322e-10            1.77012626e-10            1.26317834e-10            5.06613810e-11            3.34116790e-14            2.61253922e-28            6.68770330e-85           5.95749515e-268
            6.13349451e+02            1.65719158e-10            1.65375334e-10            1.18319662e-10            4.70257114e-11            2.99602889e-14            2.04731686e-28            3.10255002e-85           5.14113862e-269
            6.15791844e+02            1.54810553e-10            1.54463918e-10            1.10799054e-10            4.36380101e-11            2.68537619e-14            1.60282349e-28            1.43493537e-85           4.39357458e-270
            6.18243962e+02            1.44583096e-10            1.44235700e-10            1.03729339e-10            4.04823023e-11            2.40588554e-14            1.25361171e-28            6.61625674e-86           3.71811565e-271
            6.20705845e+02            1.34996700e-10            1.34650349e-10            9.70852258e-11            3.75435776e-11            2.15454081e-14            9.79524741e-29            3.04125974e-86           3.11571015e-272
            6.23177531e+02            1.26013482e-10            1.25669757e-10            9.08427352e-11            3.48077359e-11            1.92860668e-14            7.64612001e-29            1.39363966e-86           2.58525544e-273
            6.25659060e+02            1.17597654e-10            1.17257931e-10            8.49791387e-11            3.22615363e-11            1.72560355e-14            5.96263800e-29            6.36645904e-87           2.12395374e-274
            6.28150470e+02            1.09715413e-10            1.09380881e-10            7.94728992e-11            2.98925486e-11            1.54328467e-14            4.64521376e-29            2.89928225e-87           1.72768550e-275
            6.30651801e+02            1.02334840e-10            1.02006517e-10            7.43036138e-11            2.76891070e-11            1.37961513e-14            3.61527368e-29            1.31620260e-87           1.39137807e-276
            6.33163093e+02            9.54258042e-11            9.51045538e-11            6.94519597e-11            2.56402665e-11            1.23275274e-14            2.81088546e-29            5.95647433e-88           1.10935149e-277
            6.35684384e+02            8.89598676e-11            8.86464135e-11            6.48996414e-11            2.37357618e-11            1.10103051e-14            2.18328227e-29            2.68710507e-88           8.75627494e-279
            6.38215716e+02            8.29101995e-11            8.26051381e-11            6.06293412e-11            2.19659676e-11            9.82940675e-15            1.69410242e-29            1.20837966e-88           6.84192638e-280
            6.40757128e+02            7.72514908e-11            7.69553042e-11            5.66246712e-11            2.03218618e-11            8.77120081e-15            1.31319958e-29            5.41676593e-89           5.29210808e-281
            6.43308659e+02            7.19598745e-11            7.16729417e-11            5.28701280e-11            1.87949904e-11            7.82336902e-15            1.01690728e-29            2.42041107e-89           4.05184440e-282
            6.45870351e+02            6.70128496e-11            6.67354571e-11            4.93510484e-11            1.73774339e-11            6.97478473e-15            7.86664894e-30            1.07806529e-89           3.07066849e-283
            6.48442244e+02            6.23892080e-11            6.21215598e-11            4.60535683e-11            1.60617761e-11            6.21540228e-15            6.07930900e-30            4.78632653e-90           2.30330542e-284
            6.51024378e+02            5.80689663e-11            5.78111927e-11            4.29645824e-11            1.48410742e-11            5.53615613e-15            4.69324184e-30            2.11814331e-90           1.70997904e-285
            6.53616795e+02            5.40332994e-11            5.37854655e-11            4.00717061e-11            1.37088305e-11            4.92886898e-15            3.61946299e-30            9.34326187e-91           1.25641428e-286
            6.56219534e+02            5.02644789e-11            5.00265919e-11            3.73632396e-11            1.26589661e-11            4.38616818e-15            2.78847051e-30            4.10796044e-91           9.13607910e-288
            6.58832638e+02            4.67458128e-11            4.65178294e-11            3.48281325e-11            1.16857954e-11            3.90140959e-15            2.14603545e-30            1.80025033e-91           6.57436442e-289
            6.61456147e+02            4.34615901e-11            4.32434224e-11            3.24559512e-11            1.07840026e-11            3.46860840e-15            1.64988947e-30            7.86344402e-92           4.68162452e-290
            6.64090104e+02            4.03970266e-11            4.01885484e-11            3.02368470e-11            9.94861907e-12            3.08237624e-15            1.26712113e-30            3.42342072e-92           3.29890754e-291
            6.66734548e+02            3.75382140e-11            3.73392660e-11            2.81615259e-11            9.17500225e-12            2.73786396e-15            9.72131291e-31            1.48548961e-92           2.30015060e-292
            6.69389524e+02            3.48720721e-11            3.46824665e-11            2.62212201e-11            8.45881568e-12            2.43070979e-15            7.45029390e-31            6.42443749e-93           1.58685301e-293
            6.72055071e+02            3.23863022e-11            3.22058274e-11            2.44076604e-11            7.79601005e-12            2.15699217e-15            5.70376673e-31            2.76917874e-93           1.08316117e-294
            6.74731233e+02            3.00693444e-11            2.98977688e-11            2.27130501e-11            7.18280549e-12            1.91318699e-15            4.36202490e-31            1.18962886e-93           7.31487671e-296
            6.77418051e+02            2.79103354e-11            2.77474112e-11            2.11300403e-11            6.61567477e-12            1.69612885e-15            3.33235085e-31            5.09343563e-94           4.88719869e-297
            6.80115569e+02            2.58990700e-11            2.57445363e-11            1.96517058e-11            6.09132749e-12            1.50297586e-15            2.54300755e-31            2.17341749e-94           3.23023024e-298
            6.82823828e+02            2.40259636e-11            2.38795493e-11            1.82715229e-11            5.60669519e-12            1.33117786e-15            1.93855029e-31            9.24278095e-95           2.11207251e-299
            6.85542872e+02            2.22820173e-11            2.21434437e-11            1.69833479e-11            5.15891734e-12            1.17844752e-15            1.47617256e-31            3.91726961e-95           1.36605229e-300
            6.88272743e+02            2.06587838e-11            2.05277672e-11            1.57813964e-11            4.74532811e-12            1.04273429e-15            1.12286087e-31            1.65454917e-95           8.73957264e-302
            6.91013484e+02            1.91483369e-11            1.90245904e-11            1.46602242e-11            4.36344400e-12            9.22200749e-16            8.53181940e-32            6.96442708e-96           5.53042597e-303
            6.93765139e+02            1.77432405e-11            1.76264758e-11            1.36147085e-11            4.01095208e-12            8.15201275e-16            6.47563502e-32            2.92142457e-96           3.46141405e-304
            6.96527752e+02            1.64365207e-11            1.63264501e-11            1.26400309e-11            3.68569903e-12            7.20262739e-16            4.90960083e-32            1.22124154e-96           2.14267398e-305
            6.99301365e+02            1.52216391e-11            1.51179766e-11            1.17316597e-11            3.38568081e-12            6.36067075e-16            3.71818691e-32            5.08744913e-97           1.31173809e-306
            7.02086023e+02            1.40924670e-11            1.39949296e-11            1.08853352e-11            3.10903292e-12            5.61435539e-16            2.81277865e-32            2.11195281e-97           7.94159057e-308
            7.04881770e+02            1.30432617e-11            1.29515704e-11            1.00970538e-11            2.85402132e-12            4.95314503e-16            2.12548130e-32            8.73671017e-98           4.75464342e-309
            7.07688650e+02            1.20686437e-11            1.19825246e-11            9.36305404e-12            2.61903377e-12            4.36762647e-16            1.60433290e-32            3.60151460e-98           2.81487551e-310
            7.10506707e+02            1.11635748e-11            1.10827598e-11            8.67980302e-12            2.40257187e-12            3.84939407e-16            1.20960962e-32            1.47941455e-98           1.64782780e-311
            7.13335985e+02            1.03233385e-11            1.02475660e-11            8.04398346e-12            2.20324348e-12            3.39094565e-16            9.10977352e-33            6.05558274e-99           9.53797949e-313
            7.16176530e+02            9.54352025e-12            9.47253563e-12            7.45248149e-12            2.01975558e-12            2.98558875e-16            6.85298190e-33            2.46988780e-99           5.45850012e-314
            7.19028386e+02            8.81998953e-12            8.75354555e-12            6.90237511e-12            1.85090770e-12            2.62735630e-16            5.14943163e-33            1.00380090e-99           3.08846742e-315
            7.21891598e+02            8.14888267e-12            8.08673992e-12            6.39092317e-12            1.69558565e-12            2.31093064e-16            3.86495777e-33           4.06500265e-100           1.72761031e-316
            7.24766212e+02            7.52658672e-12            7.46851383e-12            5.91555500e-12            1.55275568e-12            2.03157528e-16            2.89757034e-33           1.64025278e-100           9.55348554e-318
            7.27652272e+02            6.94972414e-12            6.89549802e-12            5.47386051e-12            1.42145900e-12            1.78507356e-16            2.16982658e-33           6.59464171e-101           5.22242210e-319
            7.30549825e+02            6.41513847e-12            6.36454437e-12            5.06358090e-12            1.30080670e-12            1.56767349e-16            1.62299013e-33           2.64177514e-101           2.82210297e-320
            7.33458917e+02            5.91988070e-12            5.87271230e-12            4.68259981e-12            1.18997488e-12            1.37603831e-16            1.21256369e-33           1.05443167e-101           1.50690022e-321
            7.36379592e+02            5.46119647e-12            5.41725592e-12            4.32893496e-12            1.08820025e-12            1.20720201e-16            9.04875995e-34           4.19326857e-102           7.90505033e-323
            7.39311898e+02            5.03651402e-12            4.99561189e-12            4.00073021e-12            9.94775831e-13            1.05852956e-16            6.74477386e-34           1.66146899e-102           4.94065646e-324
            7.42255880e+02            4.64343282e-12            4.60538802e-12            3.69624813e-12            9.09047121e-13            9.27681184e-17            5.02154689e-34           6.55889643e-103            0.00000000e+00
            7.45211586e+02            4.27971283e-12            4.24435251e-12            3.41386289e-12            8.30408361e-13            8.12580353e-17            3.73419877e-34           2.57965663e-103            0.00000000e+00
            7.48179061e+02            3.94326442e-12            3.91042384e-12            3.15205357e-12            7.58299129e-13            7.11385140e-17            2.77360804e-34           1.01083257e-103            0.00000000e+00
            7.51158353e+02            3.63213890e-12            3.60166125e-12            2.90939787e-12            6.92201131e-13            6.22462584e-17            2.05768292e-34           3.94617486e-104            0.00000000e+00
            7.54149508e+02            3.34451953e-12            3.31625578e-12            2.68456613e-12            6.31635207e-13            5.44365744e-17            1.52473889e-34           1.53478215e-104            0.00000000e+00
            7.57152575e+02            3.07871313e-12            3.05252180e-12            2.47631568e-12            5.76158540e-13            4.75813192e-17            1.12848062e-34           5.94680905e-105            0.00000000e+00
            7.60167600e+02            2.83314220e-12            2.80888915e-12            2.28348553e-12            5.25362049e-13            4.15670690e-17            8.34204010e-35           2.29552266e-105            0.00000000e+00
            7.63194631e+02            2.60633741e-12            2.58389563e-12            2.10499138e-12            4.78867956e-13            3.62934814e-17            6.15925108e-35           8.82740362e-106            0.00000000e+00
            7.66233716e+02            2.39693069e-12            2.37618004e-12            1.93982085e-12            4.36327520e-13            3.16718354e-17            4.54212341e-35           3.38167321e-106            0.00000000e+00
            7.69284902e+02            2.20364858e-12            2.18447557e-12            1.78702902e-12            3.97418929e-13            2.76237270e-17            3.34551706e-35           1.29053849e-106            0.00000000e+00
            7.72348239e+02            2.02530613e-12            2.00760365e-12            1.64573425e-12            3.61845321e-13            2.40799076e-17            2.46115388e-35           4.90618983e-107            0.00000000e+00
            7.75423774e+02            1.86080103e-12            1.84446813e-12            1.51511418e-12            3.29332965e-13            2.09792481e-17            1.80835371e-35           1.85799767e-107            0.00000000e+00
            7.78511556e+02            1.70910825e-12            1.69404984e-12            1.39440203e-12            2.99629541e-13            1.82678164e-17            1.32707349e-35           7.00917257e-108            0.00000000e+00
            7.81611633e+02            1.56927485e-12            1.55540151e-12            1.28288305e-12            2.72502560e-13            1.58980559e-17            9.72683224e-36           2.63391904e-108            0.00000000e+00
            7.84724056e+02            1.44041527e-12            1.42764295e-12            1.17989123e-12            2.47737887e-13            1.38280556e-17            7.12050185e-36           9.85928593e-109            0.00000000e+00
            7.87848872e+02            1.32170677e-12            1.30995656e-12            1.08480618e-12            2.25138362e-13            1.20208995e-17            5.20607438e-36           3.67611535e-109            0.00000000e+00
            7.90986131e+02            1.21238525e-12            1.20158317e-12            9.97050199e-13            2.04522526e-13            1.04440902e-17            3.80161885e-36           1.36529551e-109            0.00000000e+00
            7.94135883e+02            1.11174130e-12            1.10181802e-12            9.16085512e-13            1.85723435e-13            9.06903522e-18            2.77257345e-36           5.05069637e-110            0.00000000e+00
            7.97298178e+02            1.01911651e-12            1.01000712e-12            8.41411689e-13            1.68587559e-13            7.87059248e-18            2.01953630e-36           1.86104172e-110            0.00000000e+00
            8.00473065e+02            9.33899984e-13            9.25543786e-13            7.72563205e-13            1.52973754e-13            6.82666598e-18            1.46917055e-36           6.83021468e-111            0.00000000e+00
            8.03660595e+02            8.55525101e-13            8.47865390e-13            7.09107153e-13            1.38752320e-13            5.91784785e-18            1.06743766e-36           2.49677337e-111            0.00000000e+00
            8.06860817e+02            7.83466497e-13            7.76450335e-13            6.50641097e-13            1.25804111e-13            5.12710097e-18            7.74569520e-37           9.09041091e-112            0.00000000e+00
            8.10073783e+02            7.17237210e-13            7.10815222e-13            5.96791056e-13            1.14019727e-13            4.43947787e-18            5.61336981e-37           3.29640525e-112            0.00000000e+00
            8.13299543e+02            6.56386025e-13            6.50512202e-13            5.47209611e-13            1.03298750e-13            3.84187193e-18            4.06284325e-37           1.19053841e-112            0.00000000e+00
            8.16538149e+02            6.00494991e-13            5.95126499e-13            5.01574130e-13            9.35490461e-14            3.32279724e-18            2.93682065e-37           4.28237774e-113            0.00000000e+00
            8.19789650e+02            5.49177100e-13            5.44274093e-13            4.59585105e-13            8.46861154e-14            2.87219402e-18            2.12013493e-37           1.53411625e-113            0.00000000e+00
            8.23054100e+02            5.02074113e-13            4.97599560e-13            4.20964590e-13            7.66324883e-14            2.48125662e-18            1.52857257e-37           5.47338827e-114            0.00000000e+00
            8.26331548e+02            4.58854541e-13            4.54774052e-13            3.85454739e-13            6.93171702e-14            2.14228162e-18            1.10063384e-37           1.94478622e-114            0.00000000e+00
            8.29622048e+02            4.19211745e-13            4.15493413e-13            3.52816438e-13            6.26751260e-14            1.84853384e-18            7.91464876e-38           6.88173596e-115            0.00000000e+00
            8.32925651e+02            3.82862172e-13            3.79476419e-13            3.22828021e-13            5.66468035e-14            1.59412805e-18            5.68394880e-38           2.42508822e-115            0.00000000e+00
            8.36242408e+02            3.49543711e-13            3.46463138e-13            2.95284070e-13            5.11776937e-14            1.37392472e-18            4.07658143e-38           8.51046567e-116            0.00000000e+00
            8.39572373e+02            3.19014148e-13            3.16213398e-13            2.69994292e-13            4.62179230e-14            1.18343821e-18            2.91989517e-38           2.97418631e-116            0.00000000e+00
            8.42915599e+02            2.91049740e-13            2.88505365e-13            2.46782468e-13            4.17218783e-14            1.01875589e-18            2.08862890e-38           1.03505843e-116            0.00000000e+00
            8.46272137e+02            2.65443871e-13            2.63134207e-13            2.25485471e-13            3.76478597e-14            8.76466948e-19            1.49202429e-38           3.58703964e-117            0.00000000e+00
            8.49642041e+02            2.42005816e-13            2.39910860e-13            2.05952346e-13            3.39577601e-14            7.53599822e-19            1.06440960e-38           1.23786940e-117            0.00000000e+00
            8.53025364e+02            2.20559571e-13            2.18660873e-13            1.88043455e-13            3.06167706e-14            6.47567180e-19            7.58328951e-39           4.25376531e-118            0.00000000e+00
            8.56422160e+02            2.00942782e-13            1.99223337e-13            1.71629673e-13            2.75931075e-14            5.56117587e-19            5.39535626e-39           1.45554267e-118            0.00000000e+00
            8.59832482e+02            1.83005734e-13            1.81449881e-13            1.56591642e-13            2.48577617e-14            4.77293086e-19            3.83348634e-39           4.95931528e-119            0.00000000e+00
            8.63256385e+02            1.66610418e-13            1.65203747e-13            1.42819070e-13            2.23842675e-14            4.09391972e-19            2.72004865e-39           1.68250543e-119            0.00000000e+00
            8.66693921e+02            1.51629661e-13            1.50358922e-13            1.30210081e-13            2.01484895e-14            3.50936155e-19            1.92737414e-39           5.68357756e-120            0.00000000e+00
            8.70145146e+02            1.37946317e-13            1.36799337e-13            1.18670609e-13            1.81284269e-14            3.00642560e-19            1.36382807e-39           1.91165813e-120            0.00000000e+00
            8.73610114e+02            1.25452515e-13            1.24418120e-13            1.08113830e-13            1.63040327e-14            2.57398080e-19            9.63729367e-40           6.40197992e-121            0.00000000e+00
            8.77088879e+02            1.14048958e-13            1.13116902e-13            9.84596329e-14            1.46570484e-14            2.20237655e-19            6.80064411e-40           2.13464927e-121            0.00000000e+00
            8.80581498e+02            1.03644279e-13            1.02805170e-13            8.96341301e-14            1.31708512e-14            1.88325099e-19            4.79227906e-40           7.08662345e-122            0.00000000e+00
            8.84088024e+02            9.41544347e-14            9.33996735e-14            8.15691987e-14            1.18303139e-14            1.60936341e-19            3.37232054e-40           2.34231462e-122            0.00000000e+00
            8.87608513e+02            8.55021490e-14            8.48238681e-14            7.42020545e-14            1.06216762e-14            1.37444779e-19            2.36977918e-40           7.70790853e-123            0.00000000e+00
            8.91143021e+02            7.76163917e-14            7.70073991e-14            6.74748551e-14            9.53242668e-15            1.17308505e-19            1.66294076e-40           2.52525768e-123            0.00000000e+00
            8.94691603e+02            7.04318994e-14            6.98856259e-14            6.13343315e-14            8.55119431e-15            1.00059146e-19            1.16528756e-40           8.23654399e-124            0.00000000e+00
            8.98254317e+02            6.38887286e-14            6.33991789e-14            5.57314448e-14            7.66764886e-15            8.52921441e-20            8.15407011e-41           2.67452604e-124            0.00000000e+00
            9.01831217e+02            5.79318427e-14            5.74935501e-14            5.06210676e-14            6.87240980e-15            7.26582820e-20            5.69768347e-41           8.64576469e-125            0.00000000e+00
            9.05422360e+02            5.25107290e-14            5.21187128e-14            4.59616882e-14            6.15696269e-15            6.18563047e-20            3.97559637e-41           2.78231962e-125            0.00000000e+00
            9.09027804e+02            4.75790443e-14            4.72287704e-14            4.17151352e-14            5.51358255e-15            5.26264977e-20            2.77002617e-41           8.91353296e-126            0.00000000e+00
            9.12647605e+02            4.30942863e-14            4.27816310e-14            3.78463225e-14            4.93526379e-15            4.47451024e-20            1.92726130e-41           2.84265512e-126            0.00000000e+00
            9.16281820e+02            3.90174903e-14            3.87387061e-14            3.43230121e-14            4.41565597e-15            3.80194624e-20            1.33896734e-41           9.02447764e-127            0.00000000e+00
            9.19930507e+02            3.53129480e-14            3.50646323e-14            3.11155950e-14            3.94900510e-15            3.22838075e-20            9.28901192e-42           2.85190928e-127            0.00000000e+00
            9.23593723e+02            3.19479480e-14            3.17270142e-14            2.81968868e-14            3.53009993e-15            2.73955936e-20            6.43482448e-42           8.97133698e-128            0.00000000e+00
            9.27271526e+02            2.88925352e-14            2.86961856e-14            2.55419395e-14            3.15422286e-15            2.32323288e-20            4.45111710e-42           2.80917330e-128            0.00000000e+00
            9.30963974e+02            2.61192895e-14            2.59449910e-14            2.31278662e-14            2.81710510e-15            1.96888209e-20            3.07442523e-42           8.75571925e-129            0.00000000e+00
            9.34671126e+02            2.36031209e-14            2.34485813e-14            2.09336789e-14            2.51488569e-15            1.66747936e-20            2.12040546e-42           2.71637085e-129            0.00000000e+00
            9.38393040e+02            2.13210798e-14            2.11842275e-14            1.89401393e-14            2.24407410e-15            1.41128227e-20            1.46026410e-42           8.38807303e-130            0.00000000e+00
            9.42129775e+02            1.92521832e-14            1.91311473e-14            1.71296192e-14            2.00151615e-15            1.19365499e-20            1.00415062e-42           2.57812039e-130            0.00000000e+00
            9.45881390e+02            1.73772531e-14            1.72703457e-14            1.54859727e-14            1.78436290e-15            1.00891392e-20            6.89475275e-43           7.88685657e-131            0.00000000e+00
            9.49647944e+02            1.56787684e-14            1.55844681e-14            1.39944173e-14            1.59004225e-15            8.52194289e-21            4.72702984e-43           2.40135476e-131            0.00000000e+00
            9.53429496e+02            1.41407277e-14            1.40576645e-14            1.26414242e-14            1.41623310e-15            7.19334981e-21            3.23597540e-43           7.27699675e-132            0.00000000e+00
            9.57226107e+02            1.27485235e-14            1.26754650e-14            1.14146171e-14            1.26084188e-15            6.06779126e-21            2.21190616e-43           2.19474124e-132            0.00000000e+00
            9.61037836e+02            1.14888261e-14            1.14246646e-14            1.03026785e-14            1.12198104e-15            5.11488422e-21            1.50962889e-43           6.58781711e-133            0.00000000e+00
            9.64864744e+02            1.03494761e-14            1.02932173e-14            9.29526337e-15            9.97949628e-16            4.30869284e-21            1.02875767e-43           1.96797036e-133            0.00000000e+00
            9.68706891e+02            9.31938672e-15            9.27013873e-15            8.38291959e-15            8.87215515e-16            3.62709256e-21            6.99991451e-44           5.85067664e-134            0.00000000e+00
            9.72564337e+02            8.38845285e-15            8.34541660e-15            7.55701424e-15            7.88399307e-16            3.05122291e-21            4.75561298e-44           1.73099511e-134            0.00000000e+00
            9.76437144e+02            7.54746787e-15            7.50992822e-15            6.80966596e-15            7.00259692e-16            2.56501696e-21            3.22590623e-44           5.09658691e-135            0.00000000e+00
            9.80325373e+02            6.78804718e-15            6.75536479e-15            6.13368249e-15            6.21680147e-16            2.15479701e-21            2.18487090e-44           1.49330490e-135            0.00000000e+00
            9.84229084e+02            6.10255784e-15            6.07416179e-15            5.52250311e-15            5.51656865e-16            1.80892729e-21            1.47749477e-44           4.35406180e-136            0.00000000e+00
            9.88148341e+02            5.48405406e-15            5.45943508e-15            4.97014575e-15            4.89287810e-16            1.51751600e-21            9.97584232e-45           1.26330808e-136            0.00000000e+00
            9.92083204e+02            4.92621787e-15            4.90492222e-15            4.47115817e-15            4.33762776e-16            1.27215979e-21            6.72502578e-45           3.64740562e-137            0.00000000e+00
            9.96033737e+02            4.42330472e-15            4.40492864e-15            4.02057317e-15            3.84354398e-16            1.06572477e-21            4.52643597e-45           1.04787729e-137            0.00000000e+00
            1.00000000e+03            3.97009362e-15            3.95427823e-15            3.61386735e-15            3.40409985e-16            8.92158970e-22            3.04182443e-45           2.99557241e-138            0.00000000e+00
