# Pointwise relative error of two-stream fit to Zheleznyak (1982)
# Generated:  2026-05-05T08:42:07
# Command:    Zheleznyak.py --ngroups 8 --threshold 1E-6 --write-to-file zheleznyak
# ngroups=8,  n_kept=6,  threshold=1.0e-06
# RMS relative error = 0.484 %
# 
# Columns:
#   chi            : reduced path length p_O2*r  [Pa m]
#   rel_error_pct  : |K_twostream - K_zheleznyak| / K_zheleznyak * 100  [%]
#
#                    chi           rel_error_pct
          6.66610000e-03          3.27020633e-01
          6.69264479e-03          3.26956166e-01
          6.71929529e-03          3.26891446e-01
          6.74605191e-03          3.26826471e-01
          6.77291507e-03          3.26761241e-01
          6.79988521e-03          3.26695754e-01
          6.82696274e-03          3.26630010e-01
          6.85414810e-03          3.26564008e-01
          6.88144171e-03          3.26497746e-01
          6.90884400e-03          3.26431224e-01
          6.93635542e-03          3.26364441e-01
          6.96397638e-03          3.26297395e-01
          6.99170733e-03          3.26230086e-01
          7.01954871e-03          3.26162513e-01
          7.04750096e-03          3.26094674e-01
          7.07556451e-03          3.26026569e-01
          7.10373981e-03          3.25958196e-01
          7.13202731e-03          3.25889554e-01
          7.16042746e-03          3.25820643e-01
          7.18894069e-03          3.25751462e-01
          7.21756746e-03          3.25682009e-01
          7.24630823e-03          3.25612283e-01
          7.27516344e-03          3.25542283e-01
          7.30413356e-03          3.25472008e-01
          7.33321904e-03          3.25401458e-01
          7.36242034e-03          3.25330631e-01
          7.39173792e-03          3.25259525e-01
          7.42117224e-03          3.25188141e-01
          7.45072378e-03          3.25116476e-01
          7.48039298e-03          3.25044530e-01
          7.51018034e-03          3.24972302e-01
          7.54008631e-03          3.24899790e-01
          7.57011136e-03          3.24826994e-01
          7.60025598e-03          3.24753912e-01
          7.63052063e-03          3.24680543e-01
          7.66090581e-03          3.24606887e-01
          7.69141197e-03          3.24532941e-01
          7.72203961e-03          3.24458706e-01
          7.75278922e-03          3.24384179e-01
          7.78366127e-03          3.24309360e-01
          7.81465626e-03          3.24234247e-01
          7.84577466e-03          3.24158840e-01
          7.87701699e-03          3.24083137e-01
          7.90838372e-03          3.24007138e-01
          7.93987536e-03          3.23930840e-01
          7.97149240e-03          3.23854243e-01
          8.00323534e-03          3.23777346e-01
          8.03510468e-03          3.23700148e-01
          8.06710093e-03          3.23622646e-01
          8.09922458e-03          3.23544841e-01
          8.13147616e-03          3.23466731e-01
          8.16385617e-03          3.23388315e-01
          8.19636511e-03          3.23309592e-01
          8.22900350e-03          3.23230560e-01
          8.26177187e-03          3.23151218e-01
          8.29467072e-03          3.23071565e-01
          8.32770057e-03          3.22991601e-01
          8.36086195e-03          3.22911323e-01
          8.39415538e-03          3.22830730e-01
          8.42758139e-03          3.22749822e-01
          8.46114050e-03          3.22668597e-01
          8.49483325e-03          3.22587053e-01
          8.52866016e-03          3.22505191e-01
          8.56262178e-03          3.22423008e-01
          8.59671863e-03          3.22340502e-01
          8.63095125e-03          3.22257674e-01
          8.66532020e-03          3.22174522e-01
          8.69982600e-03          3.22091044e-01
          8.73446920e-03          3.22007239e-01
          8.76925036e-03          3.21923106e-01
          8.80417002e-03          3.21838644e-01
          8.83922873e-03          3.21753851e-01
          8.87442704e-03          3.21668726e-01
          8.90976552e-03          3.21583268e-01
          8.94524472e-03          3.21497476e-01
          8.98086519e-03          3.21411348e-01
          9.01662751e-03          3.21324883e-01
          9.05253224e-03          3.21238080e-01
          9.08857994e-03          3.21150937e-01
          9.12477119e-03          3.21063453e-01
          9.16110655e-03          3.20975627e-01
          9.19758660e-03          3.20887457e-01
          9.23421192e-03          3.20798943e-01
          9.27098308e-03          3.20710082e-01
          9.30790067e-03          3.20620874e-01
          9.34496526e-03          3.20531317e-01
          9.38217745e-03          3.20441410e-01
          9.41953782e-03          3.20351152e-01
          9.45704696e-03          3.20260540e-01
          9.49470546e-03          3.20169575e-01
          9.53251392e-03          3.20078254e-01
          9.57047294e-03          3.19986575e-01
          9.60858311e-03          3.19894539e-01
          9.64684504e-03          3.19802143e-01
          9.68525933e-03          3.19709386e-01
          9.72382659e-03          3.19616266e-01
          9.76254742e-03          3.19522783e-01
          9.80142244e-03          3.19428934e-01
          9.84045227e-03          3.19334719e-01
          9.87963751e-03          3.19240136e-01
          9.91897880e-03          3.19145183e-01
          9.95847674e-03          3.19049860e-01
          9.99813196e-03          3.18954164e-01
          1.00379451e-02          3.18858095e-01
          1.00779168e-02          3.18761650e-01
          1.01180476e-02          3.18664829e-01
          1.01583383e-02          3.18567630e-01
          1.01987893e-02          3.18470051e-01
          1.02394015e-02          3.18372092e-01
          1.02801754e-02          3.18273750e-01
          1.03211116e-02          3.18175025e-01
          1.03622109e-02          3.18075914e-01
          1.04034738e-02          3.17976417e-01
          1.04449010e-02          3.17876531e-01
          1.04864932e-02          3.17776256e-01
          1.05282511e-02          3.17675589e-01
          1.05701752e-02          3.17574530e-01
          1.06122662e-02          3.17473077e-01
          1.06545249e-02          3.17371227e-01
          1.06969518e-02          3.17268981e-01
          1.07395477e-02          3.17166336e-01
          1.07823131e-02          3.17063291e-01
          1.08252489e-02          3.16959844e-01
          1.08683557e-02          3.16855994e-01
          1.09116341e-02          3.16751739e-01
          1.09550849e-02          3.16647078e-01
          1.09987086e-02          3.16542008e-01
          1.10425061e-02          3.16436530e-01
          1.10864780e-02          3.16330640e-01
          1.11306250e-02          3.16224338e-01
          1.11749478e-02          3.16117621e-01
          1.12194471e-02          3.16010489e-01
          1.12641236e-02          3.15902939e-01
          1.13089780e-02          3.15794971e-01
          1.13540109e-02          3.15686582e-01
          1.13992233e-02          3.15577771e-01
          1.14446156e-02          3.15468536e-01
          1.14901887e-02          3.15358876e-01
          1.15359433e-02          3.15248789e-01
          1.15818801e-02          3.15138274e-01
          1.16279998e-02          3.15027328e-01
          1.16743032e-02          3.14915951e-01
          1.17207909e-02          3.14804140e-01
          1.17674638e-02          3.14691894e-01
          1.18143225e-02          3.14579211e-01
          1.18613678e-02          3.14466090e-01
          1.19086005e-02          3.14352529e-01
          1.19560212e-02          3.14238526e-01
          1.20036308e-02          3.14124079e-01
          1.20514299e-02          3.14009188e-01
          1.20994194e-02          3.13893850e-01
          1.21476000e-02          3.13778063e-01
          1.21959724e-02          3.13661826e-01
          1.22445375e-02          3.13545137e-01
          1.22932959e-02          3.13427995e-01
          1.23422485e-02          3.13310397e-01
          1.23913961e-02          3.13192342e-01
          1.24407393e-02          3.13073828e-01
          1.24902791e-02          3.12954854e-01
          1.25400161e-02          3.12835418e-01
          1.25899511e-02          3.12715518e-01
          1.26400850e-02          3.12595152e-01
          1.26904186e-02          3.12474318e-01
          1.27409526e-02          3.12353015e-01
          1.27916878e-02          3.12231241e-01
          1.28426250e-02          3.12108994e-01
          1.28937651e-02          3.11986273e-01
          1.29451088e-02          3.11863075e-01
          1.29966569e-02          3.11739399e-01
          1.30484104e-02          3.11615243e-01
          1.31003699e-02          3.11490605e-01
          1.31525363e-02          3.11365484e-01
          1.32049105e-02          3.11239876e-01
          1.32574932e-02          3.11113782e-01
          1.33102853e-02          3.10987199e-01
          1.33632876e-02          3.10860124e-01
          1.34165010e-02          3.10732557e-01
          1.34699262e-02          3.10604495e-01
          1.35235643e-02          3.10475936e-01
          1.35774159e-02          3.10346879e-01
          1.36314819e-02          3.10217321e-01
          1.36857633e-02          3.10087262e-01
          1.37402608e-02          3.09956698e-01
          1.37949753e-02          3.09825628e-01
          1.38499076e-02          3.09694051e-01
          1.39050588e-02          3.09561963e-01
          1.39604295e-02          3.09429364e-01
          1.40160207e-02          3.09296251e-01
          1.40718333e-02          3.09162623e-01
          1.41278682e-02          3.09028477e-01
          1.41841262e-02          3.08893811e-01
          1.42406082e-02          3.08758625e-01
          1.42973151e-02          3.08622914e-01
          1.43542478e-02          3.08486679e-01
          1.44114073e-02          3.08349916e-01
          1.44687943e-02          3.08212624e-01
          1.45264099e-02          3.08074800e-01
          1.45842549e-02          3.07936444e-01
          1.46423302e-02          3.07797552e-01
          1.47006368e-02          3.07658122e-01
          1.47591756e-02          3.07518154e-01
          1.48179475e-02          3.07377644e-01
          1.48769534e-02          3.07236591e-01
          1.49361943e-02          3.07094992e-01
          1.49956710e-02          3.06952846e-01
          1.50553847e-02          3.06810151e-01
          1.51153361e-02          3.06666904e-01
          1.51755262e-02          3.06523103e-01
          1.52359560e-02          3.06378747e-01
          1.52966265e-02          3.06233833e-01
          1.53575385e-02          3.06088359e-01
          1.54186931e-02          3.05942323e-01
          1.54800912e-02          3.05795724e-01
          1.55417338e-02          3.05648558e-01
          1.56036219e-02          3.05500824e-01
          1.56657564e-02          3.05352519e-01
          1.57281384e-02          3.05203642e-01
          1.57907687e-02          3.05054191e-01
          1.58536485e-02          3.04904162e-01
          1.59167786e-02          3.04753555e-01
          1.59801601e-02          3.04602367e-01
          1.60437940e-02          3.04450595e-01
          1.61076814e-02          3.04298238e-01
          1.61718231e-02          3.04145294e-01
          1.62362202e-02          3.03991759e-01
          1.63008738e-02          3.03837633e-01
          1.63657848e-02          3.03682912e-01
          1.64309543e-02          3.03527595e-01
          1.64963833e-02          3.03371680e-01
          1.65620728e-02          3.03215163e-01
          1.66280239e-02          3.03058044e-01
          1.66942377e-02          3.02900319e-01
          1.67607151e-02          3.02741987e-01
          1.68274572e-02          3.02583045e-01
          1.68944651e-02          3.02423490e-01
          1.69617398e-02          3.02263322e-01
          1.70292825e-02          3.02102536e-01
          1.70970940e-02          3.01941132e-01
          1.71651756e-02          3.01779107e-01
          1.72335284e-02          3.01616458e-01
          1.73021533e-02          3.01453183e-01
          1.73710514e-02          3.01289280e-01
          1.74402239e-02          3.01124747e-01
          1.75096719e-02          3.00959581e-01
          1.75793964e-02          3.00793779e-01
          1.76493986e-02          3.00627340e-01
          1.77196795e-02          3.00460262e-01
          1.77902403e-02          3.00292541e-01
          1.78610820e-02          3.00124175e-01
          1.79322059e-02          2.99955163e-01
          1.80036130e-02          2.99785501e-01
          1.80753044e-02          2.99615187e-01
          1.81472813e-02          2.99444219e-01
          1.82195448e-02          2.99272595e-01
          1.82920961e-02          2.99100311e-01
          1.83649363e-02          2.98927366e-01
          1.84380665e-02          2.98753757e-01
          1.85114879e-02          2.98579482e-01
          1.85852017e-02          2.98404538e-01
          1.86592091e-02          2.98228923e-01
          1.87335111e-02          2.98052634e-01
          1.88081090e-02          2.97875669e-01
          1.88830040e-02          2.97698025e-01
          1.89581972e-02          2.97519700e-01
          1.90336898e-02          2.97340691e-01
          1.91094831e-02          2.97160997e-01
          1.91855781e-02          2.96980613e-01
          1.92619762e-02          2.96799538e-01
          1.93386785e-02          2.96617769e-01
          1.94156862e-02          2.96435304e-01
          1.94930006e-02          2.96252140e-01
          1.95706228e-02          2.96068275e-01
          1.96485542e-02          2.95883705e-01
          1.97267958e-02          2.95698429e-01
          1.98053491e-02          2.95512444e-01
          1.98842151e-02          2.95325747e-01
          1.99633952e-02          2.95138335e-01
          2.00428906e-02          2.94950207e-01
          2.01227025e-02          2.94761359e-01
          2.02028323e-02          2.94571788e-01
          2.02832811e-02          2.94381493e-01
          2.03640503e-02          2.94190470e-01
          2.04451411e-02          2.93998717e-01
          2.05265548e-02          2.93806231e-01
          2.06082927e-02          2.93613009e-01
          2.06903562e-02          2.93419049e-01
          2.07727463e-02          2.93224348e-01
          2.08554646e-02          2.93028904e-01
          2.09385123e-02          2.92832713e-01
          2.10218906e-02          2.92635773e-01
          2.11056010e-02          2.92438082e-01
          2.11896447e-02          2.92239635e-01
          2.12740231e-02          2.92040432e-01
          2.13587375e-02          2.91840468e-01
          2.14437892e-02          2.91639742e-01
          2.15291796e-02          2.91438250e-01
          2.16149100e-02          2.91235990e-01
          2.17009818e-02          2.91032958e-01
          2.17873964e-02          2.90829153e-01
          2.18741550e-02          2.90624571e-01
          2.19612592e-02          2.90419209e-01
          2.20487102e-02          2.90213065e-01
          2.21365094e-02          2.90006136e-01
          2.22246582e-02          2.89798418e-01
          2.23131581e-02          2.89589910e-01
          2.24020104e-02          2.89380608e-01
          2.24912165e-02          2.89170509e-01
          2.25807778e-02          2.88959611e-01
          2.26706957e-02          2.88747910e-01
          2.27609717e-02          2.88535404e-01
          2.28516072e-02          2.88322089e-01
          2.29426036e-02          2.88107964e-01
          2.30339624e-02          2.87893024e-01
          2.31256850e-02          2.87677267e-01
          2.32177728e-02          2.87460691e-01
          2.33102273e-02          2.87243291e-01
          2.34030499e-02          2.87025066e-01
          2.34962422e-02          2.86806011e-01
          2.35898056e-02          2.86586125e-01
          2.36837416e-02          2.86365404e-01
          2.37780516e-02          2.86143845e-01
          2.38727371e-02          2.85921446e-01
          2.39677997e-02          2.85698202e-01
          2.40632409e-02          2.85474112e-01
          2.41590621e-02          2.85249171e-01
          2.42552649e-02          2.85023378e-01
          2.43518507e-02          2.84796728e-01
          2.44488212e-02          2.84569220e-01
          2.45461778e-02          2.84340849e-01
          2.46439221e-02          2.84111613e-01
          2.47420556e-02          2.83881508e-01
          2.48405799e-02          2.83650533e-01
          2.49394965e-02          2.83418682e-01
          2.50388070e-02          2.83185954e-01
          2.51385130e-02          2.82952345e-01
          2.52386160e-02          2.82717852e-01
          2.53391176e-02          2.82482471e-01
          2.54400194e-02          2.82246201e-01
          2.55413230e-02          2.82009037e-01
          2.56430300e-02          2.81770976e-01
          2.57451420e-02          2.81532015e-01
          2.58476607e-02          2.81292151e-01
          2.59505875e-02          2.81051381e-01
          2.60539243e-02          2.80809702e-01
          2.61576725e-02          2.80567110e-01
          2.62618338e-02          2.80323601e-01
          2.63664100e-02          2.80079174e-01
          2.64714025e-02          2.79833824e-01
          2.65768132e-02          2.79587548e-01
          2.66826435e-02          2.79340343e-01
          2.67888954e-02          2.79092206e-01
          2.68955703e-02          2.78843133e-01
          2.70026700e-02          2.78593122e-01
          2.71101962e-02          2.78342168e-01
          2.72181505e-02          2.78090268e-01
          2.73265347e-02          2.77837419e-01
          2.74353506e-02          2.77583619e-01
          2.75445997e-02          2.77328862e-01
          2.76542839e-02          2.77073146e-01
          2.77644048e-02          2.76816468e-01
          2.78749643e-02          2.76558825e-01
          2.79859640e-02          2.76300212e-01
          2.80974057e-02          2.76040626e-01
          2.82092912e-02          2.75780065e-01
          2.83216222e-02          2.75518523e-01
          2.84344005e-02          2.75255999e-01
          2.85476279e-02          2.74992489e-01
          2.86613062e-02          2.74727989e-01
          2.87754372e-02          2.74462496e-01
          2.88900226e-02          2.74196005e-01
          2.90050644e-02          2.73928515e-01
          2.91205642e-02          2.73660021e-01
          2.92365239e-02          2.73390519e-01
          2.93529454e-02          2.73120007e-01
          2.94698306e-02          2.72848480e-01
          2.95871811e-02          2.72575936e-01
          2.97049990e-02          2.72302370e-01
          2.98232860e-02          2.72027779e-01
          2.99420440e-02          2.71752159e-01
          3.00612749e-02          2.71475508e-01
          3.01809807e-02          2.71197820e-01
          3.03011631e-02          2.70919094e-01
          3.04218240e-02          2.70639324e-01
          3.05429655e-02          2.70358508e-01
          3.06645893e-02          2.70076641e-01
          3.07866975e-02          2.69793721e-01
          3.09092919e-02          2.69509743e-01
          3.10323744e-02          2.69224704e-01
          3.11559471e-02          2.68938601e-01
          3.12800119e-02          2.68651428e-01
          3.14045707e-02          2.68363184e-01
          3.15296255e-02          2.68073863e-01
          3.16551783e-02          2.67783463e-01
          3.17812310e-02          2.67491979e-01
          3.19077857e-02          2.67199409e-01
          3.20348443e-02          2.66905747e-01
          3.21624089e-02          2.66610991e-01
          3.22904815e-02          2.66315136e-01
          3.24190640e-02          2.66018179e-01
          3.25481586e-02          2.65720117e-01
          3.26777672e-02          2.65420944e-01
          3.28078920e-02          2.65120658e-01
          3.29385349e-02          2.64819255e-01
          3.30696980e-02          2.64516730e-01
          3.32013834e-02          2.64213080e-01
          3.33335932e-02          2.63908301e-01
          3.34663295e-02          2.63602390e-01
          3.35995944e-02          2.63295342e-01
          3.37333899e-02          2.62987153e-01
          3.38677182e-02          2.62677820e-01
          3.40025814e-02          2.62367338e-01
          3.41379816e-02          2.62055705e-01
          3.42739210e-02          2.61742915e-01
          3.44104017e-02          2.61428965e-01
          3.45474259e-02          2.61113851e-01
          3.46849957e-02          2.60797569e-01
          3.48231134e-02          2.60480114e-01
          3.49617810e-02          2.60161484e-01
          3.51010008e-02          2.59841674e-01
          3.52407750e-02          2.59520680e-01
          3.53811058e-02          2.59198499e-01
          3.55219954e-02          2.58875125e-01
          3.56634460e-02          2.58550555e-01
          3.58054599e-02          2.58224785e-01
          3.59480393e-02          2.57897811e-01
          3.60911864e-02          2.57569629e-01
          3.62349036e-02          2.57240234e-01
          3.63791931e-02          2.56909624e-01
          3.65240571e-02          2.56577793e-01
          3.66694980e-02          2.56244737e-01
          3.68155180e-02          2.55910453e-01
          3.69621195e-02          2.55574936e-01
          3.71093048e-02          2.55238182e-01
          3.72570762e-02          2.54900188e-01
          3.74054360e-02          2.54560948e-01
          3.75543866e-02          2.54220458e-01
          3.77039303e-02          2.53878716e-01
          3.78540695e-02          2.53535715e-01
          3.80048066e-02          2.53191453e-01
          3.81561439e-02          2.52845924e-01
          3.83080839e-02          2.52499126e-01
          3.84606289e-02          2.52151052e-01
          3.86137813e-02          2.51801700e-01
          3.87675436e-02          2.51451065e-01
          3.89219182e-02          2.51099143e-01
          3.90769075e-02          2.50745929e-01
          3.92325140e-02          2.50391420e-01
          3.93887401e-02          2.50035610e-01
          3.95455883e-02          2.49678496e-01
          3.97030611e-02          2.49320073e-01
          3.98611610e-02          2.48960337e-01
          4.00198904e-02          2.48599283e-01
          4.01792519e-02          2.48236908e-01
          4.03392480e-02          2.47873207e-01
          4.04998812e-02          2.47508176e-01
          4.06611540e-02          2.47141810e-01
          4.08230691e-02          2.46774104e-01
          4.09856289e-02          2.46405055e-01
          4.11488360e-02          2.46034658e-01
          4.13126930e-02          2.45662909e-01
          4.14772025e-02          2.45289803e-01
          4.16423671e-02          2.44915336e-01
          4.18081894e-02          2.44539503e-01
          4.19746720e-02          2.44162300e-01
          4.21418176e-02          2.43783722e-01
          4.23096287e-02          2.43403766e-01
          4.24781081e-02          2.43022425e-01
          4.26472583e-02          2.42639697e-01
          4.28170822e-02          2.42255577e-01
          4.29875822e-02          2.41870059e-01
          4.31587612e-02          2.41483140e-01
          4.33306219e-02          2.41094814e-01
          4.35031669e-02          2.40705078e-01
          4.36763990e-02          2.40313927e-01
          4.38503210e-02          2.39921356e-01
          4.40249354e-02          2.39527361e-01
          4.42002453e-02          2.39131937e-01
          4.43762532e-02          2.38735080e-01
          4.45529620e-02          2.38336784e-01
          4.47303744e-02          2.37937046e-01
          4.49084933e-02          2.37535861e-01
          4.50873215e-02          2.37133223e-01
          4.52668618e-02          2.36729129e-01
          4.54471170e-02          2.36323574e-01
          4.56280901e-02          2.35916553e-01
          4.58097837e-02          2.35508062e-01
          4.59922009e-02          2.35098095e-01
          4.61753445e-02          2.34686649e-01
          4.63592174e-02          2.34273717e-01
          4.65438224e-02          2.33859297e-01
          4.67291626e-02          2.33443383e-01
          4.69152408e-02          2.33025970e-01
          4.71020600e-02          2.32607053e-01
          4.72896231e-02          2.32186628e-01
          4.74779331e-02          2.31764691e-01
          4.76669929e-02          2.31341235e-01
          4.78568056e-02          2.30916257e-01
          4.80473742e-02          2.30489752e-01
          4.82387016e-02          2.30061715e-01
          4.84307908e-02          2.29632141e-01
          4.86236450e-02          2.29201026e-01
          4.88172672e-02          2.28768364e-01
          4.90116603e-02          2.28334150e-01
          4.92068276e-02          2.27898381e-01
          4.94027720e-02          2.27461051e-01
          4.95994966e-02          2.27022155e-01
          4.97970047e-02          2.26581688e-01
          4.99952992e-02          2.26139646e-01
          5.01943833e-02          2.25696023e-01
          5.03942603e-02          2.25250816e-01
          5.05949331e-02          2.24804018e-01
          5.07964050e-02          2.24355625e-01
          5.09986792e-02          2.23905632e-01
          5.12017589e-02          2.23454034e-01
          5.14056472e-02          2.23000826e-01
          5.16103474e-02          2.22546004e-01
          5.18158628e-02          2.22089562e-01
          5.20221965e-02          2.21631496e-01
          5.22293519e-02          2.21171799e-01
          5.24373322e-02          2.20710469e-01
          5.26461406e-02          2.20247499e-01
          5.28557806e-02          2.19782884e-01
          5.30662553e-02          2.19316620e-01
          5.32775682e-02          2.18848701e-01
          5.34897225e-02          2.18379123e-01
          5.37027217e-02          2.17907880e-01
          5.39165690e-02          2.17434968e-01
          5.41312679e-02          2.16960381e-01
          5.43468217e-02          2.16484115e-01
          5.45632338e-02          2.16006164e-01
          5.47805078e-02          2.15526524e-01
          5.49986469e-02          2.15045189e-01
          5.52176547e-02          2.14562154e-01
          5.54375345e-02          2.14077414e-01
          5.56582900e-02          2.13590964e-01
          5.58799245e-02          2.13102799e-01
          5.61024415e-02          2.12612914e-01
          5.63258447e-02          2.12121304e-01
          5.65501374e-02          2.11627964e-01
          5.67753233e-02          2.11132888e-01
          5.70014059e-02          2.10636071e-01
          5.72283887e-02          2.10137509e-01
          5.74562755e-02          2.09637196e-01
          5.76850696e-02          2.09135128e-01
          5.79147749e-02          2.08631298e-01
          5.81453949e-02          2.08125702e-01
          5.83769332e-02          2.07618334e-01
          5.86093934e-02          2.07109190e-01
          5.88427794e-02          2.06598264e-01
          5.90770947e-02          2.06085552e-01
          5.93123431e-02          2.05571047e-01
          5.95485283e-02          2.05054745e-01
          5.97856539e-02          2.04536641e-01
          6.00237238e-02          2.04016729e-01
          6.02627417e-02          2.03495004e-01
          6.05027114e-02          2.02971461e-01
          6.07436367e-02          2.02446095e-01
          6.09855213e-02          2.01918900e-01
          6.12283692e-02          2.01389872e-01
          6.14721840e-02          2.00859005e-01
          6.17169698e-02          2.00326293e-01
          6.19627303e-02          1.99791732e-01
          6.22094694e-02          1.99255317e-01
          6.24571911e-02          1.98717042e-01
          6.27058992e-02          1.98176901e-01
          6.29555977e-02          1.97634890e-01
          6.32062905e-02          1.97091004e-01
          6.34579816e-02          1.96545236e-01
          6.37106749e-02          1.95997583e-01
          6.39643745e-02          1.95448038e-01
          6.42190843e-02          1.94896596e-01
          6.44748083e-02          1.94343252e-01
          6.47315507e-02          1.93788001e-01
          6.49893155e-02          1.93230837e-01
          6.52481067e-02          1.92671756e-01
          6.55079284e-02          1.92110751e-01
          6.57687847e-02          1.91547818e-01
          6.60306797e-02          1.90982951e-01
          6.62936177e-02          1.90416145e-01
          6.65576027e-02          1.89847395e-01
          6.68226389e-02          1.89276695e-01
          6.70887305e-02          1.88704041e-01
          6.73558816e-02          1.88129425e-01
          6.76240966e-02          1.87552845e-01
          6.78933796e-02          1.86974293e-01
          6.81637350e-02          1.86393766e-01
          6.84351669e-02          1.85811256e-01
          6.87076796e-02          1.85226760e-01
          6.89812775e-02          1.84640272e-01
          6.92559649e-02          1.84051786e-01
          6.95317462e-02          1.83461298e-01
          6.98086256e-02          1.82868801e-01
          7.00866075e-02          1.82274291e-01
          7.03656964e-02          1.81677762e-01
          7.06458966e-02          1.81079209e-01
          7.09272126e-02          1.80478626e-01
          7.12096489e-02          1.79876009e-01
          7.14932098e-02          1.79271352e-01
          7.17778998e-02          1.78664649e-01
          7.20637235e-02          1.78055896e-01
          7.23506854e-02          1.77445086e-01
          7.26387900e-02          1.76832215e-01
          7.29280418e-02          1.76217277e-01
          7.32184455e-02          1.75600268e-01
          7.35100055e-02          1.74981181e-01
          7.38027266e-02          1.74360011e-01
          7.40966132e-02          1.73736753e-01
          7.43916702e-02          1.73111402e-01
          7.46879021e-02          1.72483952e-01
          7.49853136e-02          1.71854399e-01
          7.52839094e-02          1.71222736e-01
          7.55836943e-02          1.70588958e-01
          7.58846729e-02          1.69953061e-01
          7.61868500e-02          1.69315038e-01
          7.64902304e-02          1.68674885e-01
          7.67948189e-02          1.68032596e-01
          7.71006202e-02          1.67388166e-01
          7.74076393e-02          1.66741590e-01
          7.77158810e-02          1.66092862e-01
          7.80253501e-02          1.65441977e-01
          7.83360515e-02          1.64788929e-01
          7.86479901e-02          1.64133715e-01
          7.89611709e-02          1.63476327e-01
          7.92755989e-02          1.62816761e-01
          7.95912788e-02          1.62155012e-01
          7.99082159e-02          1.61491075e-01
          8.02264150e-02          1.60824944e-01
          8.05458811e-02          1.60156613e-01
          8.08666195e-02          1.59486078e-01
          8.11886350e-02          1.58813334e-01
          8.15119328e-02          1.58138375e-01
          8.18365180e-02          1.57461196e-01
          8.21623957e-02          1.56781791e-01
          8.24895710e-02          1.56100156e-01
          8.28180492e-02          1.55416286e-01
          8.31478354e-02          1.54730175e-01
          8.34789349e-02          1.54041817e-01
          8.38113528e-02          1.53351209e-01
          8.41450944e-02          1.52658344e-01
          8.44801650e-02          1.51963217e-01
          8.48165699e-02          1.51265824e-01
          8.51543143e-02          1.50566159e-01
          8.54934037e-02          1.49864217e-01
          8.58338433e-02          1.49159993e-01
          8.61756386e-02          1.48453481e-01
          8.65187949e-02          1.47744677e-01
          8.68633177e-02          1.47033576e-01
          8.72092124e-02          1.46320172e-01
          8.75564845e-02          1.45604461e-01
          8.79051394e-02          1.44886437e-01
          8.82551827e-02          1.44166095e-01
          8.86066199e-02          1.43443431e-01
          8.89594566e-02          1.42718438e-01
          8.93136982e-02          1.41991113e-01
          8.96693505e-02          1.41261450e-01
          9.00264190e-02          1.40529444e-01
          9.03849093e-02          1.39795090e-01
          9.07448272e-02          1.39058383e-01
          9.11061783e-02          1.38319319e-01
          9.14689684e-02          1.37577892e-01
          9.18332030e-02          1.36834097e-01
          9.21988881e-02          1.36087930e-01
          9.25660294e-02          1.35339385e-01
          9.29346326e-02          1.34588458e-01
          9.33047036e-02          1.33835143e-01
          9.36762483e-02          1.33079437e-01
          9.40492725e-02          1.32321333e-01
          9.44237821e-02          1.31560828e-01
          9.47997830e-02          1.30797916e-01
          9.51772812e-02          1.30032593e-01
          9.55562826e-02          1.29264854e-01
          9.59367932e-02          1.28494694e-01
          9.63188190e-02          1.27722108e-01
          9.67023660e-02          1.26947092e-01
          9.70874404e-02          1.26169641e-01
          9.74740482e-02          1.25389750e-01
          9.78621954e-02          1.24607415e-01
          9.82518883e-02          1.23822630e-01
          9.86431329e-02          1.23035392e-01
          9.90359355e-02          1.22245696e-01
          9.94303023e-02          1.21453537e-01
          9.98262395e-02          1.20658910e-01
          1.00223753e-01          1.19861812e-01
          1.00622850e-01          1.19062237e-01
          1.01023536e-01          1.18260181e-01
          1.01425817e-01          1.17455639e-01
          1.01829701e-01          1.16648608e-01
          1.02235193e-01          1.15839082e-01
          1.02642299e-01          1.15027057e-01
          1.03051027e-01          1.14212529e-01
          1.03461382e-01          1.13395494e-01
          1.03873371e-01          1.12575947e-01
          1.04287000e-01          1.11753884e-01
          1.04702277e-01          1.10929300e-01
          1.05119208e-01          1.10102191e-01
          1.05537798e-01          1.09272554e-01
          1.05958056e-01          1.08440383e-01
          1.06379987e-01          1.07605676e-01
          1.06803598e-01          1.06768426e-01
          1.07228896e-01          1.05928631e-01
          1.07655888e-01          1.05086287e-01
          1.08084580e-01          1.04241388e-01
          1.08514979e-01          1.03393932e-01
          1.08947092e-01          1.02543914e-01
          1.09380925e-01          1.01691330e-01
          1.09816486e-01          1.00836176e-01
          1.10253782e-01          9.99784491e-02
          1.10692819e-01          9.91181444e-02
          1.11133604e-01          9.82552582e-02
          1.11576144e-01          9.73897869e-02
          1.12020447e-01          9.65217265e-02
          1.12466519e-01          9.56510735e-02
          1.12914367e-01          9.47778239e-02
          1.13363998e-01          9.39019742e-02
          1.13815420e-01          9.30235207e-02
          1.14268640e-01          9.21424598e-02
          1.14723664e-01          9.12587879e-02
          1.15180500e-01          9.03725015e-02
          1.15639156e-01          8.94835970e-02
          1.16099637e-01          8.85920710e-02
          1.16561953e-01          8.76979201e-02
          1.17026109e-01          8.68011408e-02
          1.17492114e-01          8.59017299e-02
          1.17959974e-01          8.49996839e-02
          1.18429698e-01          8.40949997e-02
          1.18901291e-01          8.31876739e-02
          1.19374763e-01          8.22777035e-02
          1.19850120e-01          8.13650852e-02
          1.20327370e-01          8.04498160e-02
          1.20806521e-01          7.95318927e-02
          1.21287579e-01          7.86113124e-02
          1.21770553e-01          7.76880720e-02
          1.22255451e-01          7.67621687e-02
          1.22742279e-01          7.58335995e-02
          1.23231046e-01          7.49023616e-02
          1.23721759e-01          7.39684522e-02
          1.24214426e-01          7.30318686e-02
          1.24709055e-01          7.20926080e-02
          1.25205654e-01          7.11506678e-02
          1.25704230e-01          7.02060453e-02
          1.26204791e-01          6.92587381e-02
          1.26707346e-01          6.83087436e-02
          1.27211902e-01          6.73560593e-02
          1.27718467e-01          6.64006829e-02
          1.28227049e-01          6.54426120e-02
          1.28737657e-01          6.44818442e-02
          1.29250297e-01          6.35183773e-02
          1.29764979e-01          6.25522092e-02
          1.30281711e-01          6.15833377e-02
          1.30800500e-01          6.06117606e-02
          1.31321355e-01          5.96374760e-02
          1.31844284e-01          5.86604818e-02
          1.32369296e-01          5.76807762e-02
          1.32896398e-01          5.66983573e-02
          1.33425599e-01          5.57132233e-02
          1.33956908e-01          5.47253724e-02
          1.34490332e-01          5.37348029e-02
          1.35025880e-01          5.27415132e-02
          1.35563561e-01          5.17455018e-02
          1.36103382e-01          5.07467671e-02
          1.36645354e-01          4.97453077e-02
          1.37189484e-01          4.87411222e-02
          1.37735780e-01          4.77342093e-02
          1.38284252e-01          4.67245677e-02
          1.38834908e-01          4.57121962e-02
          1.39387756e-01          4.46970938e-02
          1.39942806e-01          4.36792593e-02
          1.40500066e-01          4.26586918e-02
          1.41059546e-01          4.16353904e-02
          1.41621253e-01          4.06093541e-02
          1.42185197e-01          3.95805823e-02
          1.42751386e-01          3.85490741e-02
          1.43319831e-01          3.75148290e-02
          1.43890538e-01          3.64778464e-02
          1.44463519e-01          3.54381258e-02
          1.45038781e-01          3.43956668e-02
          1.45616334e-01          3.33504689e-02
          1.46196186e-01          3.23025320e-02
          1.46778348e-01          3.12518559e-02
          1.47362828e-01          3.01984403e-02
          1.47949635e-01          2.91422854e-02
          1.48538779e-01          2.80833910e-02
          1.49130269e-01          2.70217574e-02
          1.49724114e-01          2.59573847e-02
          1.50320324e-01          2.48902731e-02
          1.50918908e-01          2.38204232e-02
          1.51519876e-01          2.27478352e-02
          1.52123237e-01          2.16725096e-02
          1.52729000e-01          2.05944472e-02
          1.53337176e-01          1.95136486e-02
          1.53947773e-01          1.84301146e-02
          1.54560802e-01          1.73438460e-02
          1.55176272e-01          1.62548438e-02
          1.55794193e-01          1.51631091e-02
          1.56414574e-01          1.40686429e-02
          1.57037426e-01          1.29714465e-02
          1.57662758e-01          1.18715211e-02
          1.58290580e-01          1.07688683e-02
          1.58920902e-01          9.66348950e-03
          1.59553734e-01          8.55538627e-03
          1.60189087e-01          7.44456033e-03
          1.60826969e-01          6.33101346e-03
          1.61467391e-01          5.21474754e-03
          1.62110363e-01          4.09576454e-03
          1.62755896e-01          2.97406656e-03
          1.63403999e-01          1.84965577e-03
          1.64054683e-01          7.22534444e-04
          1.64707959e-01          4.07295025e-04
          1.65363835e-01          1.53983015e-03
          1.66022323e-01          2.67506835e-03
          1.66683434e-01          3.81300692e-03
          1.67347177e-01          4.95364306e-03
          1.68013563e-01          6.09697385e-03
          1.68682602e-01          7.24299629e-03
          1.69354306e-01          8.39170725e-03
          1.70028685e-01          9.54310348e-03
          1.70705749e-01          1.06971816e-02
          1.71385509e-01          1.18539382e-02
          1.72067976e-01          1.30133697e-02
          1.72753160e-01          1.41754724e-02
          1.73441073e-01          1.53402425e-02
          1.74131726e-01          1.65076761e-02
          1.74825128e-01          1.76777690e-02
          1.75521292e-01          1.88505173e-02
          1.76220228e-01          2.00259165e-02
          1.76921947e-01          2.12039623e-02
          1.77626460e-01          2.23846501e-02
          1.78333779e-01          2.35679753e-02
          1.79043914e-01          2.47539332e-02
          1.79756877e-01          2.59425187e-02
          1.80472679e-01          2.71337270e-02
          1.81191332e-01          2.83275528e-02
          1.81912846e-01          2.95239908e-02
          1.82637234e-01          3.07230357e-02
          1.83364506e-01          3.19246818e-02
          1.84094674e-01          3.31289236e-02
          1.84827749e-01          3.43357551e-02
          1.85563744e-01          3.55451704e-02
          1.86302669e-01          3.67571635e-02
          1.87044537e-01          3.79717281e-02
          1.87789359e-01          3.91888578e-02
          1.88537147e-01          4.04085461e-02
          1.89287913e-01          4.16307864e-02
          1.90041668e-01          4.28555719e-02
          1.90798425e-01          4.40828956e-02
          1.91558195e-01          4.53127505e-02
          1.92320991e-01          4.65451293e-02
          1.93086824e-01          4.77800246e-02
          1.93855707e-01          4.90174290e-02
          1.94627652e-01          5.02573346e-02
          1.95402670e-01          5.14997338e-02
          1.96180775e-01          5.27446185e-02
          1.96961978e-01          5.39919805e-02
          1.97746292e-01          5.52418116e-02
          1.98533729e-01          5.64941032e-02
          1.99324301e-01          5.77488469e-02
          2.00118022e-01          5.90060337e-02
          2.00914904e-01          6.02656549e-02
          2.01714958e-01          6.15277011e-02
          2.02518199e-01          6.27921633e-02
          2.03324638e-01          6.40590319e-02
          2.04134288e-01          6.53282974e-02
          2.04947163e-01          6.65999499e-02
          2.05763274e-01          6.78739796e-02
          2.06582635e-01          6.91503763e-02
          2.07405259e-01          7.04291297e-02
          2.08231159e-01          7.17102294e-02
          2.09060347e-01          7.29936647e-02
          2.09892837e-01          7.42794248e-02
          2.10728643e-01          7.55674988e-02
          2.11567776e-01          7.68578753e-02
          2.12410251e-01          7.81505432e-02
          2.13256081e-01          7.94454907e-02
          2.14105279e-01          8.07427063e-02
          2.14957858e-01          8.20421779e-02
          2.15813833e-01          8.33438935e-02
          2.16673216e-01          8.46478408e-02
          2.17536021e-01          8.59540073e-02
          2.18402262e-01          8.72623802e-02
          2.19271952e-01          8.85729468e-02
          2.20145106e-01          8.98856940e-02
          2.21021736e-01          9.12006084e-02
          2.21901858e-01          9.25176766e-02
          2.22785483e-01          9.38368850e-02
          2.23672628e-01          9.51582196e-02
          2.24563305e-01          9.64816664e-02
          2.25457529e-01          9.78072111e-02
          2.26355314e-01          9.91348392e-02
          2.27256674e-01          1.00464536e-01
          2.28161623e-01          1.01796287e-01
          2.29070176e-01          1.03130076e-01
          2.29982346e-01          1.04465888e-01
          2.30898149e-01          1.05803709e-01
          2.31817599e-01          1.07143521e-01
          2.32740710e-01          1.08485309e-01
          2.33667496e-01          1.09829057e-01
          2.34597974e-01          1.11174749e-01
          2.35532156e-01          1.12522367e-01
          2.36470059e-01          1.13871894e-01
          2.37411696e-01          1.15223315e-01
          2.38357083e-01          1.16576611e-01
          2.39306235e-01          1.17931764e-01
          2.40259166e-01          1.19288757e-01
          2.41215892e-01          1.20647572e-01
          2.42176427e-01          1.22008191e-01
          2.43140788e-01          1.23370595e-01
          2.44108988e-01          1.24734765e-01
          2.45081044e-01          1.26100682e-01
          2.46056971e-01          1.27468327e-01
          2.47036784e-01          1.28837681e-01
          2.48020499e-01          1.30208723e-01
          2.49008130e-01          1.31581435e-01
          2.49999695e-01          1.32955794e-01
          2.50995208e-01          1.34331782e-01
          2.51994685e-01          1.35709377e-01
          2.52998143e-01          1.37088558e-01
          2.54005596e-01          1.38469304e-01
          2.55017061e-01          1.39851593e-01
          2.56032553e-01          1.41235404e-01
          2.57052090e-01          1.42620714e-01
          2.58075686e-01          1.44007501e-01
          2.59103358e-01          1.45395743e-01
          2.60135122e-01          1.46785417e-01
          2.61170995e-01          1.48176499e-01
          2.62210993e-01          1.49568967e-01
          2.63255132e-01          1.50962795e-01
          2.64303429e-01          1.52357962e-01
          2.65355901e-01          1.53754441e-01
          2.66412563e-01          1.55152209e-01
          2.67473433e-01          1.56551241e-01
          2.68538528e-01          1.57951511e-01
          2.69607864e-01          1.59352995e-01
          2.70681458e-01          1.60755666e-01
          2.71759327e-01          1.62159498e-01
          2.72841488e-01          1.63564466e-01
          2.73927958e-01          1.64970543e-01
          2.75018755e-01          1.66377702e-01
          2.76113896e-01          1.67785915e-01
          2.77213397e-01          1.69195155e-01
          2.78317277e-01          1.70605395e-01
          2.79425552e-01          1.72016606e-01
          2.80538241e-01          1.73428760e-01
          2.81655360e-01          1.74841828e-01
          2.82776928e-01          1.76255782e-01
          2.83902962e-01          1.77670591e-01
          2.85033479e-01          1.79086226e-01
          2.86168499e-01          1.80502657e-01
          2.87308038e-01          1.81919854e-01
          2.88452116e-01          1.83337786e-01
          2.89600748e-01          1.84756423e-01
          2.90753955e-01          1.86175732e-01
          2.91911754e-01          1.87595683e-01
          2.93074163e-01          1.89016244e-01
          2.94241202e-01          1.90437381e-01
          2.95412887e-01          1.91859063e-01
          2.96589238e-01          1.93281256e-01
          2.97770273e-01          1.94703928e-01
          2.98956012e-01          1.96127044e-01
          3.00146472e-01          1.97550571e-01
          3.01341672e-01          1.98974474e-01
          3.02541632e-01          2.00398718e-01
          3.03746370e-01          2.01823270e-01
          3.04955905e-01          2.03248092e-01
          3.06170257e-01          2.04673150e-01
          3.07389445e-01          2.06098407e-01
          3.08613487e-01          2.07523826e-01
          3.09842404e-01          2.08949372e-01
          3.11076214e-01          2.10375007e-01
          3.12314937e-01          2.11800693e-01
          3.13558593e-01          2.13226392e-01
          3.14807202e-01          2.14652066e-01
          3.16060782e-01          2.16077676e-01
          3.17319354e-01          2.17503184e-01
          3.18582938e-01          2.18928549e-01
          3.19851553e-01          2.20353733e-01
          3.21125221e-01          2.21778694e-01
          3.22403960e-01          2.23203392e-01
          3.23687791e-01          2.24627787e-01
          3.24976734e-01          2.26051836e-01
          3.26270810e-01          2.27475499e-01
          3.27570039e-01          2.28898732e-01
          3.28874442e-01          2.30321494e-01
          3.30184039e-01          2.31743741e-01
          3.31498850e-01          2.33165431e-01
          3.32818898e-01          2.34586519e-01
          3.34144202e-01          2.36006961e-01
          3.35474783e-01          2.37426712e-01
          3.36810663e-01          2.38845728e-01
          3.38151862e-01          2.40263964e-01
          3.39498402e-01          2.41681373e-01
          3.40850304e-01          2.43097909e-01
          3.42207590e-01          2.44513526e-01
          3.43570280e-01          2.45928177e-01
          3.44938397e-01          2.47341813e-01
          3.46311961e-01          2.48754388e-01
          3.47690995e-01          2.50165853e-01
          3.49075521e-01          2.51576158e-01
          3.50465559e-01          2.52985256e-01
          3.51861133e-01          2.54393096e-01
          3.53262265e-01          2.55799628e-01
          3.54668975e-01          2.57204801e-01
          3.56081287e-01          2.58608566e-01
          3.57499223e-01          2.60010869e-01
          3.58922806e-01          2.61411660e-01
          3.60352057e-01          2.62810887e-01
          3.61787000e-01          2.64208496e-01
          3.63227656e-01          2.65604434e-01
          3.64674049e-01          2.66998648e-01
          3.66126202e-01          2.68391083e-01
          3.67584138e-01          2.69781686e-01
          3.69047879e-01          2.71170400e-01
          3.70517449e-01          2.72557171e-01
          3.71992871e-01          2.73941943e-01
          3.73474168e-01          2.75324658e-01
          3.74961363e-01          2.76705261e-01
          3.76454481e-01          2.78083694e-01
          3.77953544e-01          2.79459899e-01
          3.79458577e-01          2.80833818e-01
          3.80969603e-01          2.82205392e-01
          3.82486645e-01          2.83574561e-01
          3.84009729e-01          2.84941267e-01
          3.85538878e-01          2.86305448e-01
          3.87074116e-01          2.87667045e-01
          3.88615467e-01          2.89025995e-01
          3.90162956e-01          2.90382238e-01
          3.91716607e-01          2.91735710e-01
          3.93276445e-01          2.93086350e-01
          3.94842495e-01          2.94434095e-01
          3.96414780e-01          2.95778880e-01
          3.97993326e-01          2.97120641e-01
          3.99578159e-01          2.98459314e-01
          4.01169302e-01          2.99794833e-01
          4.02766781e-01          3.01127134e-01
          4.04370621e-01          3.02456149e-01
          4.05980848e-01          3.03781812e-01
          4.07597487e-01          3.05104056e-01
          4.09220564e-01          3.06422814e-01
          4.10850104e-01          3.07738016e-01
          4.12486132e-01          3.09049594e-01
          4.14128676e-01          3.10357479e-01
          4.15777760e-01          3.11661602e-01
          4.17433411e-01          3.12961891e-01
          4.19095655e-01          3.14258276e-01
          4.20764517e-01          3.15550686e-01
          4.22440026e-01          3.16839049e-01
          4.24122206e-01          3.18123292e-01
          4.25811085e-01          3.19403343e-01
          4.27506689e-01          3.20679128e-01
          4.29209045e-01          3.21950572e-01
          4.30918181e-01          3.23217603e-01
          4.32634121e-01          3.24480144e-01
          4.34356895e-01          3.25738120e-01
          4.36086529e-01          3.26991454e-01
          4.37823051e-01          3.28240071e-01
          4.39566487e-01          3.29483892e-01
          4.41316866e-01          3.30722841e-01
          4.43074215e-01          3.31956839e-01
          4.44838562e-01          3.33185806e-01
          4.46609935e-01          3.34409664e-01
          4.48388361e-01          3.35628333e-01
          4.50173869e-01          3.36841732e-01
          4.51966488e-01          3.38049781e-01
          4.53766244e-01          3.39252397e-01
          4.55573167e-01          3.40449498e-01
          4.57387286e-01          3.41641003e-01
          4.59208628e-01          3.42826827e-01
          4.61037223e-01          3.44006886e-01
          4.62873100e-01          3.45181098e-01
          4.64716287e-01          3.46349375e-01
          4.66566814e-01          3.47511634e-01
          4.68424710e-01          3.48667788e-01
          4.70290004e-01          3.49817751e-01
          4.72162725e-01          3.50961435e-01
          4.74042905e-01          3.52098753e-01
          4.75930571e-01          3.53229616e-01
          4.77825753e-01          3.54353936e-01
          4.79728483e-01          3.55471624e-01
          4.81638789e-01          3.56582589e-01
          4.83556702e-01          3.57686740e-01
          4.85482253e-01          3.58783988e-01
          4.87415471e-01          3.59874240e-01
          4.89356387e-01          3.60957404e-01
          4.91305033e-01          3.62033387e-01
          4.93261437e-01          3.63102097e-01
          4.95225633e-01          3.64163439e-01
          4.97197650e-01          3.65217318e-01
          4.99177519e-01          3.66263641e-01
          5.01165273e-01          3.67302311e-01
          5.03160941e-01          3.68333232e-01
          5.05164557e-01          3.69356307e-01
          5.07176151e-01          3.70371440e-01
          5.09195756e-01          3.71378533e-01
          5.11223403e-01          3.72377486e-01
          5.13259123e-01          3.73368202e-01
          5.15302951e-01          3.74350581e-01
          5.17354917e-01          3.75324522e-01
          5.19415054e-01          3.76289926e-01
          5.21483394e-01          3.77246691e-01
          5.23559971e-01          3.78194715e-01
          5.25644817e-01          3.79133896e-01
          5.27737964e-01          3.80064132e-01
          5.29839447e-01          3.80985319e-01
          5.31949298e-01          3.81897352e-01
          5.34067551e-01          3.82800129e-01
          5.36194238e-01          3.83693543e-01
          5.38329395e-01          3.84577489e-01
          5.40473053e-01          3.85451861e-01
          5.42625248e-01          3.86316552e-01
          5.44786013e-01          3.87171456e-01
          5.46955382e-01          3.88016464e-01
          5.49133389e-01          3.88851468e-01
          5.51320070e-01          3.89676359e-01
          5.53515458e-01          3.90491029e-01
          5.55719589e-01          3.91295367e-01
          5.57932496e-01          3.92089262e-01
          5.60154215e-01          3.92872604e-01
          5.62384781e-01          3.93645282e-01
          5.64624230e-01          3.94407183e-01
          5.66872596e-01          3.95158195e-01
          5.69129915e-01          3.95898204e-01
          5.71396223e-01          3.96627098e-01
          5.73671555e-01          3.97344763e-01
          5.75955948e-01          3.98051083e-01
          5.78249438e-01          3.98745944e-01
          5.80552060e-01          3.99429230e-01
          5.82863852e-01          4.00100825e-01
          5.85184849e-01          4.00760612e-01
          5.87515089e-01          4.01408475e-01
          5.89854607e-01          4.02044296e-01
          5.92203442e-01          4.02667957e-01
          5.94561630e-01          4.03279339e-01
          5.96929209e-01          4.03878323e-01
          5.99306215e-01          4.04464791e-01
          6.01692687e-01          4.05038621e-01
          6.04088662e-01          4.05599695e-01
          6.06494177e-01          4.06147890e-01
          6.08909272e-01          4.06683085e-01
          6.11333983e-01          4.07205159e-01
          6.13768350e-01          4.07713990e-01
          6.16212411e-01          4.08209455e-01
          6.18666204e-01          4.08691431e-01
          6.21129769e-01          4.09159794e-01
          6.23603143e-01          4.09614420e-01
          6.26086366e-01          4.10055186e-01
          6.28579478e-01          4.10481966e-01
          6.31082518e-01          4.10894635e-01
          6.33595524e-01          4.11293068e-01
          6.36118538e-01          4.11677138e-01
          6.38651599e-01          4.12046720e-01
          6.41194746e-01          4.12401687e-01
          6.43748020e-01          4.12741911e-01
          6.46311462e-01          4.13067265e-01
          6.48885111e-01          4.13377621e-01
          6.51469009e-01          4.13672852e-01
          6.54063196e-01          4.13952828e-01
          6.56667713e-01          4.14217421e-01
          6.59282601e-01          4.14466501e-01
          6.61907902e-01          4.14699940e-01
          6.64543657e-01          4.14917607e-01
          6.67189908e-01          4.15119372e-01
          6.69846697e-01          4.15305104e-01
          6.72514065e-01          4.15474673e-01
          6.75192054e-01          4.15627949e-01
          6.77880708e-01          4.15764799e-01
          6.80580068e-01          4.15885092e-01
          6.83290176e-01          4.15988697e-01
          6.86011077e-01          4.16075481e-01
          6.88742813e-01          4.16145312e-01
          6.91485426e-01          4.16198057e-01
          6.94238961e-01          4.16233585e-01
          6.97003460e-01          4.16251761e-01
          6.99778968e-01          4.16252453e-01
          7.02565528e-01          4.16235528e-01
          7.05363184e-01          4.16200852e-01
          7.08171980e-01          4.16148292e-01
          7.10991962e-01          4.16077713e-01
          7.13823172e-01          4.15988982e-01
          7.16665657e-01          4.15881965e-01
          7.19519461e-01          4.15756528e-01
          7.22384629e-01          4.15612536e-01
          7.25261206e-01          4.15449855e-01
          7.28149237e-01          4.15268351e-01
          7.31048769e-01          4.15067889e-01
          7.33959848e-01          4.14848335e-01
          7.36882518e-01          4.14609553e-01
          7.39816826e-01          4.14351411e-01
          7.42762819e-01          4.14073772e-01
          7.45720543e-01          4.13776502e-01
          7.48690045e-01          4.13459467e-01
          7.51671372e-01          4.13122532e-01
          7.54664570e-01          4.12765563e-01
          7.57669688e-01          4.12388425e-01
          7.60686772e-01          4.11990983e-01
          7.63715870e-01          4.11573104e-01
          7.66757031e-01          4.11134653e-01
          7.69810301e-01          4.10675497e-01
          7.72875730e-01          4.10195501e-01
          7.75953365e-01          4.09694531e-01
          7.79043256e-01          4.09172454e-01
          7.82145451e-01          4.08629137e-01
          7.85259999e-01          4.08064446e-01
          7.88386949e-01          4.07478249e-01
          7.91526351e-01          4.06870412e-01
          7.94678255e-01          4.06240803e-01
          7.97842709e-01          4.05589290e-01
          8.01019764e-01          4.04915741e-01
          8.04209471e-01          4.04220025e-01
          8.07411879e-01          4.03502009e-01
          8.10627040e-01          4.02761564e-01
          8.13855003e-01          4.01998559e-01
          8.17095820e-01          4.01212863e-01
          8.20349543e-01          4.00404347e-01
          8.23616222e-01          3.99572882e-01
          8.26895909e-01          3.98718338e-01
          8.30188655e-01          3.97840588e-01
          8.33494514e-01          3.96939503e-01
          8.36813537e-01          3.96014956e-01
          8.40145777e-01          3.95066820e-01
          8.43491285e-01          3.94094970e-01
          8.46850116e-01          3.93099279e-01
          8.50222322e-01          3.92079622e-01
          8.53607956e-01          3.91035874e-01
          8.57007071e-01          3.89967913e-01
          8.60419723e-01          3.88875615e-01
          8.63845963e-01          3.87758858e-01
          8.67285847e-01          3.86617519e-01
          8.70739429e-01          3.85451478e-01
          8.74206764e-01          3.84260615e-01
          8.77687905e-01          3.83044811e-01
          8.81182909e-01          3.81803947e-01
          8.84691830e-01          3.80537904e-01
          8.88214723e-01          3.79246568e-01
          8.91751645e-01          3.77929820e-01
          8.95302651e-01          3.76587548e-01
          8.98867798e-01          3.75219636e-01
          9.02447141e-01          3.73825972e-01
          9.06040737e-01          3.72406444e-01
          9.09648643e-01          3.70960940e-01
          9.13270916e-01          3.69489351e-01
          9.16907613e-01          3.67991568e-01
          9.20558792e-01          3.66467484e-01
          9.24224510e-01          3.64916992e-01
          9.27904825e-01          3.63339986e-01
          9.31599795e-01          3.61736363e-01
          9.35309479e-01          3.60106020e-01
          9.39033935e-01          3.58448856e-01
          9.42773222e-01          3.56764769e-01
          9.46527399e-01          3.55053661e-01
          9.50296525e-01          3.53315436e-01
          9.54080660e-01          3.51549995e-01
          9.57879864e-01          3.49757246e-01
          9.61694197e-01          3.47937095e-01
          9.65523718e-01          3.46089449e-01
          9.69368489e-01          3.44214220e-01
          9.73228570e-01          3.42311318e-01
          9.77104022e-01          3.40380657e-01
          9.80994906e-01          3.38422151e-01
          9.84901284e-01          3.36435717e-01
          9.88823217e-01          3.34421272e-01
          9.92760768e-01          3.32378737e-01
          9.96713998e-01          3.30308033e-01
          1.00068297e+00          3.28209084e-01
          1.00466775e+00          3.26081815e-01
          1.00866839e+00          3.23926153e-01
          1.01268497e+00          3.21742028e-01
          1.01671754e+00          3.19529370e-01
          1.02076616e+00          3.17288113e-01
          1.02483091e+00          3.15018191e-01
          1.02891185e+00          3.12719543e-01
          1.03300904e+00          3.10392108e-01
          1.03712254e+00          3.08035826e-01
          1.04125242e+00          3.05650643e-01
          1.04539874e+00          3.03236503e-01
          1.04956158e+00          3.00793356e-01
          1.05374100e+00          2.98321151e-01
          1.05793705e+00          2.95819843e-01
          1.06214982e+00          2.93289385e-01
          1.06637936e+00          2.90729737e-01
          1.07062574e+00          2.88140859e-01
          1.07488904e+00          2.85522713e-01
          1.07916931e+00          2.82875264e-01
          1.08346662e+00          2.80198482e-01
          1.08778105e+00          2.77492336e-01
          1.09211265e+00          2.74756801e-01
          1.09646151e+00          2.71991851e-01
          1.10082768e+00          2.69197468e-01
          1.10521124e+00          2.66373631e-01
          1.10961226e+00          2.63520327e-01
          1.11403080e+00          2.60637542e-01
          1.11846693e+00          2.57725267e-01
          1.12292073e+00          2.54783496e-01
          1.12739226e+00          2.51812226e-01
          1.13188160e+00          2.48811456e-01
          1.13638882e+00          2.45781190e-01
          1.14091399e+00          2.42721433e-01
          1.14545717e+00          2.39632196e-01
          1.15001845e+00          2.36513490e-01
          1.15459789e+00          2.33365332e-01
          1.15919556e+00          2.30187741e-01
          1.16381155e+00          2.26980741e-01
          1.16844591e+00          2.23744357e-01
          1.17309873e+00          2.20478620e-01
          1.17777007e+00          2.17183563e-01
          1.18246002e+00          2.13859223e-01
          1.18716865e+00          2.10505641e-01
          1.19189602e+00          2.07122862e-01
          1.19664222e+00          2.03710934e-01
          1.20140732e+00          2.00269909e-01
          1.20619139e+00          1.96799844e-01
          1.21099451e+00          1.93300797e-01
          1.21581676e+00          1.89772834e-01
          1.22065821e+00          1.86216022e-01
          1.22551894e+00          1.82630433e-01
          1.23039903e+00          1.79016143e-01
          1.23529855e+00          1.75373233e-01
          1.24021758e+00          1.71701787e-01
          1.24515620e+00          1.68001895e-01
          1.25011448e+00          1.64273649e-01
          1.25509251e+00          1.60517146e-01
          1.26009036e+00          1.56732490e-01
          1.26510811e+00          1.52919786e-01
          1.27014584e+00          1.49079145e-01
          1.27520364e+00          1.45210683e-01
          1.28028157e+00          1.41314520e-01
          1.28537973e+00          1.37390782e-01
          1.29049818e+00          1.33439597e-01
          1.29563702e+00          1.29461099e-01
          1.30079632e+00          1.25455430e-01
          1.30597617e+00          1.21422731e-01
          1.31117664e+00          1.17363153e-01
          1.31639782e+00          1.13276849e-01
          1.32163979e+00          1.09163979e-01
          1.32690264e+00          1.05024707e-01
          1.33218644e+00          1.00859201e-01
          1.33749128e+00          9.66676366e-02
          1.34281725e+00          9.24501933e-02
          1.34816442e+00          8.82070560e-02
          1.35353289e+00          8.39384150e-02
          1.35892274e+00          7.96444660e-02
          1.36433404e+00          7.53254100e-02
          1.36976690e+00          7.09814537e-02
          1.37522139e+00          6.66128092e-02
          1.38069760e+00          6.22196941e-02
          1.38619562e+00          5.78023318e-02
          1.39171553e+00          5.33609511e-02
          1.39725742e+00          4.88957868e-02
          1.40282138e+00          4.44070794e-02
          1.40840749e+00          3.98950750e-02
          1.41401585e+00          3.53600258e-02
          1.41964655e+00          3.08021898e-02
          1.42529966e+00          2.62218310e-02
          1.43097528e+00          2.16192191e-02
          1.43667351e+00          1.69946304e-02
          1.44239443e+00          1.23483466e-02
          1.44813812e+00          7.68065617e-03
          1.45390469e+00          2.99185327e-03
          1.45969422e+00          1.71776153e-03
          1.46550681e+00          6.44788146e-03
          1.47134254e+00          1.11981934e-02
          1.47720151e+00          1.59683781e-02
          1.48308381e+00          2.07581096e-02
          1.48898954e+00          2.55670559e-02
          1.49491878e+00          3.03948783e-02
          1.50087163e+00          3.52412318e-02
          1.50684819e+00          4.01057647e-02
          1.51284855e+00          4.49881188e-02
          1.51887280e+00          4.98879295e-02
          1.52492103e+00          5.48048253e-02
          1.53099336e+00          5.97384281e-02
          1.53708986e+00          6.46883534e-02
          1.54321064e+00          6.96542096e-02
          1.54935579e+00          7.46355985e-02
          1.55552542e+00          7.96321151e-02
          1.56171961e+00          8.46433477e-02
          1.56793847e+00          8.96688775e-02
          1.57418209e+00          9.47082792e-02
          1.58045057e+00          9.97611203e-02
          1.58674401e+00          1.04826961e-01
          1.59306252e+00          1.09905356e-01
          1.59940619e+00          1.14995852e-01
          1.60577511e+00          1.20097988e-01
          1.61216940e+00          1.25211297e-01
          1.61858915e+00          1.30335306e-01
          1.62503447e+00          1.35469532e-01
          1.63150545e+00          1.40613487e-01
          1.63800220e+00          1.45766676e-01
          1.64452481e+00          1.50928597e-01
          1.65107341e+00          1.56098740e-01
          1.65764808e+00          1.61276588e-01
          1.66424893e+00          1.66461617e-01
          1.67087606e+00          1.71653297e-01
          1.67752958e+00          1.76851089e-01
          1.68420960e+00          1.82054449e-01
          1.69091622e+00          1.87262823e-01
          1.69764955e+00          1.92475653e-01
          1.70440969e+00          1.97692371e-01
          1.71119674e+00          2.02912405e-01
          1.71801083e+00          2.08135172e-01
          1.72485204e+00          2.13360086e-01
          1.73172050e+00          2.18586550e-01
          1.73861631e+00          2.23813963e-01
          1.74553958e+00          2.29041716e-01
          1.75249042e+00          2.34269191e-01
          1.75946894e+00          2.39495765e-01
          1.76647525e+00          2.44720808e-01
          1.77350945e+00          2.49943681e-01
          1.78057167e+00          2.55163741e-01
          1.78766201e+00          2.60380336e-01
          1.79478058e+00          2.65592807e-01
          1.80192750e+00          2.70800488e-01
          1.80910288e+00          2.76002707e-01
          1.81630683e+00          2.81198784e-01
          1.82353947e+00          2.86388034e-01
          1.83080090e+00          2.91569763e-01
          1.83809126e+00          2.96743271e-01
          1.84541064e+00          3.01907852e-01
          1.85275917e+00          3.07062792e-01
          1.86013697e+00          3.12207371e-01
          1.86754414e+00          3.17340864e-01
          1.87498081e+00          3.22462537e-01
          1.88244709e+00          3.27571649e-01
          1.88994310e+00          3.32667456e-01
          1.89746896e+00          3.37749204e-01
          1.90502479e+00          3.42816136e-01
          1.91261071e+00          3.47867485e-01
          1.92022684e+00          3.52902480e-01
          1.92787329e+00          3.57920345e-01
          1.93555019e+00          3.62920296e-01
          1.94325766e+00          3.67901543e-01
          1.95099583e+00          3.72863290e-01
          1.95876480e+00          3.77804738e-01
          1.96656472e+00          3.82725077e-01
          1.97439569e+00          3.87623497e-01
          1.98225785e+00          3.92499179e-01
          1.99015131e+00          3.97351299e-01
          1.99807621e+00          4.02179028e-01
          2.00603266e+00          4.06981531e-01
          2.01402080e+00          4.11757969e-01
          2.02204075e+00          4.16507497e-01
          2.03009263e+00          4.21229266e-01
          2.03817657e+00          4.25922420e-01
          2.04629271e+00          4.30586101e-01
          2.05444116e+00          4.35219443e-01
          2.06262207e+00          4.39821580e-01
          2.07083554e+00          4.44391637e-01
          2.07908173e+00          4.48928737e-01
          2.08736075e+00          4.53431999e-01
          2.09567274e+00          4.57900537e-01
          2.10401783e+00          4.62333462e-01
          2.11239615e+00          4.66729880e-01
          2.12080783e+00          4.71088894e-01
          2.12925301e+00          4.75409605e-01
          2.13773182e+00          4.79691108e-01
          2.14624439e+00          4.83932496e-01
          2.15479086e+00          4.88132860e-01
          2.16337136e+00          4.92291286e-01
          2.17198603e+00          4.96406860e-01
          2.18063500e+00          5.00478662e-01
          2.18931842e+00          5.04505773e-01
          2.19803641e+00          5.08487270e-01
          2.20678911e+00          5.12422227e-01
          2.21557667e+00          5.16309718e-01
          2.22439923e+00          5.20148816e-01
          2.23325691e+00          5.23938589e-01
          2.24214987e+00          5.27678107e-01
          2.25107824e+00          5.31366438e-01
          2.26004216e+00          5.35002648e-01
          2.26904178e+00          5.38585803e-01
          2.27807723e+00          5.42114969e-01
          2.28714867e+00          5.45589210e-01
          2.29625622e+00          5.49007593e-01
          2.30540005e+00          5.52369181e-01
          2.31458028e+00          5.55673040e-01
          2.32379707e+00          5.58918237e-01
          2.33305057e+00          5.62103838e-01
          2.34234091e+00          5.65228910e-01
          2.35166824e+00          5.68292522e-01
          2.36103272e+00          5.71293745e-01
          2.37043449e+00          5.74231650e-01
          2.37987370e+00          5.77105311e-01
          2.38935049e+00          5.79913804e-01
          2.39886502e+00          5.82656207e-01
          2.40841744e+00          5.85331602e-01
          2.41800789e+00          5.87939071e-01
          2.42763654e+00          5.90477702e-01
          2.43730353e+00          5.92946585e-01
          2.44700901e+00          5.95344815e-01
          2.45675314e+00          5.97671488e-01
          2.46653607e+00          5.99925706e-01
          2.47635796e+00          6.02106577e-01
          2.48621896e+00          6.04213212e-01
          2.49611923e+00          6.06244726e-01
          2.50605892e+00          6.08200240e-01
          2.51603819e+00          6.10078883e-01
          2.52605719e+00          6.11879786e-01
          2.53611610e+00          6.13602088e-01
          2.54621506e+00          6.15244936e-01
          2.55635423e+00          6.16807480e-01
          2.56653378e+00          6.18288879e-01
          2.57675387e+00          6.19688300e-01
          2.58701465e+00          6.21004917e-01
          2.59731629e+00          6.22237911e-01
          2.60765895e+00          6.23386471e-01
          2.61804280e+00          6.24449798e-01
          2.62846800e+00          6.25427096e-01
          2.63893471e+00          6.26317583e-01
          2.64944309e+00          6.27120484e-01
          2.65999333e+00          6.27835035e-01
          2.67058558e+00          6.28460481e-01
          2.68122000e+00          6.28996076e-01
          2.69189677e+00          6.29441089e-01
          2.70261606e+00          6.29794796e-01
          2.71337803e+00          6.30056485e-01
          2.72418286e+00          6.30225458e-01
          2.73503071e+00          6.30301026e-01
          2.74592176e+00          6.30282513e-01
          2.75685618e+00          6.30169257e-01
          2.76783414e+00          6.29960608e-01
          2.77885581e+00          6.29655929e-01
          2.78992137e+00          6.29254597e-01
          2.80103100e+00          6.28756002e-01
          2.81218487e+00          6.28159550e-01
          2.82338315e+00          6.27464660e-01
          2.83462602e+00          6.26670767e-01
          2.84591366e+00          6.25777320e-01
          2.85724626e+00          6.24783784e-01
          2.86862397e+00          6.23689642e-01
          2.88004700e+00          6.22494389e-01
          2.89151551e+00          6.21197540e-01
          2.90302969e+00          6.19798626e-01
          2.91458972e+00          6.18297194e-01
          2.92619579e+00          6.16692811e-01
          2.93784807e+00          6.14985059e-01
          2.94954674e+00          6.13173541e-01
          2.96129201e+00          6.11257876e-01
          2.97308404e+00          6.09237704e-01
          2.98492303e+00          6.07112682e-01
          2.99680917e+00          6.04882488e-01
          3.00874263e+00          6.02546820e-01
          3.02072362e+00          6.00105395e-01
          3.03275231e+00          5.97557952e-01
          3.04482891e+00          5.94904248e-01
          3.05695359e+00          5.92144064e-01
          3.06912656e+00          5.89277202e-01
          3.08134799e+00          5.86303484e-01
          3.09361810e+00          5.83222755e-01
          3.10593706e+00          5.80034882e-01
          3.11830508e+00          5.76739756e-01
          3.13072235e+00          5.73337289e-01
          3.14318907e+00          5.69827417e-01
          3.15570543e+00          5.66210099e-01
          3.16827163e+00          5.62485319e-01
          3.18088787e+00          5.58653085e-01
          3.19355434e+00          5.54713427e-01
          3.20627126e+00          5.50666402e-01
          3.21903882e+00          5.46512092e-01
          3.23185721e+00          5.42250602e-01
          3.24472665e+00          5.37882064e-01
          3.25764734e+00          5.33406636e-01
          3.27061948e+00          5.28824501e-01
          3.28364327e+00          5.24135869e-01
          3.29671893e+00          5.19340974e-01
          3.30984665e+00          5.14440081e-01
          3.32302665e+00          5.09433478e-01
          3.33625913e+00          5.04321482e-01
          3.34954431e+00          4.99104436e-01
          3.36288239e+00          4.93782713e-01
          3.37627358e+00          4.88356711e-01
          3.38971809e+00          4.82826858e-01
          3.40321614e+00          4.77193609e-01
          3.41676795e+00          4.71457447e-01
          3.43037371e+00          4.65618886e-01
          3.44403366e+00          4.59678464e-01
          3.45774800e+00          4.53636753e-01
          3.47151695e+00          4.47494351e-01
          3.48534073e+00          4.41251887e-01
          3.49921955e+00          4.34910016e-01
          3.51315365e+00          4.28469427e-01
          3.52714322e+00          4.21930835e-01
          3.54118851e+00          4.15294986e-01
          3.55528973e+00          4.08562657e-01
          3.56944709e+00          4.01734653e-01
          3.58366084e+00          3.94811811e-01
          3.59793118e+00          3.87794995e-01
          3.61225835e+00          3.80685102e-01
          3.62664257e+00          3.73483059e-01
          3.64108407e+00          3.66189823e-01
          3.65558307e+00          3.58806380e-01
          3.67013981e+00          3.51333748e-01
          3.68475452e+00          3.43772975e-01
          3.69942742e+00          3.36125140e-01
          3.71415876e+00          3.28391352e-01
          3.72894875e+00          3.20572749e-01
          3.74379764e+00          3.12670503e-01
          3.75870565e+00          3.04685813e-01
          3.77367303e+00          2.96619911e-01
          3.78870002e+00          2.88474057e-01
          3.80378684e+00          2.80249544e-01
          3.81893373e+00          2.71947692e-01
          3.83414095e+00          2.63569855e-01
          3.84940872e+00          2.55117415e-01
          3.86473728e+00          2.46591783e-01
          3.88012689e+00          2.37994402e-01
          3.89557778e+00          2.29326745e-01
          3.91109019e+00          2.20590312e-01
          3.92666438e+00          2.11786635e-01
          3.94230058e+00          2.02917276e-01
          3.95799904e+00          1.93983823e-01
          3.97376002e+00          1.84987896e-01
          3.98958376e+00          1.75931143e-01
          4.00547052e+00          1.66815240e-01
          4.02142053e+00          1.57641893e-01
          4.03743406e+00          1.48412835e-01
          4.05351135e+00          1.39129827e-01
          4.06965266e+00          1.29794659e-01
          4.08585825e+00          1.20409146e-01
          4.10212838e+00          1.10975134e-01
          4.11846329e+00          1.01494493e-01
          4.13486324e+00          9.19691200e-02
          4.15132851e+00          8.24009397e-02
          4.16785933e+00          7.27919019e-02
          4.18445599e+00          6.31439824e-02
          4.20111873e+00          5.34591823e-02
          4.21784783e+00          4.37395276e-02
          4.23464354e+00          3.39870692e-02
          4.25150613e+00          2.42038822e-02
          4.26843587e+00          1.43920654e-02
          4.28543303e+00          4.55374130e-03
          4.30249787e+00          5.30894465e-03
          4.31963066e+00          1.51938244e-02
          4.33683168e+00          2.50987075e-02
          4.35410119e+00          3.50213822e-02
          4.37143947e+00          4.49596150e-02
          4.38884679e+00          5.49111520e-02
          4.40632343e+00          6.48737188e-02
          4.42386967e+00          7.48450213e-02
          4.44148577e+00          8.48227460e-02
          4.45917202e+00          9.48045608e-02
          4.47692870e+00          1.04788115e-01
          4.49475609e+00          1.14771042e-01
          4.51265446e+00          1.24750954e-01
          4.53062411e+00          1.34725452e-01
          4.54866532e+00          1.44692117e-01
          4.56677836e+00          1.54648516e-01
          4.58496353e+00          1.64592203e-01
          4.60322112e+00          1.74520714e-01
          4.62155141e+00          1.84431575e-01
          4.63995470e+00          1.94322297e-01
          4.65843126e+00          2.04190381e-01
          4.67698140e+00          2.14033314e-01
          4.69560541e+00          2.23848574e-01
          4.71430358e+00          2.33633628e-01
          4.73307621e+00          2.43385933e-01
          4.75192359e+00          2.53102939e-01
          4.77084602e+00          2.62782085e-01
          4.78984380e+00          2.72420807e-01
          4.80891723e+00          2.82016530e-01
          4.82806662e+00          2.91566675e-01
          4.84729226e+00          3.01068658e-01
          4.86659445e+00          3.10519890e-01
          4.88597351e+00          3.19917780e-01
          4.90542974e+00          3.29259733e-01
          4.92496344e+00          3.38543150e-01
          4.94457492e+00          3.47765435e-01
          4.96426451e+00          3.56923987e-01
          4.98403249e+00          3.66016209e-01
          5.00387919e+00          3.75039503e-01
          5.02380493e+00          3.83991275e-01
          5.04381001e+00          3.92868930e-01
          5.06389475e+00          4.01669881e-01
          5.08405947e+00          4.10391544e-01
          5.10430448e+00          4.19031338e-01
          5.12463012e+00          4.27586691e-01
          5.14503669e+00          4.36055036e-01
          5.16552452e+00          4.44433817e-01
          5.18609393e+00          4.52720483e-01
          5.20674526e+00          4.60912495e-01
          5.22747881e+00          4.69007323e-01
          5.24829493e+00          4.77002450e-01
          5.26919395e+00          4.84895369e-01
          5.29017618e+00          4.92683588e-01
          5.31124196e+00          5.00364629e-01
          5.33239163e+00          5.07936028e-01
          5.35362552e+00          5.15395336e-01
          5.37494396e+00          5.22740123e-01
          5.39634730e+00          5.29967974e-01
          5.41783586e+00          5.37076495e-01
          5.43941000e+00          5.44063309e-01
          5.46107004e+00          5.50926061e-01
          5.48281633e+00          5.57662417e-01
          5.50464922e+00          5.64270062e-01
          5.52656905e+00          5.70746709e-01
          5.54857617e+00          5.77090090e-01
          5.57067091e+00          5.83297966e-01
          5.59285364e+00          5.89368119e-01
          5.61512471e+00          5.95298362e-01
          5.63748446e+00          6.01086532e-01
          5.65993324e+00          6.06730496e-01
          5.68247142e+00          6.12228149e-01
          5.70509935e+00          6.17577417e-01
          5.72781738e+00          6.22776256e-01
          5.75062588e+00          6.27822655e-01
          5.77352520e+00          6.32714635e-01
          5.79651571e+00          6.37450248e-01
          5.81959777e+00          6.42027584e-01
          5.84277174e+00          6.46444767e-01
          5.86603799e+00          6.50699956e-01
          5.88939689e+00          6.54791346e-01
          5.91284881e+00          6.58717173e-01
          5.93639411e+00          6.62475709e-01
          5.96003317e+00          6.66065264e-01
          5.98376636e+00          6.69484191e-01
          6.00759406e+00          6.72730883e-01
          6.03151665e+00          6.75803772e-01
          6.05553449e+00          6.78701337e-01
          6.07964798e+00          6.81422096e-01
          6.10385749e+00          6.83964612e-01
          6.12816340e+00          6.86327495e-01
          6.15256609e+00          6.88509397e-01
          6.17706596e+00          6.90509019e-01
          6.20166339e+00          6.92325105e-01
          6.22635877e+00          6.93956452e-01
          6.25115249e+00          6.95401900e-01
          6.27604494e+00          6.96660340e-01
          6.30103651e+00          6.97730713e-01
          6.32612760e+00          6.98612009e-01
          6.35131860e+00          6.99303271e-01
          6.37660992e+00          6.99803589e-01
          6.40200194e+00          7.00112110e-01
          6.42749508e+00          7.00228030e-01
          6.45308973e+00          7.00150600e-01
          6.47878631e+00          6.99879125e-01
          6.50458521e+00          6.99412961e-01
          6.53048684e+00          6.98751524e-01
          6.55649161e+00          6.97894280e-01
          6.58259993e+00          6.96840755e-01
          6.60881223e+00          6.95590529e-01
          6.63512889e+00          6.94143239e-01
          6.66155036e+00          6.92498579e-01
          6.68807703e+00          6.90656302e-01
          6.71470934e+00          6.88616216e-01
          6.74144770e+00          6.86378191e-01
          6.76829253e+00          6.83942153e-01
          6.79524426e+00          6.81308088e-01
          6.82230331e+00          6.78476041e-01
          6.84947011e+00          6.75446118e-01
          6.87674509e+00          6.72218484e-01
          6.90412869e+00          6.68793363e-01
          6.93162132e+00          6.65171042e-01
          6.95922344e+00          6.61351867e-01
          6.98693546e+00          6.57336245e-01
          7.01475784e+00          6.53124645e-01
          7.04269101e+00          6.48717597e-01
          7.07073541e+00          6.44115692e-01
          7.09889148e+00          6.39319584e-01
          7.12715967e+00          6.34329985e-01
          7.15554043e+00          6.29147673e-01
          7.18403420e+00          6.23773485e-01
          7.21264144e+00          6.18208321e-01
          7.24136259e+00          6.12453144e-01
          7.27019811e+00          6.06508975e-01
          7.29914846e+00          6.00376901e-01
          7.32821409e+00          5.94058069e-01
          7.35739545e+00          5.87553686e-01
          7.38669302e+00          5.80865024e-01
          7.41610726e+00          5.73993414e-01
          7.44563862e+00          5.66940249e-01
          7.47528758e+00          5.59706982e-01
          7.50505461e+00          5.52295130e-01
          7.53494016e+00          5.44706267e-01
          7.56494473e+00          5.36942030e-01
          7.59506877e+00          5.29004115e-01
          7.62531277e+00          5.20894279e-01
          7.65567720e+00          5.12614337e-01
          7.68616255e+00          5.04166166e-01
          7.71676929e+00          4.95551699e-01
          7.74749791e+00          4.86772930e-01
          7.77834889e+00          4.77831908e-01
          7.80932272e+00          4.68730745e-01
          7.84041989e+00          4.59471604e-01
          7.87164089e+00          4.50056710e-01
          7.90298622e+00          4.40488342e-01
          7.93445636e+00          4.30768835e-01
          7.96605182e+00          4.20900580e-01
          7.99777309e+00          4.10886022e-01
          8.02962069e+00          4.00727661e-01
          8.06159509e+00          3.90428050e-01
          8.09369683e+00          3.79989796e-01
          8.12592639e+00          3.69415556e-01
          8.15828430e+00          3.58708041e-01
          8.19077105e+00          3.47870012e-01
          8.22338717e+00          3.36904280e-01
          8.25613317e+00          3.25813707e-01
          8.28900957e+00          3.14601201e-01
          8.32201688e+00          3.03269722e-01
          8.35515563e+00          2.91822274e-01
          8.38842634e+00          2.80261908e-01
          8.42182953e+00          2.68591721e-01
          8.45536574e+00          2.56814856e-01
          8.48903549e+00          2.44934497e-01
          8.52283931e+00          2.32953874e-01
          8.55677775e+00          2.20876256e-01
          8.59085133e+00          2.08704956e-01
          8.62506059e+00          1.96443326e-01
          8.65940608e+00          1.84094757e-01
          8.69388833e+00          1.71662678e-01
          8.72850789e+00          1.59150556e-01
          8.76326531e+00          1.46561895e-01
          8.79816113e+00          1.33900231e-01
          8.83319592e+00          1.21169137e-01
          8.86837021e+00          1.08372219e-01
          8.90368457e+00          9.55131146e-02
          8.93913955e+00          8.25954908e-02
          8.97473571e+00          6.96230462e-02
          9.01047363e+00          5.65995074e-02
          9.04635385e+00          4.35286285e-02
          9.08237695e+00          3.04141901e-02
          9.11854349e+00          1.72599979e-02
          9.15485406e+00          4.06988154e-03
          9.19130921e+00          9.15230645e-03
          9.22790953e+00          2.24026920e-02
          9.26465559e+00          3.56773805e-02
          9.30154798e+00          4.89724584e-02
          9.33858728e+00          6.22839942e-02
          9.37577407e+00          7.56080396e-02
          9.41310894e+00          8.89406311e-02
          9.45059248e+00          1.02277791e-01
          9.48822528e+00          1.15615529e-01
          9.52600794e+00          1.28949842e-01
          9.56394105e+00          1.42276719e-01
          9.60202521e+00          1.55592138e-01
          9.64026102e+00          1.68892070e-01
          9.67864910e+00          1.82172480e-01
          9.71719003e+00          1.95429328e-01
          9.75588444e+00          2.08658570e-01
          9.79473293e+00          2.21856160e-01
          9.83373612e+00          2.35018051e-01
          9.87289462e+00          2.48140196e-01
          9.91220905e+00          2.61218551e-01
          9.95168004e+00          2.74249073e-01
          9.99130820e+00          2.87227725e-01
          1.00310942e+01          3.00150476e-01
          1.00710385e+01          3.13013300e-01
          1.01111420e+01          3.25812183e-01
          1.01514051e+01          3.38543119e-01
          1.01918286e+01          3.51202112e-01
          1.02324131e+01          3.63785182e-01
          1.02731591e+01          3.76288359e-01
          1.03140674e+01          3.88707692e-01
          1.03551386e+01          4.01039245e-01
          1.03963734e+01          4.13279099e-01
          1.04377724e+01          4.25423357e-01
          1.04793362e+01          4.37468142e-01
          1.05210655e+01          4.49409597e-01
          1.05629610e+01          4.61243893e-01
          1.06050233e+01          4.72967220e-01
          1.06472531e+01          4.84575800e-01
          1.06896511e+01          4.96065879e-01
          1.07322179e+01          5.07433732e-01
          1.07749542e+01          5.18675666e-01
          1.08178607e+01          5.29788018e-01
          1.08609380e+01          5.40767159e-01
          1.09041869e+01          5.51609493e-01
          1.09476080e+01          5.62311459e-01
          1.09912020e+01          5.72869535e-01
          1.10349696e+01          5.83280235e-01
          1.10789115e+01          5.93540111e-01
          1.11230283e+01          6.03645760e-01
          1.11673209e+01          6.13593815e-01
          1.12117898e+01          6.23380956e-01
          1.12564358e+01          6.33003906e-01
          1.13012595e+01          6.42459434e-01
          1.13462618e+01          6.51744352e-01
          1.13914433e+01          6.60855525e-01
          1.14368046e+01          6.69789864e-01
          1.14823466e+01          6.78544329e-01
          1.15280700e+01          6.87115934e-01
          1.15739754e+01          6.95501743e-01
          1.16200637e+01          7.03698874e-01
          1.16663354e+01          7.11704500e-01
          1.17127915e+01          7.19515849e-01
          1.17594325e+01          7.27130205e-01
          1.18062592e+01          7.34544912e-01
          1.18532724e+01          7.41757370e-01
          1.19004728e+01          7.48765039e-01
          1.19478612e+01          7.55565442e-01
          1.19954382e+01          7.62156160e-01
          1.20432048e+01          7.68534840e-01
          1.20911615e+01          7.74699189e-01
          1.21393092e+01          7.80646982e-01
          1.21876486e+01          7.86376057e-01
          1.22361805e+01          7.91884319e-01
          1.22849057e+01          7.97169738e-01
          1.23338249e+01          8.02230354e-01
          1.23829389e+01          8.07064276e-01
          1.24322485e+01          8.11669680e-01
          1.24817544e+01          8.16044813e-01
          1.25314575e+01          8.20187995e-01
          1.25813584e+01          8.24097614e-01
          1.26314581e+01          8.27772133e-01
          1.26817573e+01          8.31210086e-01
          1.27322568e+01          8.34410082e-01
          1.27829574e+01          8.37370803e-01
          1.28338598e+01          8.40091007e-01
          1.28849650e+01          8.42569526e-01
          1.29362737e+01          8.44805269e-01
          1.29877867e+01          8.46797220e-01
          1.30395048e+01          8.48544441e-01
          1.30914288e+01          8.50046071e-01
          1.31435597e+01          8.51301327e-01
          1.31958981e+01          8.52309503e-01
          1.32484449e+01          8.53069973e-01
          1.33012009e+01          8.53582189e-01
          1.33541671e+01          8.53845683e-01
          1.34073442e+01          8.53860065e-01
          1.34607330e+01          8.53625027e-01
          1.35143344e+01          8.53140340e-01
          1.35681492e+01          8.52405854e-01
          1.36221784e+01          8.51421502e-01
          1.36764227e+01          8.50187295e-01
          1.37308830e+01          8.48703328e-01
          1.37855601e+01          8.46969774e-01
          1.38404550e+01          8.44986888e-01
          1.38955685e+01          8.42755007e-01
          1.39509015e+01          8.40274548e-01
          1.40064547e+01          8.37546009e-01
          1.40622293e+01          8.34569970e-01
          1.41182259e+01          8.31347091e-01
          1.41744454e+01          8.27878114e-01
          1.42308889e+01          8.24163861e-01
          1.42875571e+01          8.20205235e-01
          1.43444510e+01          8.16003220e-01
          1.44015714e+01          8.11558878e-01
          1.44589193e+01          8.06873355e-01
          1.45164955e+01          8.01947874e-01
          1.45743011e+01          7.96783739e-01
          1.46323368e+01          7.91382331e-01
          1.46906036e+01          7.85745113e-01
          1.47491024e+01          7.79873625e-01
          1.48078342e+01          7.73769485e-01
          1.48667998e+01          7.67434389e-01
          1.49260002e+01          7.60870111e-01
          1.49854364e+01          7.54078501e-01
          1.50451093e+01          7.47061485e-01
          1.51050198e+01          7.39821067e-01
          1.51651688e+01          7.32359324e-01
          1.52255574e+01          7.24678408e-01
          1.52861865e+01          7.16780545e-01
          1.53470569e+01          7.08668037e-01
          1.54081698e+01          7.00343255e-01
          1.54695260e+01          6.91808644e-01
          1.55311265e+01          6.83066721e-01
          1.55929724e+01          6.74120071e-01
          1.56550645e+01          6.64971353e-01
          1.57174039e+01          6.55623291e-01
          1.57799915e+01          6.46078680e-01
          1.58428283e+01          6.36340381e-01
          1.59059153e+01          6.26411322e-01
          1.59692536e+01          6.16294497e-01
          1.60328441e+01          6.05992963e-01
          1.60966878e+01          5.95509844e-01
          1.61607857e+01          5.84848324e-01
          1.62251389e+01          5.74011650e-01
          1.62897483e+01          5.63003129e-01
          1.63546150e+01          5.51826129e-01
          1.64197401e+01          5.40484077e-01
          1.64851244e+01          5.28980456e-01
          1.65507691e+01          5.17318807e-01
          1.66166752e+01          5.05502725e-01
          1.66828438e+01          4.93535861e-01
          1.67492758e+01          4.81421919e-01
          1.68159724e+01          4.69164652e-01
          1.68829346e+01          4.56767869e-01
          1.69501634e+01          4.44235424e-01
          1.70176599e+01          4.31571221e-01
          1.70854252e+01          4.18779212e-01
          1.71534603e+01          4.05863393e-01
          1.72217664e+01          3.92827805e-01
          1.72903445e+01          3.79676533e-01
          1.73591956e+01          3.66413703e-01
          1.74283209e+01          3.53043482e-01
          1.74977215e+01          3.39570075e-01
          1.75673984e+01          3.25997727e-01
          1.76373528e+01          3.12330717e-01
          1.77075858e+01          2.98573359e-01
          1.77780984e+01          2.84730003e-01
          1.78488918e+01          2.70805029e-01
          1.79199671e+01          2.56802848e-01
          1.79913254e+01          2.42727900e-01
          1.80629679e+01          2.28584653e-01
          1.81348957e+01          2.14377601e-01
          1.82071099e+01          2.00111264e-01
          1.82796116e+01          1.85790184e-01
          1.83524021e+01          1.71418924e-01
          1.84254824e+01          1.57002068e-01
          1.84988537e+01          1.42544219e-01
          1.85725172e+01          1.28049998e-01
          1.86464741e+01          1.13524038e-01
          1.87207254e+01          9.89709893e-02
          1.87952724e+01          8.43955140e-02
          1.88701163e+01          6.98022843e-02
          1.89452581e+01          5.51959820e-02
          1.90206992e+01          4.05812967e-02
          1.90964408e+01          2.59629240e-02
          1.91724839e+01          1.13455639e-02
          1.92488298e+01          3.26608044e-03
          1.93254797e+01          1.78673047e-02
          1.94024349e+01          3.24534048e-02
          1.94796965e+01          4.70196785e-02
          1.95572658e+01          6.15614271e-02
          1.96351439e+01          7.60739570e-02
          1.97133322e+01          9.05525812e-02
          1.97918318e+01          1.04992621e-01
          1.98706440e+01          1.19389408e-01
          1.99497701e+01          1.33738284e-01
          2.00292112e+01          1.48034606e-01
          2.01089687e+01          1.62273743e-01
          2.01890437e+01          1.76451083e-01
          2.02694377e+01          1.90562030e-01
          2.03501517e+01          2.04602008e-01
          2.04311872e+01          2.18566462e-01
          2.05125454e+01          2.32450860e-01
          2.05942275e+01          2.46250693e-01
          2.06762349e+01          2.59961479e-01
          2.07585688e+01          2.73578762e-01
          2.08412307e+01          2.87098116e-01
          2.09242216e+01          3.00515144e-01
          2.10075431e+01          3.13825481e-01
          2.10911963e+01          3.27024798e-01
          2.11751827e+01          3.40108796e-01
          2.12595035e+01          3.53073217e-01
          2.13441600e+01          3.65913838e-01
          2.14291537e+01          3.78626476e-01
          2.15144858e+01          3.91206988e-01
          2.16001577e+01          4.03651276e-01
          2.16861708e+01          4.15955281e-01
          2.17725264e+01          4.28114992e-01
          2.18592258e+01          4.40126445e-01
          2.19462705e+01          4.51985722e-01
          2.20336618e+01          4.63688955e-01
          2.21214011e+01          4.75232325e-01
          2.22094898e+01          4.86612066e-01
          2.22979293e+01          4.97824467e-01
          2.23867209e+01          5.08865867e-01
          2.24758661e+01          5.19732665e-01
          2.25653663e+01          5.30421314e-01
          2.26552229e+01          5.40928326e-01
          2.27454373e+01          5.51250274e-01
          2.28360109e+01          5.61383789e-01
          2.29269452e+01          5.71325566e-01
          2.30182416e+01          5.81072361e-01
          2.31099016e+01          5.90620994e-01
          2.32019265e+01          5.99968354e-01
          2.32943179e+01          6.09111390e-01
          2.33870772e+01          6.18047124e-01
          2.34802059e+01          6.26772644e-01
          2.35737054e+01          6.35285106e-01
          2.36675773e+01          6.43581738e-01
          2.37618229e+01          6.51659840e-01
          2.38564439e+01          6.59516782e-01
          2.39514416e+01          6.67150010e-01
          2.40468176e+01          6.74557043e-01
          2.41425734e+01          6.81735472e-01
          2.42387105e+01          6.88682969e-01
          2.43352305e+01          6.95397279e-01
          2.44321348e+01          7.01876226e-01
          2.45294249e+01          7.08117711e-01
          2.46271025e+01          7.14119714e-01
          2.47251690e+01          7.19880297e-01
          2.48236261e+01          7.25397599e-01
          2.49224752e+01          7.30669841e-01
          2.50217179e+01          7.35695327e-01
          2.51213558e+01          7.40472441e-01
          2.52213905e+01          7.44999652e-01
          2.53218235e+01          7.49275510e-01
          2.54226565e+01          7.53298651e-01
          2.55238909e+01          7.57067793e-01
          2.56255285e+01          7.60581739e-01
          2.57275709e+01          7.63839379e-01
          2.58300195e+01          7.66839688e-01
          2.59328761e+01          7.69581724e-01
          2.60361423e+01          7.72064635e-01
          2.61398197e+01          7.74287653e-01
          2.62439100e+01          7.76250098e-01
          2.63484148e+01          7.77951376e-01
          2.64533357e+01          7.79390981e-01
          2.65586744e+01          7.80568494e-01
          2.66644325e+01          7.81483583e-01
          2.67706118e+01          7.82136006e-01
          2.68772139e+01          7.82525604e-01
          2.69842405e+01          7.82652311e-01
          2.70916933e+01          7.82516145e-01
          2.71995740e+01          7.82117213e-01
          2.73078843e+01          7.81455712e-01
          2.74166258e+01          7.80531922e-01
          2.75258004e+01          7.79346214e-01
          2.76354097e+01          7.77899047e-01
          2.77454555e+01          7.76190964e-01
          2.78559395e+01          7.74222597e-01
          2.79668634e+01          7.71994666e-01
          2.80782291e+01          7.69507975e-01
          2.81900382e+01          7.66763417e-01
          2.83022926e+01          7.63761970e-01
          2.84149939e+01          7.60504696e-01
          2.85281441e+01          7.56992745e-01
          2.86417448e+01          7.53227350e-01
          2.87557978e+01          7.49209829e-01
          2.88703051e+01          7.44941586e-01
          2.89852683e+01          7.40424105e-01
          2.91006893e+01          7.35658956e-01
          2.92165699e+01          7.30647789e-01
          2.93329119e+01          7.25392339e-01
          2.94497173e+01          7.19894420e-01
          2.95669877e+01          7.14155926e-01
          2.96847252e+01          7.08178835e-01
          2.98029315e+01          7.01965199e-01
          2.99216084e+01          6.95517154e-01
          3.00407580e+01          6.88836909e-01
          3.01603820e+01          6.81926755e-01
          3.02804824e+01          6.74789055e-01
          3.04010610e+01          6.67426251e-01
          3.05221198e+01          6.59840857e-01
          3.06436606e+01          6.52035462e-01
          3.07656854e+01          6.44012730e-01
          3.08881961e+01          6.35775394e-01
          3.10111947e+01          6.27326259e-01
          3.11346831e+01          6.18668202e-01
          3.12586631e+01          6.09804167e-01
          3.13831369e+01          6.00737167e-01
          3.15081064e+01          5.91470282e-01
          3.16335735e+01          5.82006659e-01
          3.17595402e+01          5.72349509e-01
          3.18860085e+01          5.62502107e-01
          3.20129804e+01          5.52467792e-01
          3.21404579e+01          5.42249965e-01
          3.22684431e+01          5.31852084e-01
          3.23969379e+01          5.21277671e-01
          3.25259443e+01          5.10530304e-01
          3.26554645e+01          4.99613617e-01
          3.27855004e+01          4.88531302e-01
          3.29160542e+01          4.77287105e-01
          3.30471278e+01          4.65884823e-01
          3.31787233e+01          4.54328309e-01
          3.33108429e+01          4.42621462e-01
          3.34434886e+01          4.30768235e-01
          3.35766625e+01          4.18772626e-01
          3.37103667e+01          4.06638680e-01
          3.38446033e+01          3.94370489e-01
          3.39793744e+01          3.81972186e-01
          3.41146823e+01          3.69447951e-01
          3.42505289e+01          3.56802001e-01
          3.43869164e+01          3.44038594e-01
          3.45238471e+01          3.31162029e-01
          3.46613231e+01          3.18176637e-01
          3.47993464e+01          3.05086788e-01
          3.49379194e+01          2.91896885e-01
          3.50770442e+01          2.78611365e-01
          3.52167230e+01          2.65234693e-01
          3.53569580e+01          2.51771365e-01
          3.54977515e+01          2.38225907e-01
          3.56391055e+01          2.24602868e-01
          3.57810225e+01          2.10906826e-01
          3.59235046e+01          1.97142378e-01
          3.60665540e+01          1.83314148e-01
          3.62101731e+01          1.69426775e-01
          3.63543641e+01          1.55484922e-01
          3.64991293e+01          1.41493267e-01
          3.66444709e+01          1.27456504e-01
          3.67903913e+01          1.13379340e-01
          3.69368927e+01          9.92664978e-02
          3.70839776e+01          8.51227087e-02
          3.72316481e+01          7.09527147e-02
          3.73799066e+01          5.67612658e-02
          3.75287556e+01          4.25531182e-02
          3.76781972e+01          2.83330334e-02
          3.78282340e+01          1.41057758e-02
          3.79788682e+01          1.23888059e-04
          3.81301022e+01          1.43511917e-02
          3.82819384e+01          2.85713699e-02
          3.84343793e+01          4.27796602e-02
          3.85874272e+01          5.69713051e-02
          3.87410846e+01          7.11415526e-02
          3.88953538e+01          8.52856586e-02
          3.90502373e+01          9.93988883e-02
          3.92057376e+01          1.13476517e-01
          3.93618571e+01          1.27513834e-01
          3.95185983e+01          1.41506139e-01
          3.96759636e+01          1.55448751e-01
          3.98339555e+01          1.69337004e-01
          3.99925766e+01          1.83166250e-01
          4.01518294e+01          1.96931861e-01
          4.03117163e+01          2.10629231e-01
          4.04722398e+01          2.24253778e-01
          4.06334026e+01          2.37800942e-01
          4.07952071e+01          2.51266190e-01
          4.09576560e+01          2.64645018e-01
          4.11207517e+01          2.77932948e-01
          4.12844969e+01          2.91125536e-01
          4.14488941e+01          3.04218365e-01
          4.16139460e+01          3.17207055e-01
          4.17796551e+01          3.30087261e-01
          4.19460241e+01          3.42854670e-01
          4.21130556e+01          3.55505012e-01
          4.22807522e+01          3.68034050e-01
          4.24491166e+01          3.80437593e-01
          4.26181514e+01          3.92711487e-01
          4.27878593e+01          4.04851624e-01
          4.29582430e+01          4.16853940e-01
          4.31293052e+01          4.28714414e-01
          4.33010486e+01          4.40429075e-01
          4.34734758e+01          4.51993999e-01
          4.36465897e+01          4.63405312e-01
          4.38203929e+01          4.74659190e-01
          4.39948882e+01          4.85751862e-01
          4.41700784e+01          4.96679610e-01
          4.43459662e+01          5.07438770e-01
          4.45225544e+01          5.18025735e-01
          4.46998457e+01          5.28436953e-01
          4.48778431e+01          5.38668931e-01
          4.50565492e+01          5.48718235e-01
          4.52359670e+01          5.58581493e-01
          4.54160992e+01          5.68255393e-01
          4.55969487e+01          5.77736684e-01
          4.57785184e+01          5.87022180e-01
          4.59608110e+01          5.96108762e-01
          4.61438296e+01          6.04993372e-01
          4.63275770e+01          6.13673022e-01
          4.65120561e+01          6.22144791e-01
          4.66972697e+01          6.30405826e-01
          4.68832209e+01          6.38453344e-01
          4.70699126e+01          6.46284631e-01
          4.72573477e+01          6.53897048e-01
          4.74455292e+01          6.61288025e-01
          4.76344600e+01          6.68455065e-01
          4.78241431e+01          6.75395748e-01
          4.80145816e+01          6.82107724e-01
          4.82057784e+01          6.88588724e-01
          4.83977366e+01          6.94836551e-01
          4.85904592e+01          7.00849087e-01
          4.87839492e+01          7.06624291e-01
          4.89782096e+01          7.12160201e-01
          4.91732437e+01          7.17454934e-01
          4.93690544e+01          7.22506685e-01
          4.95656448e+01          7.27313733e-01
          4.97630180e+01          7.31874434e-01
          4.99611772e+01          7.36187229e-01
          5.01601255e+01          7.40250637e-01
          5.03598660e+01          7.44063264e-01
          5.05604018e+01          7.47623796e-01
          5.07617362e+01          7.50931002e-01
          5.09638724e+01          7.53983738e-01
          5.11668135e+01          7.56780942e-01
          5.13705626e+01          7.59321637e-01
          5.15751232e+01          7.61604931e-01
          5.17804983e+01          7.63630018e-01
          5.19866912e+01          7.65396177e-01
          5.21937052e+01          7.66902773e-01
          5.24015435e+01          7.68149259e-01
          5.26102094e+01          7.69135171e-01
          5.28197063e+01          7.69860135e-01
          5.30300374e+01          7.70323860e-01
          5.32412060e+01          7.70526147e-01
          5.34532156e+01          7.70466878e-01
          5.36660693e+01          7.70146028e-01
          5.38797707e+01          7.69563655e-01
          5.40943230e+01          7.68719905e-01
          5.43097297e+01          7.67615012e-01
          5.45259942e+01          7.66249297e-01
          5.47431198e+01          7.64623167e-01
          5.49611101e+01          7.62737118e-01
          5.51799684e+01          7.60591731e-01
          5.53996982e+01          7.58187674e-01
          5.56203029e+01          7.55525702e-01
          5.58417862e+01          7.52606657e-01
          5.60641514e+01          7.49431465e-01
          5.62874020e+01          7.46001140e-01
          5.65115417e+01          7.42316780e-01
          5.67365739e+01          7.38379569e-01
          5.69625022e+01          7.34190777e-01
          5.71893301e+01          7.29751756e-01
          5.74170613e+01          7.25063944e-01
          5.76456993e+01          7.20128863e-01
          5.78752478e+01          7.14948116e-01
          5.81057104e+01          7.09523392e-01
          5.83370906e+01          7.03856460e-01
          5.85693923e+01          6.97949170e-01
          5.88026190e+01          6.91803457e-01
          5.90367744e+01          6.85421332e-01
          5.92718622e+01          6.78804890e-01
          5.95078861e+01          6.71956302e-01
          5.97448499e+01          6.64877820e-01
          5.99827574e+01          6.57571773e-01
          6.02216121e+01          6.50040567e-01
          6.04614180e+01          6.42286686e-01
          6.07021789e+01          6.34312688e-01
          6.09438984e+01          6.26121207e-01
          6.11865805e+01          6.17714950e-01
          6.14302290e+01          6.09096699e-01
          6.16748477e+01          6.00269307e-01
          6.19204405e+01          5.91235699e-01
          6.21670112e+01          5.81998871e-01
          6.24145638e+01          5.72561888e-01
          6.26631022e+01          5.62927884e-01
          6.29126302e+01          5.53100060e-01
          6.31631519e+01          5.43081686e-01
          6.34146712e+01          5.32876093e-01
          6.36671921e+01          5.22486682e-01
          6.39207185e+01          5.11916914e-01
          6.41752545e+01          5.01170312e-01
          6.44308040e+01          4.90250464e-01
          6.46873712e+01          4.79161013e-01
          6.49449600e+01          4.67905665e-01
          6.52035745e+01          4.56488181e-01
          6.54632189e+01          4.44912381e-01
          6.57238972e+01          4.33182139e-01
          6.59856135e+01          4.21301381e-01
          6.62483720e+01          4.09274089e-01
          6.65121768e+01          3.97104295e-01
          6.67770321e+01          3.84796081e-01
          6.70429421e+01          3.72353579e-01
          6.73099109e+01          3.59780966e-01
          6.75779429e+01          3.47082466e-01
          6.78470421e+01          3.34262351e-01
          6.81172129e+01          3.21324931e-01
          6.83884596e+01          3.08274561e-01
          6.86607863e+01          2.95115637e-01
          6.89341975e+01          2.81852592e-01
          6.92086974e+01          2.68489898e-01
          6.94842904e+01          2.55032062e-01
          6.97609809e+01          2.41483626e-01
          7.00387731e+01          2.27849166e-01
          7.03176715e+01          2.14133288e-01
          7.05976805e+01          2.00340630e-01
          7.08788045e+01          1.86475857e-01
          7.11610480e+01          1.72543660e-01
          7.14444153e+01          1.58548759e-01
          7.17289111e+01          1.44495895e-01
          7.20145397e+01          1.30389831e-01
          7.23013058e+01          1.16235353e-01
          7.25892137e+01          1.02037263e-01
          7.28782681e+01          8.78003836e-02
          7.31684735e+01          7.35295511e-02
          7.34598346e+01          5.92296170e-02
          7.37523559e+01          4.49054451e-02
          7.40460420e+01          3.05619102e-02
          7.43408976e+01          1.62038968e-02
          7.46369273e+01          1.83629654e-03
          7.49341358e+01          1.25359924e-02
          7.52325278e+01          2.69080677e-02
          7.55321081e+01          4.12750242e-02
          7.58328812e+01          5.56319556e-02
          7.61348521e+01          6.99739561e-02
          7.64380255e+01          8.42961222e-02
          7.67424061e+01          9.85935542e-02
          7.70479987e+01          1.12861358e-01
          7.73548083e+01          1.27094647e-01
          7.76628396e+01          1.41288542e-01
          7.79720974e+01          1.55438177e-01
          7.82825868e+01          1.69538695e-01
          7.85943125e+01          1.83585254e-01
          7.89072796e+01          1.97573030e-01
          7.92214929e+01          2.11497212e-01
          7.95369574e+01          2.25353010e-01
          7.98536782e+01          2.39135654e-01
          8.01716601e+01          2.52840395e-01
          8.04909082e+01          2.66462510e-01
          8.08114276e+01          2.79997299e-01
          8.11332234e+01          2.93440090e-01
          8.14563005e+01          3.06786237e-01
          8.17806642e+01          3.20031129e-01
          8.21063195e+01          3.33170181e-01
          8.24332715e+01          3.46198845e-01
          8.27615255e+01          3.59112606e-01
          8.30910867e+01          3.71906986e-01
          8.34219602e+01          3.84577544e-01
          8.37541512e+01          3.97119880e-01
          8.40876650e+01          4.09529632e-01
          8.44225069e+01          4.21802483e-01
          8.47586822e+01          4.33934159e-01
          8.50961961e+01          4.45920431e-01
          8.54350540e+01          4.57757116e-01
          8.57752613e+01          4.69440082e-01
          8.61168233e+01          4.80965243e-01
          8.64597455e+01          4.92328566e-01
          8.68040331e+01          5.03526071e-01
          8.71496917e+01          5.14553831e-01
          8.74967268e+01          5.25407974e-01
          8.78451438e+01          5.36084684e-01
          8.81949482e+01          5.46580203e-01
          8.85461455e+01          5.56890834e-01
          8.88987414e+01          5.67012938e-01
          8.92527412e+01          5.76942940e-01
          8.96081508e+01          5.86677324e-01
          8.99649756e+01          5.96212643e-01
          9.03232213e+01          6.05545511e-01
          9.06828935e+01          6.14672612e-01
          9.10439980e+01          6.23590694e-01
          9.14065404e+01          6.32296578e-01
          9.17705265e+01          6.40787151e-01
          9.21359620e+01          6.49059373e-01
          9.25028527e+01          6.57110275e-01
          9.28712043e+01          6.64936962e-01
          9.32410228e+01          6.72536613e-01
          9.36123139e+01          6.79906480e-01
          9.39850835e+01          6.87043895e-01
          9.43593375e+01          6.93946262e-01
          9.47350818e+01          7.00611066e-01
          9.51123223e+01          7.07035870e-01
          9.54910650e+01          7.13218316e-01
          9.58713159e+01          7.19156128e-01
          9.62530810e+01          7.24847108e-01
          9.66363662e+01          7.30289143e-01
          9.70211778e+01          7.35480200e-01
          9.74075217e+01          7.40418333e-01
          9.77954040e+01          7.45101675e-01
          9.81848309e+01          7.49528449e-01
          9.85758085e+01          7.53696959e-01
          9.89683431e+01          7.57605597e-01
          9.93624407e+01          7.61252841e-01
          9.97581076e+01          7.64637257e-01
          1.00155350e+02          7.67757496e-01
          1.00554174e+02          7.70612299e-01
          1.00954587e+02          7.73200496e-01
          1.01356594e+02          7.75521003e-01
          1.01760202e+02          7.77572828e-01
          1.02165417e+02          7.79355068e-01
          1.02572245e+02          7.80866908e-01
          1.02980694e+02          7.82107625e-01
          1.03390769e+02          7.83076587e-01
          1.03802477e+02          7.83773250e-01
          1.04215824e+02          7.84197163e-01
          1.04630818e+02          7.84347966e-01
          1.05047463e+02          7.84225390e-01
          1.05465768e+02          7.83829255e-01
          1.05885739e+02          7.83159476e-01
          1.06307382e+02          7.82216056e-01
          1.06730704e+02          7.80999093e-01
          1.07155712e+02          7.79508773e-01
          1.07582412e+02          7.77745374e-01
          1.08010812e+02          7.75709267e-01
          1.08440917e+02          7.73400913e-01
          1.08872735e+02          7.70820862e-01
          1.09306272e+02          7.67969759e-01
          1.09741536e+02          7.64848336e-01
          1.10178533e+02          7.61457417e-01
          1.10617270e+02          7.57797916e-01
          1.11057755e+02          7.53870835e-01
          1.11499993e+02          7.49677269e-01
          1.11943992e+02          7.45218397e-01
          1.12389760e+02          7.40495493e-01
          1.12837302e+02          7.35509913e-01
          1.13286627e+02          7.30263105e-01
          1.13737741e+02          7.24756604e-01
          1.14190651e+02          7.18992029e-01
          1.14645365e+02          7.12971088e-01
          1.15101889e+02          7.06695575e-01
          1.15560231e+02          7.00167366e-01
          1.16020399e+02          6.93388425e-01
          1.16482399e+02          6.86360799e-01
          1.16946238e+02          6.79086616e-01
          1.17411925e+02          6.71568089e-01
          1.17879466e+02          6.63807512e-01
          1.18348869e+02          6.55807260e-01
          1.18820141e+02          6.47569787e-01
          1.19293289e+02          6.39097629e-01
          1.19768322e+02          6.30393399e-01
          1.20245246e+02          6.21459786e-01
          1.20724070e+02          6.12299559e-01
          1.21204800e+02          6.02915561e-01
          1.21687445e+02          5.93310710e-01
          1.22172011e+02          5.83487999e-01
          1.22658507e+02          5.73450492e-01
          1.23146940e+02          5.63201328e-01
          1.23637318e+02          5.52743715e-01
          1.24129649e+02          5.42080929e-01
          1.24623940e+02          5.31216320e-01
          1.25120200e+02          5.20153300e-01
          1.25618436e+02          5.08895351e-01
          1.26118656e+02          4.97446020e-01
          1.26620868e+02          4.85808918e-01
          1.27125079e+02          4.73987718e-01
          1.27631298e+02          4.61986157e-01
          1.28139534e+02          4.49808030e-01
          1.28649793e+02          4.37457194e-01
          1.29162083e+02          4.24937562e-01
          1.29676414e+02          4.12253106e-01
          1.30192793e+02          3.99407852e-01
          1.30711228e+02          3.86405879e-01
          1.31231728e+02          3.73251323e-01
          1.31754300e+02          3.59948367e-01
          1.32278953e+02          3.46501247e-01
          1.32805696e+02          3.32914247e-01
          1.33334536e+02          3.19191698e-01
          1.33865481e+02          3.05337978e-01
          1.34398541e+02          2.91357508e-01
          1.34933724e+02          2.77254754e-01
          1.35471038e+02          2.63034221e-01
          1.36010491e+02          2.48700458e-01
          1.36552093e+02          2.34258048e-01
          1.37095851e+02          2.19711617e-01
          1.37641775e+02          2.05065820e-01
          1.38189872e+02          1.90325352e-01
          1.38740152e+02          1.75494938e-01
          1.39292623e+02          1.60579335e-01
          1.39847295e+02          1.45583328e-01
          1.40404174e+02          1.30511731e-01
          1.40963272e+02          1.15369386e-01
          1.41524596e+02          1.00161158e-01
          1.42088155e+02          8.48919368e-02
          1.42653958e+02          6.95666322e-02
          1.43222014e+02          5.41901758e-02
          1.43792333e+02          3.87675171e-02
          1.44364922e+02          2.33036229e-02
          1.44939791e+02          7.80347522e-03
          1.45516950e+02          7.72792999e-03
          1.46096407e+02          2.32855846e-02
          1.46678171e+02          3.88644699e-02
          1.47262252e+02          5.44595583e-02
          1.47848658e+02          7.00658146e-02
          1.48437400e+02          8.56781980e-02
          1.49028487e+02          1.01291664e-01
          1.49621927e+02          1.16901164e-01
          1.50217730e+02          1.32501651e-01
          1.50815905e+02          1.48088077e-01
          1.51416463e+02          1.63655397e-01
          1.52019412e+02          1.79198569e-01
          1.52624762e+02          1.94712558e-01
          1.53232522e+02          2.10192336e-01
          1.53842703e+02          2.25632882e-01
          1.54455314e+02          2.41029188e-01
          1.55070363e+02          2.56376256e-01
          1.55687863e+02          2.71669104e-01
          1.56307821e+02          2.86902761e-01
          1.56930247e+02          3.02072278e-01
          1.57555152e+02          3.17172721e-01
          1.58182546e+02          3.32199176e-01
          1.58812438e+02          3.47146753e-01
          1.59444838e+02          3.62010582e-01
          1.60079757e+02          3.76785820e-01
          1.60717204e+02          3.91467650e-01
          1.61357189e+02          4.06051281e-01
          1.61999722e+02          4.20531953e-01
          1.62644814e+02          4.34904936e-01
          1.63292475e+02          4.49165534e-01
          1.63942715e+02          4.63309081e-01
          1.64595545e+02          4.77330952e-01
          1.65250974e+02          4.91226553e-01
          1.65909012e+02          5.04991331e-01
          1.66569672e+02          5.18620775e-01
          1.67232962e+02          5.32110410e-01
          1.67898893e+02          5.45455808e-01
          1.68567476e+02          5.58652584e-01
          1.69238721e+02          5.71696397e-01
          1.69912639e+02          5.84582954e-01
          1.70589241e+02          5.97308010e-01
          1.71268537e+02          6.09867370e-01
          1.71950539e+02          6.22256890e-01
          1.72635256e+02          6.34472476e-01
          1.73322699e+02          6.46510092e-01
          1.74012880e+02          6.58365752e-01
          1.74705809e+02          6.70035531e-01
          1.75401498e+02          6.81515557e-01
          1.76099957e+02          6.92802019e-01
          1.76801197e+02          7.03891167e-01
          1.77505229e+02          7.14779309e-01
          1.78212065e+02          7.25462818e-01
          1.78921716e+02          7.35938131e-01
          1.79634192e+02          7.46201746e-01
          1.80349506e+02          7.56250231e-01
          1.81067668e+02          7.66080218e-01
          1.81788690e+02          7.75688409e-01
          1.82512583e+02          7.85071574e-01
          1.83239358e+02          7.94226554e-01
          1.83969028e+02          8.03150261e-01
          1.84701603e+02          8.11839678e-01
          1.85437096e+02          8.20291863e-01
          1.86175517e+02          8.28503947e-01
          1.86916878e+02          8.36473137e-01
          1.87661192e+02          8.44196717e-01
          1.88408470e+02          8.51672044e-01
          1.89158723e+02          8.58896559e-01
          1.89911964e+02          8.65867776e-01
          1.90668204e+02          8.72583291e-01
          1.91427456e+02          8.79040782e-01
          1.92189731e+02          8.85238005e-01
          1.92955042e+02          8.91172801e-01
          1.93723400e+02          8.96843091e-01
          1.94494817e+02          9.02246881e-01
          1.95269307e+02          9.07382261e-01
          1.96046880e+02          9.12247405e-01
          1.96827550e+02          9.16840573e-01
          1.97611329e+02          9.21160111e-01
          1.98398229e+02          9.25204452e-01
          1.99188262e+02          9.28972114e-01
          1.99981441e+02          9.32461705e-01
          2.00777778e+02          9.35671921e-01
          2.01577287e+02          9.38601546e-01
          2.02379979e+02          9.41249453e-01
          2.03185868e+02          9.43614604e-01
          2.03994966e+02          9.45696053e-01
          2.04807285e+02          9.47492942e-01
          2.05622840e+02          9.49004505e-01
          2.06441642e+02          9.50230068e-01
          2.07263704e+02          9.51169045e-01
          2.08089040e+02          9.51820945e-01
          2.08917662e+02          9.52185366e-01
          2.09749585e+02          9.52262000e-01
          2.10584819e+02          9.52050631e-01
          2.11423380e+02          9.51551133e-01
          2.12265280e+02          9.50763475e-01
          2.13110533e+02          9.49687718e-01
          2.13959151e+02          9.48324014e-01
          2.14811149e+02          9.46672609e-01
          2.15666539e+02          9.44733842e-01
          2.16525336e+02          9.42508144e-01
          2.17387552e+02          9.39996038e-01
          2.18253202e+02          9.37198139e-01
          2.19122298e+02          9.34115156e-01
          2.19994856e+02          9.30747889e-01
          2.20870888e+02          9.27097231e-01
          2.21750409e+02          9.23164166e-01
          2.22633431e+02          9.18949769e-01
          2.23519970e+02          9.14455208e-01
          2.24410040e+02          9.09681740e-01
          2.25303653e+02          9.04630715e-01
          2.26200825e+02          8.99303572e-01
          2.27101570e+02          8.93701840e-01
          2.28005902e+02          8.87827138e-01
          2.28913834e+02          8.81681174e-01
          2.29825382e+02          8.75265745e-01
          2.30740560e+02          8.68582736e-01
          2.31659382e+02          8.61634119e-01
          2.32581863e+02          8.54421955e-01
          2.33508017e+02          8.46948390e-01
          2.34437860e+02          8.39215657e-01
          2.35371405e+02          8.31226073e-01
          2.36308667e+02          8.22982042e-01
          2.37249662e+02          8.14486049e-01
          2.38194404e+02          8.05740665e-01
          2.39142907e+02          7.96748542e-01
          2.40095188e+02          7.87512415e-01
          2.41051261e+02          7.78035099e-01
          2.42011141e+02          7.68319490e-01
          2.42974843e+02          7.58368562e-01
          2.43942383e+02          7.48185369e-01
          2.44913775e+02          7.37773042e-01
          2.45889036e+02          7.27134788e-01
          2.46868180e+02          7.16273891e-01
          2.47851224e+02          7.05193709e-01
          2.48838181e+02          6.93897673e-01
          2.49829069e+02          6.82389288e-01
          2.50823903e+02          6.70672130e-01
          2.51822698e+02          6.58749845e-01
          2.52825470e+02          6.46626149e-01
          2.53832236e+02          6.34304826e-01
          2.54843010e+02          6.21789729e-01
          2.55857810e+02          6.09084774e-01
          2.56876650e+02          5.96193943e-01
          2.57899548e+02          5.83121283e-01
          2.58926519e+02          5.69870901e-01
          2.59957579e+02          5.56446967e-01
          2.60992745e+02          5.42853708e-01
          2.62032033e+02          5.29095414e-01
          2.63075460e+02          5.15176427e-01
          2.64123041e+02          5.01101149e-01
          2.65174794e+02          4.86874034e-01
          2.66230735e+02          4.72499590e-01
          2.67290882e+02          4.57982375e-01
          2.68355249e+02          4.43327000e-01
          2.69423855e+02          4.28538123e-01
          2.70496716e+02          4.13620449e-01
          2.71573850e+02          3.98578729e-01
          2.72655272e+02          3.83417759e-01
          2.73741001e+02          3.68142378e-01
          2.74831054e+02          3.52757464e-01
          2.75925447e+02          3.37267937e-01
          2.77024198e+02          3.21678755e-01
          2.78127324e+02          3.05994911e-01
          2.79234843e+02          2.90221434e-01
          2.80346772e+02          2.74363386e-01
          2.81463129e+02          2.58425862e-01
          2.82583931e+02          2.42413986e-01
          2.83709197e+02          2.26332909e-01
          2.84838943e+02          2.10187811e-01
          2.85973188e+02          1.93983897e-01
          2.87111949e+02          1.77726394e-01
          2.88255246e+02          1.61420552e-01
          2.89403095e+02          1.45071641e-01
          2.90555514e+02          1.28684948e-01
          2.91712523e+02          1.12265779e-01
          2.92874139e+02          9.58194518e-02
          2.94040381e+02          7.93513004e-02
          2.95211266e+02          6.28666685e-02
          2.96386814e+02          4.63709100e-02
          2.97567044e+02          2.98693866e-02
          2.98751973e+02          1.33674662e-02
          2.99941620e+02          3.12947888e-03
          3.01136005e+02          1.96160736e-02
          3.02335146e+02          3.60869420e-02
          3.03539062e+02          5.25367091e-02
          3.04747772e+02          6.89600027e-02
          3.05961295e+02          8.53514547e-02
          3.07179650e+02          1.01705703e-01
          3.08402857e+02          1.18017395e-01
          3.09630935e+02          1.34281186e-01
          3.10863903e+02          1.50491743e-01
          3.12101781e+02          1.66643748e-01
          3.13344588e+02          1.82731896e-01
          3.14592344e+02          1.98750901e-01
          3.15845069e+02          2.14695493e-01
          3.17102782e+02          2.30560424e-01
          3.18365504e+02          2.46340468e-01
          3.19633253e+02          2.62030424e-01
          3.20906051e+02          2.77625113e-01
          3.22183918e+02          2.93119388e-01
          3.23466872e+02          3.08508128e-01
          3.24754936e+02          3.23786243e-01
          3.26048129e+02          3.38948677e-01
          3.27346471e+02          3.53990407e-01
          3.28649983e+02          3.68906447e-01
          3.29958687e+02          3.83691847e-01
          3.31272601e+02          3.98341698e-01
          3.32591747e+02          4.12851131e-01
          3.33916147e+02          4.27215321e-01
          3.35245820e+02          4.41429485e-01
          3.36580788e+02          4.55488887e-01
          3.37921072e+02          4.69388839e-01
          3.39266693e+02          4.83124702e-01
          3.40617673e+02          4.96691887e-01
          3.41974032e+02          5.10085859e-01
          3.43335792e+02          5.23302134e-01
          3.44702975e+02          5.36336285e-01
          3.46075602e+02          5.49183943e-01
          3.47453695e+02          5.61840796e-01
          3.48837275e+02          5.74302592e-01
          3.50226365e+02          5.86565140e-01
          3.51620987e+02          5.98624314e-01
          3.53021162e+02          6.10476049e-01
          3.54426912e+02          6.22116347e-01
          3.55838260e+02          6.33541280e-01
          3.57255229e+02          6.44746983e-01
          3.58677839e+02          6.55729665e-01
          3.60106115e+02          6.66485605e-01
          3.61540078e+02          6.77011153e-01
          3.62979752e+02          6.87302735e-01
          3.64425158e+02          6.97356850e-01
          3.65876320e+02          7.07170074e-01
          3.67333260e+02          7.16739060e-01
          3.68796002e+02          7.26060541e-01
          3.70264569e+02          7.35131329e-01
          3.71738984e+02          7.43948315e-01
          3.73219270e+02          7.52508475e-01
          3.74705450e+02          7.60808865e-01
          3.76197549e+02          7.68846629e-01
          3.77695589e+02          7.76618993e-01
          3.79199595e+02          7.84123269e-01
          3.80709589e+02          7.91356859e-01
          3.82225596e+02          7.98317251e-01
          3.83747641e+02          8.05002021e-01
          3.85275746e+02          8.11408839e-01
          3.86809936e+02          8.17535460e-01
          3.88350235e+02          8.23379736e-01
          3.89896668e+02          8.28939608e-01
          3.91449259e+02          8.34213112e-01
          3.93008032e+02          8.39198376e-01
          3.94573013e+02          8.43893624e-01
          3.96144225e+02          8.48297176e-01
          3.97721694e+02          8.52407447e-01
          3.99305445e+02          8.56222947e-01
          4.00895502e+02          8.59742286e-01
          4.02491891e+02          8.62964171e-01
          4.04094637e+02          8.65887405e-01
          4.05703765e+02          8.68510894e-01
          4.07319300e+02          8.70833638e-01
          4.08941269e+02          8.72854740e-01
          4.10569697e+02          8.74573404e-01
          4.12204609e+02          8.75988931e-01
          4.13846031e+02          8.77100725e-01
          4.15493990e+02          8.77908290e-01
          4.17148511e+02          8.78411233e-01
          4.18809620e+02          8.78609259e-01
          4.20477344e+02          8.78502179e-01
          4.22151709e+02          8.78089904e-01
          4.23832741e+02          8.77372445e-01
          4.25520467e+02          8.76349918e-01
          4.27214914e+02          8.75022541e-01
          4.28916108e+02          8.73390632e-01
          4.30624077e+02          8.71454613e-01
          4.32338847e+02          8.69215009e-01
          4.34060445e+02          8.66672444e-01
          4.35788898e+02          8.63827648e-01
          4.37524235e+02          8.60681449e-01
          4.39266481e+02          8.57234780e-01
          4.41015666e+02          8.53488674e-01
          4.42771815e+02          8.49444265e-01
          4.44534958e+02          8.45102789e-01
          4.46305122e+02          8.40465582e-01
          4.48082334e+02          8.35534081e-01
          4.49866624e+02          8.30309822e-01
          4.51658018e+02          8.24794442e-01
          4.53456547e+02          8.18989678e-01
          4.55262237e+02          8.12897362e-01
          4.57075117e+02          8.06519429e-01
          4.58895216e+02          7.99857909e-01
          4.60722563e+02          7.92914930e-01
          4.62557187e+02          7.85692716e-01
          4.64399116e+02          7.78193588e-01
          4.66248380e+02          7.70419963e-01
          4.68105008e+02          7.62374350e-01
          4.69969029e+02          7.54059354e-01
          4.71840472e+02          7.45477675e-01
          4.73719368e+02          7.36632101e-01
          4.75605746e+02          7.27525516e-01
          4.77499635e+02          7.18160893e-01
          4.79401066e+02          7.08541295e-01
          4.81310069e+02          6.98669874e-01
          4.83226673e+02          6.88549871e-01
          4.85150909e+02          6.78184615e-01
          4.87082808e+02          6.67577519e-01
          4.89022400e+02          6.56732084e-01
          4.90969715e+02          6.45651893e-01
          4.92924784e+02          6.34340613e-01
          4.94887639e+02          6.22801995e-01
          4.96858310e+02          6.11039868e-01
          4.98836828e+02          5.99058145e-01
          5.00823225e+02          5.86860812e-01
          5.02817532e+02          5.74451939e-01
          5.04819780e+02          5.61835669e-01
          5.06830001e+02          5.49016219e-01
          5.08848228e+02          5.35997883e-01
          5.10874490e+02          5.22785026e-01
          5.12908822e+02          5.09382085e-01
          5.14951254e+02          4.95793566e-01
          5.17001820e+02          4.82024045e-01
          5.19060551e+02          4.68078164e-01
          5.21127479e+02          4.53960632e-01
          5.23202639e+02          4.39676222e-01
          5.25286062e+02          4.25229770e-01
          5.27377781e+02          4.10626175e-01
          5.29477830e+02          3.95870393e-01
          5.31586241e+02          3.80967442e-01
          5.33703047e+02          3.65922395e-01
          5.35828284e+02          3.50740382e-01
          5.37961983e+02          3.35426585e-01
          5.40104178e+02          3.19986241e-01
          5.42254904e+02          3.04424636e-01
          5.44414194e+02          2.88747107e-01
          5.46582082e+02          2.72959036e-01
          5.48758604e+02          2.57065853e-01
          5.50943792e+02          2.41073032e-01
          5.53137682e+02          2.24986089e-01
          5.55340307e+02          2.08810583e-01
          5.57551704e+02          1.92552109e-01
          5.59771907e+02          1.76216302e-01
          5.62000951e+02          1.59808833e-01
          5.64238871e+02          1.43335405e-01
          5.66485703e+02          1.26801755e-01
          5.68741481e+02          1.10213649e-01
          5.71006242e+02          9.35768848e-02
          5.73280022e+02          7.68972838e-02
          5.75562856e+02          6.01806943e-02
          5.77854780e+02          4.34329877e-02
          5.80155831e+02          2.66600567e-02
          5.82466045e+02          9.86781382e-03
          5.84785458e+02          6.93781050e-03
          5.87114107e+02          2.37508699e-02
          5.89452029e+02          4.05654041e-02
          5.91799261e+02          5.73754401e-02
          5.94155839e+02          7.41749950e-02
          5.96521802e+02          9.09580772e-02
          5.98897186e+02          1.07718688e-01
          6.01282029e+02          1.24450826e-01
          6.03676368e+02          1.41148483e-01
          6.06080242e+02          1.57805655e-01
          6.08493689e+02          1.74416335e-01
          6.10916745e+02          1.90974520e-01
          6.13349451e+02          2.07474213e-01
          6.15791844e+02          2.23909423e-01
          6.18243962e+02          2.40274167e-01
          6.20705845e+02          2.56562474e-01
          6.23177531e+02          2.72768385e-01
          6.25659060e+02          2.88885954e-01
          6.28150470e+02          3.04909255e-01
          6.30651801e+02          3.20832376e-01
          6.33163093e+02          3.36649428e-01
          6.35684384e+02          3.52354545e-01
          6.38215716e+02          3.67941882e-01
          6.40757128e+02          3.83405623e-01
          6.43308659e+02          3.98739979e-01
          6.45870351e+02          4.13939190e-01
          6.48442244e+02          4.28997530e-01
          6.51024378e+02          4.43909305e-01
          6.53616795e+02          4.58668857e-01
          6.56219534e+02          4.73270566e-01
          6.58832638e+02          4.87708852e-01
          6.61456147e+02          5.01978175e-01
          6.64090104e+02          5.16073040e-01
          6.66734548e+02          5.29987996e-01
          6.69389524e+02          5.43717640e-01
          6.72055071e+02          5.57256618e-01
          6.74731233e+02          5.70599625e-01
          6.77418051e+02          5.83741412e-01
          6.80115569e+02          5.96676781e-01
          6.82823828e+02          6.09400594e-01
          6.85542872e+02          6.21907770e-01
          6.88272743e+02          6.34193286e-01
          6.91013484e+02          6.46252183e-01
          6.93765139e+02          6.58079567e-01
          6.96527752e+02          6.69670607e-01
          6.99301365e+02          6.81020541e-01
          7.02086023e+02          6.92124675e-01
          7.04881770e+02          7.02978387e-01
          7.07688650e+02          7.13577128e-01
          7.10506707e+02          7.23916421e-01
          7.13335985e+02          7.33991869e-01
          7.16176530e+02          7.43799149e-01
          7.19028386e+02          7.53334020e-01
          7.21891598e+02          7.62592322e-01
          7.24766212e+02          7.71569977e-01
          7.27652272e+02          7.80262993e-01
          7.30549825e+02          7.88667464e-01
          7.33458917e+02          7.96779570e-01
          7.36379592e+02          8.04595583e-01
          7.39311898e+02          8.12111865e-01
          7.42255880e+02          8.19324870e-01
          7.45211586e+02          8.26231149e-01
          7.48179061e+02          8.32827346e-01
          7.51158353e+02          8.39110203e-01
          7.54149508e+02          8.45076562e-01
          7.57152575e+02          8.50723364e-01
          7.60167600e+02          8.56047654e-01
          7.63194631e+02          8.61046576e-01
          7.66233716e+02          8.65717385e-01
          7.69284902e+02          8.70057436e-01
          7.72348239e+02          8.74064195e-01
          7.75423774e+02          8.77735237e-01
          7.78511556e+02          8.81068247e-01
          7.81611633e+02          8.84061019e-01
          7.84724056e+02          8.86711464e-01
          7.87848872e+02          8.89017605e-01
          7.90986131e+02          8.90977581e-01
          7.94135883e+02          8.92589646e-01
          7.97298178e+02          8.93852176e-01
          8.00473065e+02          8.94763662e-01
          8.03660595e+02          8.95322718e-01
          8.06860817e+02          8.95528078e-01
          8.10073783e+02          8.95378600e-01
          8.13299543e+02          8.94873264e-01
          8.16538149e+02          8.94011176e-01
          8.19789650e+02          8.92791567e-01
          8.23054100e+02          8.91213797e-01
          8.26331548e+02          8.89277350e-01
          8.29622048e+02          8.86981843e-01
          8.32925651e+02          8.84327021e-01
          8.36242408e+02          8.81312758e-01
          8.39572373e+02          8.77939062e-01
          8.42915599e+02          8.74206073e-01
          8.46272137e+02          8.70114063e-01
          8.49642041e+02          8.65663441e-01
          8.53025364e+02          8.60854747e-01
          8.56422160e+02          8.55688659e-01
          8.59832482e+02          8.50165991e-01
          8.63256385e+02          8.44287695e-01
          8.66693921e+02          8.38054859e-01
          8.70145146e+02          8.31468710e-01
          8.73610114e+02          8.24530614e-01
          8.77088879e+02          8.17242077e-01
          8.80581498e+02          8.09604744e-01
          8.84088024e+02          8.01620403e-01
          8.87608513e+02          7.93290980e-01
          8.91143021e+02          7.84618544e-01
          8.94691603e+02          7.75605306e-01
          8.98254317e+02          7.66253620e-01
          9.01831217e+02          7.56565981e-01
          9.05422360e+02          7.46545029e-01
          9.09027804e+02          7.36193547e-01
          9.12647605e+02          7.25514460e-01
          9.16281820e+02          7.14510838e-01
          9.19930507e+02          7.03185895e-01
          9.23593723e+02          6.91542990e-01
          9.27271526e+02          6.79585625e-01
          9.30963974e+02          6.67317448e-01
          9.34671126e+02          6.54742249e-01
          9.38393040e+02          6.41863966e-01
          9.42129775e+02          6.28686679e-01
          9.45881390e+02          6.15214614e-01
          9.49647944e+02          6.01452141e-01
          9.53429496e+02          5.87403773e-01
          9.57226107e+02          5.73074171e-01
          9.61037836e+02          5.58468136e-01
          9.64864744e+02          5.43590616e-01
          9.68706891e+02          5.28446701e-01
          9.72564337e+02          5.13041626e-01
          9.76437144e+02          4.97380767e-01
          9.80325373e+02          4.81469645e-01
          9.84229084e+02          4.65313922e-01
          9.88148341e+02          4.48919404e-01
          9.92083204e+02          4.32292036e-01
          9.96033737e+02          4.15437907e-01
          1.00000000e+03          3.98363245e-01
